Orthogroup	AENJA_ok	Other
OG0000003	AENJA_15435	LYTVA_04875, LYTVA_10217
OG0000005	AENJA_12565	SCHMD09862, SCHMD04325
OG0000008	AENJA_21421, AENJA_04271	AMPFI_17189
OG0000008	AENJA_00959	DROME19967, DROME19966, DROME19965
OG0000016	AENJA_03282, AENJA_18791, AENJA_08816, AENJA_02864	BRALA33982
OG0000020	AENJA_11444	ASTMX22736
OG0000021	AENJA_10523	MOUSE44446
OG0000021	AENJA_13315, AENJA_06809, AENJA_17731, AENJA_05163	HELIO_09286
OG0000021	AENJA_13315, AENJA_06809, AENJA_17731, AENJA_05163	AMPFI_19616, AMPFI_08794, AMPFI_23196
OG0000021	AENJA_13315, AENJA_06809, AENJA_17731, AENJA_05163	APOSJ_00001
OG0000021	AENJA_13315, AENJA_06809, AENJA_17731, AENJA_05163	APOSC_23486, APOSC_20200
OG0000021	AENJA_13315, AENJA_06809, AENJA_17731, AENJA_05163	MOUSE44446
OG0000021	AENJA_13315, AENJA_06809, AENJA_17731, AENJA_05163	SCHMD09793, SCHMD07893
OG0000021	AENJA_13315, AENJA_06809, AENJA_17731, AENJA_05163	CAEEL00784, CAEEL15377
OG0000021	AENJA_13315, AENJA_06809, AENJA_17731, AENJA_05163	MOUSE44446
OG0000026	AENJA_10622	TCONS_00017322.p1
OG0000026	AENJA_10622	SACKO_23233
OG0000026	AENJA_10622	HUMAN07669, HUMAN21745
OG0000026	AENJA_10622	MOUSE12605
OG0000026	AENJA_10622	XENTR07244, XENTR03079
OG0000026	AENJA_10622	ORYLA09539
OG0000026	AENJA_10622	DANRE42258, DANRE07529
OG0000026	AENJA_10622	ASTMX12978
OG0000026	AENJA_10622	APOSJ_14352, APOSJ_14353
OG0000026	AENJA_10622	APOSC_13965
OG0000026	AENJA_10622	BRALA18399, BRALA07898, BRALA07900, BRALA07899, BRALA34641, BRALA22918
OG0000026	AENJA_10622	bflo_26853, bflo_07376
OG0000026	AENJA_10622	OFUSG26427.1.p1
OG0000026	AENJA_10622	APOSJ_61877, APOSJ_61922
OG0000026	AENJA_10622	AMPFI_12243, AMPFI_19577, AMPFI_24734, AMPFI_07664, AMPFI_25563, AMPFI_09392
OG0000026	AENJA_10622	APOSJ_61877, APOSJ_61922
OG0000026	AENJA_10622	AMPFI_12243, AMPFI_19577, AMPFI_24734, AMPFI_07664, AMPFI_25563, AMPFI_09392
OG0000026	AENJA_10129	OFUSG03608.1.p1, OFUSG03465.1.p1, OFUSG09167.1.p1, OFUSG15979.1.p1, OFUSG18705.1.p1, OFUSG16962.1.p1, OFUSG18029.1.p1
OG0000038	AENJA_26313	LYTVA_14520
OG0000047	AENJA_20068	BRALA14436
OG0000048	AENJA_21270	OFUSG11585.1.p1, OFUSG11583.1.p1
OG0000052	AENJA_25043, AENJA_26054, AENJA_00223	LYTVA_15866
OG0000052	AENJA_03349, AENJA_13979	LYTVA_01043
OG0000068	AENJA_02187, AENJA_15847, AENJA_18813, AENJA_15846, AENJA_08645, AENJA_17392, AENJA_01993, AENJA_10902	LYTVA_12287
OG0000089	AENJA_09728	APOSJ_11659, APOSJ_42252
OG0000089	AENJA_09728	AMPFI_24059
OG0000089	AENJA_01807	AMPFI_03609
OG0000094	AENJA_26553	ASTMX08392
OG0000094	AENJA_26553	MOUSE25209
OG0000094	AENJA_26553	HUMAN14814, HUMAN29867, HUMAN14812
OG0000098	AENJA_10136, AENJA_10137	XENTR18632
OG0000099	AENJA_00123	BRALA35493
OG0000099	AENJA_00123	HUMAN05424
OG0000099	AENJA_00123	SCHMD11735, SCHMD29475, SCHMD24883, SCHMD19972
OG0000099	AENJA_00123	ASTMX21430
OG0000099	AENJA_00123	DANRE19933
OG0000101	AENJA_06142	BRALA34771
OG0000101	AENJA_06142	TCONS_00000321.p1
OG0000124	AENJA_03116, AENJA_25792	DANRE08738
OG0000124	AENJA_03116, AENJA_25792	MOUSE45403
OG0000128	AENJA_21735	ASTMX18325
OG0000128	AENJA_21735	HUMAN21996
OG0000138	AENJA_16432	BRALA29104
OG0000162	AENJA_09371	XENTR12697, XENTR12696
OG0000162	AENJA_09371	MOUSE26307
OG0000185	AENJA_19885	APOSJ_00507
OG0000208	AENJA_06125	HUMAN11859
OG0000208	AENJA_16595	HUMAN11860
OG0000227	AENJA_15987, AENJA_15991	bflo_10496
OG0000227	AENJA_15987	OFUSG15888.1.p1
OG0000241	AENJA_22855, AENJA_24849	APOSJ_36030, APOSJ_36033, APOSJ_34568
OG0000260	AENJA_18084	MOUSE46801
OG0000306	AENJA_01416	STRPU_04180
OG0000309	AENJA_22214, AENJA_22215, AENJA_09002, AENJA_08385	HUMAN02856
OG0000309	AENJA_09002	MOUSE11293
OG0000309	AENJA_08385	MOUSE24979
OG0000340	AENJA_14243, AENJA_06778, AENJA_01246, AENJA_19241	APOSJ_15357
OG0000374	AENJA_24763	DANRE35506
OG0000374	AENJA_10989	OFUSG15949.1.p1
OG0000397	AENJA_26085	DANRE04701, DANRE19132, DANRE04702, DANRE19141, DANRE19136, DANRE19121, DANRE19122, DANRE04703, DANRE04741, DANRE19133, DANRE19130, DANRE19129, DANRE19134, DANRE04720
OG0000399	AENJA_11784, AENJA_23430, AENJA_13359, AENJA_24563, AENJA_03668	DANRE09642
OG0000399	AENJA_11784, AENJA_23430, AENJA_13359, AENJA_24563, AENJA_03668	MOUSE30468
OG0000403	AENJA_09961, AENJA_06241	HUMAN05389
OG0000403	AENJA_06241	MOUSE53959, MOUSE53961
OG0000403	AENJA_04017, AENJA_04018, AENJA_10837, AENJA_13145, AENJA_22049, AENJA_05868	XENTR17855
OG0000405	AENJA_21234	MOUSE10160
OG0000419	AENJA_25245, AENJA_25372, AENJA_25244	MOUSE23531
OG0000423	AENJA_21330, AENJA_26620	STRPU_12673
OG0000425	AENJA_24238	AMPFI_13246
OG0000425	AENJA_24238	STRPU_20952
OG0000436	AENJA_24307	MOUSE23254
OG0000442	AENJA_20819	BRALA33737
OG0000446	AENJA_15743	ASTMX14082
OG0000450	AENJA_10311	MOUSE46534
OG0000453	AENJA_23512, AENJA_19259	BRALA02456
OG0000456	AENJA_17109	BRALA33420, BRALA35405
OG0000471	AENJA_08857	HUMAN22681, HUMAN22684, HUMAN22683
OG0000474	AENJA_17737	APOSC_06438, APOSC_01743
OG0000480	AENJA_14480	ASTMX07171
OG0000501	AENJA_00530, AENJA_00529, AENJA_07419, AENJA_06738	SACKO_31636
OG0000501	AENJA_00530, AENJA_00529, AENJA_07419, AENJA_06738	BRALA21637
OG0000521	AENJA_00888	ASTMX16377
OG0000523	AENJA_01429	BRALA18475
OG0000524	AENJA_03124	MOUSE11129, MOUSE11143
OG0000560	AENJA_00930, AENJA_00927	DANRE40243, DANRE40242
OG0000568	AENJA_00234, AENJA_14560, AENJA_16990	APOSJ_51198
OG0000579	AENJA_20737	HUMAN02365
OG0000579	AENJA_20737	MOUSE02042
OG0000579	AENJA_20737	XENTR06804
OG0000579	AENJA_20737	ORYLA20327, ORYLA19001
OG0000579	AENJA_20737	DANRE25634, DANRE39934
OG0000579	AENJA_20737	SCHMD16027, SCHMD27820, SCHMD26175
OG0000591	AENJA_25061	ASTMX06564
OG0000591	AENJA_25061	HUMAN17607
OG0000591	AENJA_08329	ASTMX06091
OG0000597	AENJA_10748	APOSC_18654
OG0000608	AENJA_01735	MOUSE14207
OG0000611	AENJA_13627	OFUSG22889.2.p1, OFUSG22889.1.p1
OG0000628	AENJA_13648	ORYLA19646
OG0000635	AENJA_03389	STRPU_24923, STRPU_24924
OG0000635	AENJA_03389	STRPU_24923, STRPU_24924
OG0000635	AENJA_03389	DROME04651, DROME04649, DROME04652
OG0000635	AENJA_03389	HUMAN15837
OG0000635	AENJA_03389	MOUSE42730
OG0000635	AENJA_03389	XENTR02072, XENTR02107
OG0000635	AENJA_03389	OFUSG23741.1.p1, OFUSG23735.1.p1, OFUSG09557.1.p1, OFUSG09558.1.p1, OFUSG04843.1.p1, OFUSG01426.1.p1, OFUSG09659.1.p1
OG0000635	AENJA_03389	TCONS_00005140.p1, TCONS_00005141.p1, TCONS_00005139.p1
OG0000635	AENJA_03389	SACKO_29739, SACKO_14557
OG0000635	AENJA_03389	BRALA17024
OG0000670	AENJA_01881	HUMAN21595
OG0000670	AENJA_01881	SCHMD05669, SCHMD12381, SCHMD13315, SCHMD13316, SCHMD12100
OG0000718	AENJA_24056, AENJA_24052, AENJA_21088	ASTMX22450
OG0000750	AENJA_26108	XENTR08374
OG0000778	AENJA_05940	bflo_24104
OG0000787	AENJA_00390	HUMAN24286
OG0000810	AENJA_02925	LYTVA_14958
OG0000835	AENJA_17324	HUMAN19696
OG0000842	AENJA_00962	MOUSE39642
OG0000842	AENJA_00962	HUMAN28734
OG0000877	AENJA_09093	APOSJ_22156
OG0000877	AENJA_09093	LYTVA_26866, LYTVA_01909
OG0000894	AENJA_24655	SCHMD26280
OG0000942	AENJA_15626, AENJA_24314, AENJA_25006	LYTVA_19043, LYTVA_21137
OG0000945	AENJA_01600	CAEEL00537
OG0000945	AENJA_01600	SCHMD15214, SCHMD06612, SCHMD06319
OG0000945	AENJA_01600	OFUSG22805.2.p1, OFUSG22805.1.p1, OFUSG24268.1.p1
OG0000945	AENJA_01600	DROME10522
OG0000957	AENJA_17036	MOUSE13271, MOUSE01612
OG0000957	AENJA_17036	HUMAN29142
OG0000957	AENJA_17037	CAEEL00119
OG0000957	AENJA_17037	HUMAN29142
OG0000957	AENJA_17037	HUMAN29142
OG0000957	AENJA_17037	SCHMD18023
OG0000957	AENJA_17037	MOUSE13271
OG0000957	AENJA_17037	MOUSE13271
OG0000965	AENJA_05586, AENJA_05584	bflo_07554
OG0001042	AENJA_00375	ORYLA11092
OG0001045	AENJA_06741	BRALA33554
OG0001045	AENJA_06741	HELIO_10745
OG0001076	AENJA_01569	MOUSE36456
OG0001161	AENJA_03513	ASTMX22922
OG0001161	AENJA_03513	MOUSE11704
OG0001170	AENJA_14574	TCONS_00002128.p1
OG0001170	AENJA_14574	bflo_04525
OG0001230	AENJA_02087	MOUSE33958
OG0001288	AENJA_22039	TCONS_00029022.p1, TCONS_00036487.p1
OG0001294	AENJA_25092	ORYLA11435
OG0001294	AENJA_25092	DANRE05494
OG0001300	AENJA_00411	bflo_05339
OG0001304	AENJA_14579	HUMAN07988
OG0001306	AENJA_04590	bflo_25980
OG0001306	AENJA_04590	BRALA05038
OG0001306	AENJA_04590	XENTR00068
OG0001306	AENJA_04590	MOUSE33396, MOUSE33395, MOUSE33394, MOUSE33397
OG0001306	AENJA_04590	HUMAN01015, HUMAN01014
OG0001306	AENJA_04590	ORYLA06638, ORYLA13454
OG0001306	AENJA_04590	ASTMX15047, ASTMX12449
OG0001306	AENJA_04590	DANRE26353, DANRE26352, DANRE17686, DANRE17685, DANRE17684
OG0001306	AENJA_04590	NEMVE16218
OG0001306	AENJA_04590	AMPFI_04010
OG0001306	AENJA_04590	AMPFI_04010
OG0001306	AENJA_04590	CAEEL05042
OG0001306	AENJA_04590	SCHMD04516
OG0001312	AENJA_19595, AENJA_24384, AENJA_06846	DANRE33360, DANRE33361
OG0001316	AENJA_08714	DANRE06942
OG0001325	AENJA_18977	SCHMD05728
OG0001325	AENJA_18977	SACKO_27663
OG0001325	AENJA_18977	bflo_13293
OG0001325	AENJA_18977	ASTMX19331
OG0001325	AENJA_18977	MOUSE31666
OG0001325	AENJA_18977	HUMAN22703
OG0001329	AENJA_19033	DANRE16282
OG0001350	AENJA_05873	MOUSE33385
OG0001383	AENJA_25087	MOUSE27507
OG0001408	AENJA_10000	ASTMX18903
OG0001408	AENJA_10000	ORYLA08954
OG0001408	AENJA_10000	HUMAN01329
OG0001408	AENJA_10000	XENTR01315
OG0001408	AENJA_10000	MOUSE31266
OG0001408	AENJA_10000	DANRE24539
OG0001408	AENJA_10000	ASTMX19996
OG0001408	AENJA_10000	ASTMX19996
OG0001428	AENJA_18858	MOUSE04268
OG0001450	AENJA_12377	MOUSE54265
OG0001452	AENJA_05087	MOUSE30199, MOUSE44846, MOUSE44847
OG0001456	AENJA_07027	ASTMX18389
OG0001461	AENJA_09214	DANRE25864
OG0001503	AENJA_03755	MOUSE41773
OG0001505	AENJA_04619	APOSC_06533
OG0001505	AENJA_04619	ORYLA10202
OG0001507	AENJA_06136	MOUSE20175, MOUSE20176, MOUSE07523
OG0001515	AENJA_10215	HUMAN19954
OG0001596	AENJA_02913, AENJA_03897, AENJA_02915	MOUSE42095
OG0001615	AENJA_10716	MOUSE27062
OG0001620	AENJA_13924	HUMAN02053
OG0001633	AENJA_18234	DANRE38756
OG0001660	AENJA_04731	ASTMX08833, ASTMX08831
OG0001664	AENJA_22480	DANRE28710, DANRE28713, DANRE28709, DANRE28711, DANRE28712
OG0001664	AENJA_22480	MOUSE47904
OG0001673	AENJA_11329	XENTR14539
OG0001673	AENJA_11329	ASTMX10983
OG0001710	AENJA_01527	AMPFI_00172
OG0001710	AENJA_01527	AMPFI_00172
OG0001710	AENJA_01527	DANRE12478
OG0001710	AENJA_01527	SACKO_32793
OG0001724	AENJA_04715, AENJA_04714	LYTVA_06501, LYTVA_06496
OG0001778	AENJA_03170	TCONS_00019832.p1
OG0001779	AENJA_05068, AENJA_03226	SACKO_22394
OG0001789	AENJA_06214	ASTMX22705
OG0001810	AENJA_13786	MOUSE38995, MOUSE38993
OG0001852	AENJA_13282, AENJA_18334	HUMAN20900, HUMAN20899
OG0001852	AENJA_18334	DANRE43025
OG0001875	AENJA_16491	MOUSE31669
OG0001875	AENJA_16491	DANRE04850
OG0001896	AENJA_22934	ASTMX03109
OG0001941	AENJA_10713	MOUSE53037
OG0001943	AENJA_12411	XENTR02451
OG0001943	AENJA_12411	HUMAN18949
OG0001988	AENJA_00356	DANRE10195
OG0001988	AENJA_00356	HUMAN28138, HUMAN28140, HUMAN28139
OG0001992	AENJA_04726, AENJA_03071	SCHMD23667
OG0002011	AENJA_11419	APOSC_29016
OG0002031	AENJA_20118	MOUSE35281
OG0002031	AENJA_20118	DANRE10346
OG0002060	AENJA_02775	HUMAN08798
OG0002060	AENJA_02775	MOUSE07891
OG0002061	AENJA_02978	MOUSE48024, MOUSE48025
OG0002065	AENJA_16274	APOSJ_05621, APOSJ_30601
OG0002076	AENJA_09702	MOUSE02518
OG0002094	AENJA_21114	DANRE22168
OG0002138	AENJA_06936	HELIO_10373
OG0002141	AENJA_08191	ASTMX22344
OG0002151	AENJA_11515	ORYLA00735
OG0002160	AENJA_13922	APOSC_08854, APOSC_02505, APOSC_23874
OG0002169	AENJA_17912	BRALA33277
OG0002189	AENJA_23289	LYTVA_28734
OG0002192	AENJA_24752	HUMAN12371
OG0002223	AENJA_26635	BRALA06051
OG0002227	AENJA_02303	HUMAN28363
OG0002227	AENJA_02303	DANRE27372, DANRE27373, DANRE27374, DANRE27375, DANRE27376, DANRE38788
OG0002236	AENJA_04718	MOUSE21596
OG0002240	AENJA_05936	HUMAN21965
OG0002240	AENJA_05935	HUMAN21964
OG0002244	AENJA_11508	HUMAN30021
OG0002257	AENJA_23797	HUMAN16802
OG0002272	AENJA_18110	ASTMX06090
OG0002375	AENJA_25871	ASTMX22044
OG0002402	AENJA_03150	ASTMX22445
OG0002407	AENJA_04703	MOUSE11499
OG0002407	AENJA_04703	XENTR18256
OG0002416	AENJA_09369	AMPFI_00862
OG0002433	AENJA_14010	HUMAN13300
OG0002443	AENJA_19789	DANRE24994
OG0002443	AENJA_19789	AMPFI_15890
OG0002456	AENJA_26722	MOUSE53280
OG0002497	AENJA_04655	MOUSE18375
OG0002516	AENJA_22367	DANRE08131
OG0002516	AENJA_22367	MOUSE51263, MOUSE16768
OG0002553	AENJA_18919	ASTMX22208, ASTMX22207
OG0002568	AENJA_25923	HUMAN22293
OG0002590	AENJA_00515	LYTVA_05045
OG0002592	AENJA_00877	SACKO_33979
OG0002605	AENJA_04724	MOUSE31339
OG0002618	AENJA_26393	MOUSE38716
OG0002618	AENJA_26393	HUMAN26619
OG0002627	AENJA_09400	MOUSE27736
OG0002649	AENJA_19046	CAEEL18434
OG0002649	AENJA_19046	BRALA16332
OG0002649	AENJA_19046	bflo_08970
OG0002649	AENJA_19046	SCHMD13296, SCHMD12549
OG0002654	AENJA_17992	DANRE40237, DANRE40238, DANRE40239, DANRE40236
OG0002708	AENJA_01064	DROME16440
OG0002713	AENJA_24274, AENJA_24275, AENJA_02692	MOUSE45131
OG0002713	AENJA_24274, AENJA_24275	HUMAN05231, HUMAN05229
OG0002713	AENJA_02692	HUMAN05230
OG0002715	AENJA_02725	DANRE02874
OG0002718	AENJA_03576	MOUSE34798
OG0002738	AENJA_10302	HUMAN20112
OG0002749	AENJA_13469	NEMVE18522
OG0002749	AENJA_13469	CAPO305516
OG0002749	AENJA_13469	CAEEL04068
OG0002749	AENJA_13469	DROME05439
OG0002749	AENJA_13469	XENTR10274
OG0002749	AENJA_13469	ASTMX11896
OG0002749	AENJA_13469	ORYLA09355, ORYLA08642
OG0002749	AENJA_13469	DANRE16044
OG0002749	AENJA_13469	HUMAN29710, HUMAN29709, HUMAN23025, HUMAN22585
OG0002749	AENJA_13469	MOUSE54472, MOUSE54475, MOUSE54473, MOUSE54474, MOUSE19498, MOUSE36890
OG0002749	AENJA_13469	SCHMD29352
OG0002763	AENJA_17978	HUMAN12876
OG0002766	AENJA_18864	APOSJ_39716, APOSJ_58172, APOSJ_58171, APOSJ_39717, APOSJ_58170, APOSJ_39718
OG0002774	AENJA_20726	XENTR18198
OG0002812	AENJA_00075, AENJA_18658	ASTMX10334
OG0002812	AENJA_00075, AENJA_18658	SCHMD21779
OG0002812	AENJA_00075, AENJA_18658	HUMAN23547
OG0002812	AENJA_00075, AENJA_18658	CAEEL04925
OG0002874	AENJA_16110	HUMAN20546
OG0002874	AENJA_16110	ASTMX22419
OG0002892	AENJA_20418	DANRE19161
OG0002965	AENJA_03749	HELIO_08079
OG0003011	AENJA_14299	HUMAN10459
OG0003011	AENJA_14299	ORYLA00615
OG0003017	AENJA_15754	HUMAN14078, HUMAN14075
OG0003060	AENJA_24993	HUMAN14857
OG0003113	AENJA_02120	ORYLA10064
OG0003138	AENJA_05937	APOSJ_33075
OG0003206	AENJA_19671	MOUSE16899
OG0003258	AENJA_01707	OFUSG13654.2.p1, OFUSG13654.1.p1
OG0003258	AENJA_01707	BRALA26675
OG0003258	AENJA_01707	bflo_24354
OG0003258	AENJA_01707	XENTR09647
OG0003258	AENJA_01707	DANRE22153, DANRE22152
OG0003258	AENJA_01707	ASTMX11167
OG0003258	AENJA_01707	ORYLA13111
OG0003258	AENJA_01707	SCHMD22229
OG0003258	AENJA_01707	HUMAN18355
OG0003258	AENJA_01707	CAEEL04539
OG0003258	AENJA_01707	MOUSE22847
OG0003282	AENJA_08137	MOUSE19164, MOUSE19165
OG0003282	AENJA_08137	CAEEL04466
OG0003302	AENJA_11409	HUMAN24408
OG0003303	AENJA_23721	MOUSE24465
OG0003303	AENJA_11641	APOSC_00584
OG0003305	AENJA_11741	ASTMX07789
OG0003319	AENJA_13649	HUMAN19328
OG0003321	AENJA_14072	MOUSE28457
OG0003431	AENJA_19425	SCHMD16123, SCHMD22497, SCHMD25670, SCHMD27682, SCHMD20542, SCHMD20522
OG0003431	AENJA_19425	DROME13747
OG0003431	AENJA_19425	CAEEL20649
OG0003431	AENJA_19425	MOUSE23917
OG0003432	AENJA_02656	HUMAN13670
OG0003447	AENJA_03903	APOSJ_05681
OG0003447	AENJA_03903	AMPFI_22475
OG0003462	AENJA_20654	MOUSE50378
OG0003462	AENJA_20654	LYTVA_28602, LYTVA_22633
OG0003464	AENJA_10817, AENJA_05778	MOUSE38665, MOUSE38667
OG0003475	AENJA_08250	BRALA35136, BRALA12279
OG0003511	AENJA_15214	AMPFI_18153
OG0003520	AENJA_17161	HELIO_02766
OG0003523	AENJA_17997	HUMAN21873
OG0003533	AENJA_19980	AMPFI_02269
OG0003546	AENJA_21963	BRALA35137
OG0003546	AENJA_21963	STRPU_19646
OG0003626	AENJA_05658	MOUSE50482
OG0003654	AENJA_07431	ASTMX18753
OG0003683	AENJA_12950	MOUSE20048
OG0003697	AENJA_15049	HELIO_12072
OG0003697	AENJA_15049	STRPU_00014
OG0003721	AENJA_19137	DANRE11800
OG0003755	AENJA_24952	MOUSE04960
OG0003928	AENJA_20623	APOSJ_12613, APOSJ_12612
OG0004020	AENJA_17512	XENTR18787
OG0004020	AENJA_17512	MOUSE22764
OG0004034	AENJA_06781	BRALA08468
OG0004040	AENJA_07720	LYTVA_01753
OG0004070	AENJA_11512	DANRE15502, DANRE15500
OG0004070	AENJA_11512	ASTMX20983
OG0004120	AENJA_19470	APOSJ_24987
OG0004123	AENJA_19882	HUMAN05601
OG0004126	AENJA_20213	AMPFI_19897
OG0004146	AENJA_22878	MOUSE37809
OG0004150	AENJA_23752	ASTMX22642
OG0004150	AENJA_23752	MOUSE53097
OG0004220	AENJA_10199	ASTMX08970
OG0004220	AENJA_10199	HUMAN28630
OG0004220	AENJA_10199	XENTR19132
OG0004220	AENJA_10199	AMPFI_06135
OG0004220	AENJA_10199	APOSJ_55154, APOSJ_50842
OG0004220	AENJA_10199	SCHMD00816
OG0004220	AENJA_10199	DANRE19545
OG0004220	AENJA_10199	APOSJ_55154, APOSJ_50842
OG0004279	AENJA_07838, AENJA_17816	OFUSG26158.2.p1, OFUSG26158.1.p1
OG0004279	AENJA_07838, AENJA_17816	MOUSE32542, MOUSE32541, MOUSE32540
OG0004279	AENJA_07838, AENJA_17816	HUMAN28927
OG0004279	AENJA_07838, AENJA_17816	XENTR14989
OG0004279	AENJA_07838, AENJA_17816	ASTMX03344
OG0004279	AENJA_07838, AENJA_17816	DANRE34813
OG0004279	AENJA_07838, AENJA_17816	SCHMD09109
OG0004279	AENJA_07838, AENJA_17816	NEMVE18790
OG0004281	AENJA_07872	XENTR18517
OG0004281	AENJA_07872	bflo_09552
OG0004281	AENJA_07872	BRALA31689, BRALA31688
OG0004281	AENJA_07872	NEMVE01299
OG0004284	AENJA_07958	OFUSG19168.1.p1
OG0004308	AENJA_10896	ASTMX22955
OG0004351	AENJA_16867	TCONS_00052162.p1, TCONS_00052151.p1
OG0004358	AENJA_18673	ORYLA15910
OG0004358	AENJA_18673	ASTMX19968
OG0004358	AENJA_18673	DANRE41274, DANRE41273
OG0004358	AENJA_18673	XENTR11117
OG0004358	AENJA_18673	HUMAN20549
OG0004358	AENJA_18673	MOUSE40771, MOUSE40770
OG0004358	AENJA_18673	bflo_11539
OG0004358	AENJA_18673	BRALA15298
OG0004358	AENJA_18673	TCONS_00048777.p1, TCONS_00048787.p1
OG0004358	AENJA_18673	SACKO_23737
OG0004358	AENJA_18673	OFUSG05940.1.p1
OG0004358	AENJA_18673	NEMVE08331
OG0004358	AENJA_18673	AMPFI_19007
OG0004358	AENJA_18673	CAEEL10874
OG0004358	AENJA_18673	APOSC_02914
OG0004358	AENJA_18673	APOSJ_61183, APOSJ_61184
OG0004358	AENJA_18673	AMPFI_19007
OG0004358	AENJA_18673	DROME01539
OG0004375	AENJA_20974	MOUSE27750, MOUSE27753
OG0004485	AENJA_02522	DANRE13311
OG0004485	AENJA_02522	HUMAN05735
OG0004498	AENJA_04040	ASTMX11988
OG0004516	AENJA_06493	bflo_04748
OG0004534	AENJA_08393	AMPFI_00646
OG0004534	AENJA_08393	DANRE01101
OG0004559	AENJA_11902	MOUSE06489, MOUSE06490
OG0004559	AENJA_11902	HUMAN13596, HUMAN13595
OG0004564	AENJA_12531	CAEEL15096
OG0004564	AENJA_12531	HUMAN02718
OG0004569	AENJA_12953	bflo_19832
OG0004573	AENJA_13416	BRALA32832
OG0004573	AENJA_13416	MOUSE04827, MOUSE51637
OG0004600	AENJA_16453	MOUSE25947
OG0004637	AENJA_19514	HUMAN11592
OG0004649	AENJA_21530	ASTMX21812
OG0004688	AENJA_26638	MOUSE10857
OG0004728	AENJA_00010	DANRE39344
OG0004728	AENJA_00010	HUMAN11622
OG0004748	AENJA_02211	APOSJ_43496, APOSJ_43495, APOSJ_06318, APOSJ_62904, APOSJ_62906, APOSJ_62903, APOSJ_62905
OG0004748	AENJA_02211	APOSC_08268, APOSC_06622
OG0004748	AENJA_02211	LYTVA_15315
OG0004748	AENJA_02211	STRPU_26332
OG0004748	AENJA_02211	HELIO_03593
OG0004748	AENJA_02211	BRALA09674
OG0004748	AENJA_02211	bflo_01673
OG0004748	AENJA_02211	SACKO_32597
OG0004748	AENJA_02211	TCONS_00034486.p1
OG0004748	AENJA_02211	CAPO300851
OG0004748	AENJA_02211	HUMAN05638
OG0004748	AENJA_02211	MOUSE50892, MOUSE50893
OG0004748	AENJA_02211	DANRE19838
OG0004748	AENJA_02211	ASTMX17862
OG0004748	AENJA_02211	ORYLA04549
OG0004748	AENJA_02211	OFUSG08583.1.p1
OG0004748	AENJA_02211	NEMVE24482, NEMVE00840
OG0004751	AENJA_03078	MOUSE20253
OG0004754	AENJA_02418	LYTVA_09941
OG0004795	AENJA_06563	BRALA35226, BRALA35282
OG0004795	AENJA_06563	ASTMX05972
OG0004835	AENJA_10287	bflo_13560
OG0004849	AENJA_11321	HUMAN20143, HUMAN20137
OG0004865	AENJA_12376	BRALA32090
OG0004887	AENJA_14679	HUMAN00786
OG0004898	AENJA_15712	CAEEL09548
OG0004898	AENJA_15712	HUMAN05713
OG0004898	AENJA_15712	MOUSE50603, MOUSE50602
OG0004898	AENJA_15712	XENTR14341, XENTR18232
OG0004898	AENJA_15712	ASTMX22116
OG0004898	AENJA_15712	DANRE13333
OG0004898	AENJA_15712	ORYLA03730
OG0004898	AENJA_15712	SCHMD08642, SCHMD08952
OG0004900	AENJA_15868	MOUSE22525
OG0004903	AENJA_16438	bflo_05231
OG0004922	AENJA_18036	OFUSG09234.1.p1
OG0004922	AENJA_18036	bflo_05574
OG0004922	AENJA_18036	NEMVE25720, NEMVE22660
OG0004922	AENJA_18036	SACKO_12192
OG0004922	AENJA_18036	TCONS_00028189.p1
OG0004922	AENJA_18036	APOSC_01894
OG0004922	AENJA_18036	APOSJ_09058, APOSJ_02129, APOSJ_29653
OG0004922	AENJA_18036	LYTVA_07877
OG0004922	AENJA_18036	STRPU_26354
OG0004922	AENJA_18036	HELIO_01685
OG0004922	AENJA_18036	MOUSE13359
OG0004922	AENJA_18036	HUMAN01865
OG0004922	AENJA_18036	BRALA16616
OG0004923	AENJA_18139	LYTVA_13903
OG0004945	AENJA_22088	DANRE36352
OG0004945	AENJA_22088	ASTMX05496
OG0004945	AENJA_22088	XENTR12373
OG0004945	AENJA_22088	HUMAN01119, HUMAN01121, HUMAN01122
OG0004945	AENJA_22088	MOUSE33252, MOUSE33253, MOUSE33251, MOUSE33254
OG0004945	AENJA_22088	SCHMD22822
OG0004963	AENJA_23812	MOUSE37240
OG0005075	AENJA_02759	bflo_10876
OG0005107	AENJA_05759	AMPFI_08427
OG0005139	AENJA_09924	HELIO_08484
OG0005144	AENJA_10084	MOUSE31301, MOUSE31302, MOUSE31300
OG0005151	AENJA_18836	DANRE03017
OG0005179	AENJA_13683	MOUSE36304
OG0005206	AENJA_16375	HUMAN15090
OG0005261	AENJA_21820	AMPFI_08888
OG0005302	AENJA_26379	MOUSE51380
OG0005416	AENJA_05660	BRALA35059
OG0005434	AENJA_09460, AENJA_15763, AENJA_20812	bflo_14305
OG0005459	AENJA_08812	bflo_12126
OG0005459	AENJA_08812	STRPU_23360
OG0005479	AENJA_10855	HUMAN11180
OG0005494	AENJA_11688	APOSJ_12436, APOSJ_30242
OG0005494	AENJA_11688	ASTMX11292
OG0005551	AENJA_18682	DANRE03835
OG0005565	AENJA_19800	HUMAN12663
OG0005600	AENJA_23486	AMPFI_21973
OG0005613	AENJA_24898	MOUSE03014
OG0005691	AENJA_00374	DANRE25058
OG0005691	AENJA_00374	SCHMD28962
OG0005720	AENJA_02583	SCHMD22971
OG0005720	AENJA_02583	AMPFI_07237
OG0005720	AENJA_02583	DANRE04877, DANRE04878
OG0005720	AENJA_02583	ASTMX14797
OG0005720	AENJA_02583	MOUSE27884, MOUSE27887
OG0005720	AENJA_02583	BRALA34468
OG0005720	AENJA_02583	bflo_10236
OG0005729	AENJA_03373	SCHMD24968
OG0005738	AENJA_04092	HUMAN21605
OG0005763	AENJA_06347	HUMAN23715
OG0005812	AENJA_10119	ASTMX06754
OG0005813	AENJA_10290	OFUSG22102.2.p1, OFUSG22102.1.p1
OG0005838	AENJA_12196	STRPU_00058
OG0005853	AENJA_13254	LYTVA_13543
OG0005861	AENJA_13696	TCONS_00032729.p1
OG0005880	AENJA_15552	DANRE21271
OG0005929	AENJA_20893	DANRE28880
OG0006120	AENJA_04316	bflo_09539
OG0006126	AENJA_05396	HUMAN14606
OG0006222	AENJA_25258	AMPFI_10422
OG0006286	AENJA_19771	MOUSE35474
OG0006304	AENJA_22197, AENJA_21343	HUMAN08878
OG0006361	AENJA_25897	XENTR00507
OG0006444	AENJA_06188, AENJA_09945, AENJA_00061	LYTVA_02499
OG0006468	AENJA_01370	ORYLA19099
OG0006468	AENJA_01370	ASTMX13923
OG0006468	AENJA_01370	DANRE10143
OG0006468	AENJA_01370	MOUSE32105
OG0006468	AENJA_01370	HUMAN28005
OG0006468	AENJA_01370	XENTR05148
OG0006496	AENJA_03702	MOUSE23970
OG0006496	AENJA_03702	HUMAN02168
OG0006512	AENJA_05769, AENJA_05293	HUMAN20060
OG0006525	AENJA_06860	bflo_11570
OG0006525	AENJA_06860	DANRE39739
OG0006525	AENJA_06860	ORYLA16237
OG0006525	AENJA_06860	ASTMX04027
OG0006525	AENJA_06860	HUMAN28845
OG0006525	AENJA_06860	SACKO_26613
OG0006525	AENJA_06860	BRALA12796
OG0006525	AENJA_06860	MOUSE09825, MOUSE09824
OG0006525	AENJA_06860	SCHMD21904
OG0006533	AENJA_07742	SCHMD14559
OG0006623	AENJA_15760	HUMAN04365
OG0006666	AENJA_20282	MOUSE09373
OG0006680	AENJA_21658	MOUSE28338
OG0006686	AENJA_21966	bflo_17043
OG0006736	AENJA_26061	APOSC_27964
OG0006835	AENJA_00594	MOUSE45015
OG0006850	AENJA_01611, AENJA_09638	HUMAN22746
OG0006875	AENJA_03390	MOUSE51192
OG0006925	AENJA_07849	MOUSE27505
OG0006946	AENJA_08651	HUMAN29373, HUMAN29374
OG0006955	AENJA_09421	DANRE12440, DANRE12439, DANRE12441, DANRE12442
OG0006955	AENJA_09421	MOUSE35291, MOUSE35293
OG0006961	AENJA_14805, AENJA_09748	TCONS_00009618.p1, TCONS_00009615.p1, TCONS_00009613.p1
OG0006978	AENJA_11351	ORYLA17388
OG0006987	AENJA_12333	TCONS_00016667.p1
OG0007038	AENJA_16109	MOUSE31028
OG0007064	AENJA_18220	DANRE07305
OG0007134	AENJA_24826	HUMAN03575
OG0007249	AENJA_00124	AMPFI_17736
OG0007277	AENJA_03125, AENJA_24804	APOSJ_00797
OG0007296	AENJA_04461	MOUSE49539
OG0007308	AENJA_05754	DANRE14313
OG0007308	AENJA_05754	MOUSE11378
OG0007405	AENJA_15366	MOUSE14443
OG0007418	AENJA_16895	SACKO_04419
OG0007418	AENJA_16895	TCONS_00004974.p1
OG0007418	AENJA_16895	bflo_20034
OG0007418	AENJA_16895	ASTMX04419
OG0007418	AENJA_16895	DANRE08205, DANRE08204
OG0007418	AENJA_16895	ORYLA03744
OG0007418	AENJA_16895	BRALA07233
OG0007418	AENJA_16895	HUMAN13111
OG0007419	AENJA_16935	HUMAN12143
OG0007668	AENJA_10381	APOSJ_64552, APOSJ_50490
OG0007963	AENJA_06564, AENJA_24525	HUMAN00079
OG0008011	AENJA_13712	MOUSE52843
OG0008217	AENJA_03020	LYTVA_26320
OG0008259	AENJA_08568	HUMAN16698
OG0008363	AENJA_22641	HUMAN04961
OG0008536	AENJA_05136	OFUSG21391.1.p1
OG0008536	AENJA_05136	CAEEL08822
OG0008536	AENJA_05136	APOSC_00561
OG0008536	AENJA_05136	BRALA00357
OG0008575	AENJA_11846	MOUSE42013
OG0008619	AENJA_19147	MOUSE08137
OG0008822	AENJA_11337	APOSC_17501
OG0008901	AENJA_26637	MOUSE24830
OG0009100	AENJA_13017	APOSJ_46385
OG0009100	AENJA_13017	SACKO_04451
OG0009100	AENJA_13017	TCONS_00004996.p1
OG0009100	AENJA_13017	HELIO_07507
OG0009100	AENJA_13017	STRPU_15379
OG0009100	AENJA_13017	LYTVA_10925
OG0009100	AENJA_13017	AMPFI_06829
OG0009100	AENJA_13017	APOSJ_46385
OG0009100	AENJA_13017	BRALA05613
OG0009100	AENJA_13017	bflo_21085, bflo_24905
OG0009404	AENJA_24582	HUMAN25848
OG0009598	AENJA_10111	bflo_25244
OG0009598	AENJA_10111	BRALA05281
OG0009598	AENJA_10111	SACKO_25886
OG0009598	AENJA_10111	OFUSG23448.1.p1
OG0009645	AENJA_23425	TCONS_00044916.p1
OG0009645	AENJA_23425	SACKO_26963
OG0009645	AENJA_23425	bflo_06727
OG0009645	AENJA_23425	BRALA21281
