Orthogroup	APOSC_ok	Other
OG0000008	APOSC_25161	DROME19967, DROME19966, DROME19965
OG0000016	APOSC_19884	BRALA33982
OG0000020	APOSC_05461	ASTMX22736
OG0000021	APOSC_23486, APOSC_20200	MOUSE44446
OG0000021	APOSC_23486, APOSC_20200	AENJA_13315, AENJA_06809, AENJA_17731, AENJA_05163
OG0000025	APOSC_02742, APOSC_11466	AMPFI_02870
OG0000026	APOSC_13965	AENJA_10622
OG0000026	APOSC_13965	AMPFI_12243, AMPFI_19577, AMPFI_24734, AMPFI_07664, AMPFI_25563, AMPFI_09392
OG0000026	APOSC_14214	OFUSG03608.1.p1, OFUSG03465.1.p1, OFUSG09167.1.p1, OFUSG15979.1.p1, OFUSG18705.1.p1, OFUSG16962.1.p1, OFUSG18029.1.p1
OG0000038	APOSC_17001	LYTVA_14520
OG0000039	APOSC_22387	bflo_13135, bflo_00692
OG0000041	APOSC_00445	DANRE27216
OG0000067	APOSC_22825	SACKO_29221
OG0000068	APOSC_02568	LYTVA_12287
OG0000085	APOSC_26270	bflo_05617
OG0000094	APOSC_24152	DANRE40961
OG0000094	APOSC_24152	XENTR15146
OG0000094	APOSC_24152	OFUSG06104.1.p1
OG0000094	APOSC_24152	ASTMX08393
OG0000094	APOSC_24152	SCHMD18376, SCHMD14753
OG0000094	APOSC_24152	AMPFI_25694
OG0000094	APOSC_21896, APOSC_21895	ASTMX08392
OG0000094	APOSC_21896, APOSC_21895	MOUSE25209
OG0000094	APOSC_21896, APOSC_21895	HUMAN14814, HUMAN29867, HUMAN14812
OG0000095	APOSC_05033	NEMVE15802
OG0000095	APOSC_05033	SCHMD24112
OG0000098	APOSC_13174, APOSC_13175	XENTR18632
OG0000101	APOSC_23688	BRALA34771
OG0000101	APOSC_23688	TCONS_00000321.p1
OG0000124	APOSC_29022	DANRE08738
OG0000124	APOSC_29022	MOUSE45403
OG0000124	APOSC_24532	TCONS_00012573.p1
OG0000124	APOSC_24532	bflo_12150, bflo_12152, bflo_22917
OG0000124	APOSC_24532	NEMVE24720
OG0000124	APOSC_24532	OFUSG17860.1.p1
OG0000124	APOSC_24532	DROME08713, DROME09900
OG0000124	APOSC_24532	ORYLA16732
OG0000124	APOSC_24532	BRALA26544
OG0000124	APOSC_24532	DANRE43119
OG0000124	APOSC_24532	CAPO304324
OG0000124	APOSC_24532	SACKO_19309
OG0000124	APOSC_24532	AMPFI_07499, AMPFI_07500
OG0000138	APOSC_17311	BRALA29104
OG0000157	APOSC_02266	HUMAN14308
OG0000208	APOSC_02963	HUMAN11859
OG0000208	APOSC_28634	HUMAN11860
OG0000227	APOSC_05191, APOSC_01281, APOSC_13947	bflo_10496
OG0000227	APOSC_05191, APOSC_01281	OFUSG15888.1.p1
OG0000240	APOSC_07530	TCONS_00005653.p1
OG0000306	APOSC_12441, APOSC_12439	bflo_26863, bflo_07664
OG0000306	APOSC_12441	DANRE01566, DANRE33720, DANRE33719
OG0000306	APOSC_12441	ASTMX13715
OG0000306	APOSC_12441	ORYLA17215
OG0000306	APOSC_12441	ORYLA02312
OG0000306	APOSC_12441	ORYLA02312
OG0000306	APOSC_12441	AMPFI_01092
OG0000306	APOSC_12441	DANRE01564, DANRE39185
OG0000306	APOSC_12441	STRPU_00072
OG0000306	APOSC_12441	BRALA03883
OG0000306	APOSC_12441	MOUSE19585, MOUSE19586, MOUSE31468, MOUSE31467
OG0000306	APOSC_12441	DANRE01564, DANRE39185
OG0000306	APOSC_12441	STRPU_00072
OG0000306	APOSC_12441	TCONS_00030411.p1, TCONS_00031228.p1, TCONS_00031225.p1
OG0000306	APOSC_12441	CAEEL11447, CAEEL11444, CAEEL11445
OG0000306	APOSC_12441	SCHMD02490
OG0000306	APOSC_12439	NEMVE17887
OG0000306	APOSC_12439	SCHMD02963, SCHMD23914
OG0000309	APOSC_11709, APOSC_12572, APOSC_03120, APOSC_28024	HUMAN02856
OG0000320	APOSC_04676	BRALA12781, BRALA17040
OG0000326	APOSC_26060	BRALA08568
OG0000329	APOSC_01657, APOSC_01654, APOSC_01655, APOSC_01656	HUMAN12535
OG0000329	APOSC_11373, APOSC_11372, APOSC_11371, APOSC_11374	HUMAN06603
OG0000372	APOSC_25245	LYTVA_09258, LYTVA_10583
OG0000372	APOSC_25245	MOUSE31598
OG0000372	APOSC_25245	AMPFI_06343
OG0000372	APOSC_25245	BRALA15781
OG0000372	APOSC_25245	NEMVE18040
OG0000372	APOSC_25245	SCHMD16554, SCHMD19665
OG0000372	APOSC_25245	DANRE15256
OG0000374	APOSC_09620	DANRE35506
OG0000374	APOSC_21959	OFUSG15949.1.p1
OG0000397	APOSC_08278	DANRE04701, DANRE19132, DANRE04702, DANRE19141, DANRE19136, DANRE19121, DANRE19122, DANRE04703, DANRE04741, DANRE19133, DANRE19130, DANRE19129, DANRE19134, DANRE04720
OG0000399	APOSC_12699	DANRE09642
OG0000399	APOSC_12699	MOUSE30468
OG0000403	APOSC_16595, APOSC_10365	XENTR17855
OG0000405	APOSC_22532, APOSC_22533	MOUSE10160
OG0000419	APOSC_08566	MOUSE23531
OG0000427	APOSC_18019	XENTR06248
OG0000427	APOSC_18019	HUMAN21885
OG0000427	APOSC_18019	MOUSE15450, MOUSE15454, MOUSE15446, MOUSE15449, MOUSE15457, MOUSE15447, MOUSE15451, MOUSE15452, MOUSE15448
OG0000427	APOSC_18019	ASTMX04360, ASTMX10338
OG0000427	APOSC_18019	DANRE26773, DANRE26772
OG0000427	APOSC_18019	ORYLA06953, ORYLA03526
OG0000436	APOSC_07601, APOSC_07603, APOSC_07602, APOSC_07600	MOUSE23254
OG0000446	APOSC_26266	ASTMX14082
OG0000450	APOSC_13051	MOUSE46534
OG0000454	APOSC_04570	ORYLA14943
OG0000456	APOSC_21941	BRALA33420, BRALA35405
OG0000467	APOSC_08499	NEMVE14048
OG0000467	APOSC_08499	SCHMD17174, SCHMD20889, SCHMD15139, SCHMD03258, SCHMD22899, SCHMD16369
OG0000467	APOSC_08499	DANRE22610
OG0000467	APOSC_08499	HUMAN02440, HUMAN20851
OG0000467	APOSC_08499	MOUSE55117, MOUSE23401
OG0000471	APOSC_28784	HUMAN22681, HUMAN22684, HUMAN22683
OG0000474	APOSC_06438, APOSC_01743	STRPU_23394
OG0000474	APOSC_06438, APOSC_01743	HELIO_10673
OG0000474	APOSC_06438, APOSC_01743	TCONS_00019156.p1
OG0000474	APOSC_06438, APOSC_01743	SACKO_26694
OG0000474	APOSC_06438, APOSC_01743	AENJA_17737
OG0000474	APOSC_06438, APOSC_01743	XENTR17592
OG0000474	APOSC_06438, APOSC_01743	HUMAN18157
OG0000474	APOSC_06438, APOSC_01743	MOUSE22409, MOUSE22410, MOUSE22411, MOUSE22408
OG0000474	APOSC_06438	DANRE15391, DANRE15390, DANRE15392
OG0000474	APOSC_06438	ORYLA08620
OG0000474	APOSC_01743	ASTMX17013
OG0000501	APOSC_18174, APOSC_10072, APOSC_10071, APOSC_10070	SACKO_31636
OG0000521	APOSC_09518	ASTMX16377
OG0000524	APOSC_03189, APOSC_03192, APOSC_03190, APOSC_03187	MOUSE11129, MOUSE11143
OG0000527	APOSC_09343	MOUSE25384
OG0000527	APOSC_02938	DANRE28028
OG0000545	APOSC_27316	MOUSE43194
OG0000560	APOSC_22346	DANRE40243, DANRE40242
OG0000582	APOSC_19006	AMPFI_03684
OG0000591	APOSC_29125, APOSC_25553	ASTMX06564
OG0000591	APOSC_29125, APOSC_25553	HUMAN17607
OG0000597	APOSC_18654	AENJA_10748
OG0000597	APOSC_18654	CAEEL08741
OG0000597	APOSC_18654	OFUSG24146.1.p1, OFUSG24148.1.p1
OG0000597	APOSC_18654	SCHMD00271
OG0000597	APOSC_18654	DROME04131, DROME04129, DROME04130
OG0000597	APOSC_18654	BRALA07224
OG0000597	APOSC_18654	bflo_20762, bflo_20033
OG0000597	APOSC_18654	ORYLA04005
OG0000597	APOSC_18654	MOUSE04601, MOUSE04603, MOUSE04605, MOUSE04604
OG0000597	APOSC_18654	HUMAN12318
OG0000597	APOSC_18654	ASTMX18806
OG0000597	APOSC_18654	XENTR17671, XENTR17670, XENTR19170
OG0000608	APOSC_28336, APOSC_00407	MOUSE14207
OG0000611	APOSC_21101	OFUSG22889.2.p1, OFUSG22889.1.p1
OG0000634	APOSC_15603, APOSC_28004, APOSC_28003, APOSC_15604, APOSC_15606, APOSC_12030, APOSC_15602, APOSC_15605, APOSC_05420	AMPFI_00141
OG0000636	APOSC_03996	MOUSE35989, MOUSE35990, MOUSE35986, MOUSE35987, MOUSE35980, MOUSE35985, MOUSE35979, MOUSE35984, MOUSE35991, MOUSE35982, MOUSE35983, MOUSE35981, MOUSE19615, MOUSE21409, MOUSE21405, MOUSE21413, MOUSE21412, MOUSE21406, MOUSE21410, MOUSE21402, MOUSE21407, MOUSE21403, MOUSE21408, MOUSE21404, MOUSE21411, MOUSE21415, MOUSE21414
OG0000636	APOSC_03996	HUMAN22182, HUMAN24046, HUMAN03669, HUMAN24047
OG0000636	APOSC_03996	XENTR11087, XENTR12476
OG0000636	APOSC_03996	DANRE03730, DANRE03729, DANRE07041, DANRE07045, DANRE07042, DANRE07043, DANRE07044, DANRE07046, DANRE05815, DANRE05816, DANRE05814, DANRE03924, DANRE03926, DANRE03923
OG0000636	APOSC_03996	ORYLA19416, ORYLA01336, ORYLA03947, ORYLA03948, ORYLA05255, ORYLA07991
OG0000636	APOSC_03996	ASTMX16568, ASTMX15211, ASTMX02467, ASTMX01529, ASTMX19165, ASTMX14950
OG0000636	APOSC_03996	OFUSG19283.1.p1
OG0000636	APOSC_03996	SCHMD23842, SCHMD07652, SCHMD03198
OG0000676	APOSC_24592	ASTMX03141
OG0000690	APOSC_06077	DANRE06379
OG0000690	APOSC_06077	MOUSE19350
OG0000690	APOSC_06077	HUMAN23985
OG0000690	APOSC_06077	XENTR13758
OG0000690	APOSC_06077	ORYLA01395
OG0000690	APOSC_06077	ASTMX22294
OG0000707	APOSC_10132	DANRE29542, DANRE29543
OG0000718	APOSC_06058	ASTMX22450
OG0000718	APOSC_09944	bflo_19048
OG0000718	APOSC_09944	BRALA29518
OG0000718	APOSC_09944	ASTMX22450
OG0000718	APOSC_09944	ASTMX22450
OG0000718	APOSC_09944	SCHMD24218
OG0000750	APOSC_27901	XENTR08374
OG0000778	APOSC_26535	bflo_24104
OG0000787	APOSC_24396	HUMAN24286
OG0000798	APOSC_20554	ASTMX11679
OG0000835	APOSC_04775, APOSC_05126, APOSC_22110	HUMAN19696
OG0000842	APOSC_09796	MOUSE39642
OG0000842	APOSC_09796	HUMAN28734
OG0000875	APOSC_05938	MOUSE22325, MOUSE22324
OG0000875	APOSC_10816	SCHMD17655, SCHMD18552, SCHMD00030, SCHMD10336
OG0000875	APOSC_10816	MOUSE22325, MOUSE22324
OG0000875	APOSC_10816	NEMVE14079
OG0000875	APOSC_10816	ASTMX15020
OG0000875	APOSC_10816	MOUSE22325, MOUSE22324
OG0000894	APOSC_05906, APOSC_06317	SCHMD26280
OG0000957	APOSC_18814	MOUSE13271, MOUSE01612
OG0000957	APOSC_18814	HUMAN29142
OG0000965	APOSC_23312, APOSC_23311	bflo_07554
OG0001042	APOSC_11804, APOSC_11802, APOSC_11803	ORYLA11092
OG0001076	APOSC_12173	MOUSE36456
OG0001091	APOSC_06445	MOUSE26426
OG0001102	APOSC_08185	bflo_15231
OG0001161	APOSC_06253	ASTMX22922
OG0001161	APOSC_06253	MOUSE11704
OG0001170	APOSC_23119, APOSC_09798, APOSC_25465	TCONS_00002128.p1
OG0001170	APOSC_23119, APOSC_09798, APOSC_25465	bflo_04525
OG0001216	APOSC_27402	HUMAN05988
OG0001216	APOSC_27402	ORYLA07420
OG0001216	APOSC_27402	ASTMX20220
OG0001216	APOSC_27402	MOUSE04150
OG0001279	APOSC_10702	bflo_08526
OG0001279	APOSC_10702	BRALA24710
OG0001279	APOSC_10702	XENTR11976
OG0001279	APOSC_10702	DANRE13251, DANRE13250, DANRE00031, DANRE00032
OG0001279	APOSC_10702	ASTMX06329
OG0001279	APOSC_10702	ORYLA04097, ORYLA03712
OG0001279	APOSC_10702	HUMAN15552, HUMAN15549
OG0001279	APOSC_10702	MOUSE43221, MOUSE43228, MOUSE43223, MOUSE43226, MOUSE43225, MOUSE08244, MOUSE08245, MOUSE43227, MOUSE43224, MOUSE43222
OG0001279	APOSC_10702	NEMVE06730
OG0001288	APOSC_05127	TCONS_00029022.p1, TCONS_00036487.p1
OG0001294	APOSC_15979, APOSC_15980, APOSC_15981	ORYLA11435
OG0001294	APOSC_15979, APOSC_15980, APOSC_15981	DANRE05494
OG0001300	APOSC_24410	bflo_05339
OG0001300	APOSC_24410	LYTVA_05607
OG0001312	APOSC_18881	DANRE33360, DANRE33361
OG0001331	APOSC_17937	BRALA34734
OG0001350	APOSC_01928	DROME20607
OG0001350	APOSC_01928	CAPO307484
OG0001350	APOSC_01928	HUMAN18742
OG0001350	APOSC_01928	MOUSE28075
OG0001350	APOSC_01928	LYTVA_25134
OG0001350	APOSC_01928	SCHMD10618
OG0001428	APOSC_06360, APOSC_19650, APOSC_18933	MOUSE04268
OG0001434	APOSC_12550	XENTR14258
OG0001436	APOSC_05330, APOSC_05328, APOSC_05329	MOUSE32581
OG0001452	APOSC_06149	MOUSE30199, MOUSE44846, MOUSE44847
OG0001456	APOSC_10360, APOSC_00503	ASTMX18389
OG0001502	APOSC_05753, APOSC_21241	ASTMX07826
OG0001503	APOSC_29093	MOUSE41773
OG0001505	APOSC_21083	ORYLA10202
OG0001505	APOSC_06533	ORYLA10202
OG0001505	APOSC_06533	AENJA_04619
OG0001505	APOSC_06533	ORYLA10202
OG0001505	APOSC_06533	AMPFI_04877
OG0001507	APOSC_20414	MOUSE20175, MOUSE20176, MOUSE07523
OG0001515	APOSC_23285	HUMAN19954
OG0001527	APOSC_26650	MOUSE04312
OG0001538	APOSC_24317	SCHMD03674
OG0001538	APOSC_24317	SACKO_28388, SACKO_28412
OG0001538	APOSC_24317	BRALA19183
OG0001538	APOSC_24317	AMPFI_06922
OG0001555	APOSC_16440, APOSC_01345	TCONS_00046603.p1, TCONS_00046601.p1, TCONS_00046602.p1
OG0001557	APOSC_03713	CAEEL09005
OG0001557	APOSC_03713	bflo_10504
OG0001557	APOSC_03713	BRALA07630
OG0001557	APOSC_03713	TCONS_00023130.p1
OG0001557	APOSC_03713	SACKO_08809
OG0001557	APOSC_03713	OFUSG07059.1.p1
OG0001557	APOSC_03713	MOUSE27258
OG0001557	APOSC_03713	HUMAN04310
OG0001557	APOSC_03713	XENTR11819
OG0001557	APOSC_03713	ASTMX20060
OG0001557	APOSC_03713	DANRE37687, DANRE37688
OG0001557	APOSC_03713	ORYLA12490
OG0001615	APOSC_22981, APOSC_22982	MOUSE27062
OG0001620	APOSC_25992	HUMAN02053
OG0001630	APOSC_00297	CAEEL05563
OG0001630	APOSC_00297	SCHMD04044, SCHMD04169, SCHMD01052
OG0001630	APOSC_00297	DROME10692
OG0001630	APOSC_00297	BRALA29673
OG0001633	APOSC_23714, APOSC_22234, APOSC_12879	DANRE38756
OG0001660	APOSC_25851	ASTMX08833, ASTMX08831
OG0001673	APOSC_21746	XENTR14539
OG0001673	APOSC_21746	ASTMX10983
OG0001718	APOSC_06428	DANRE11963
OG0001718	APOSC_06428	ASTMX19689
OG0001778	APOSC_15463, APOSC_15462	TCONS_00019832.p1
OG0001778	APOSC_15463, APOSC_15462	MOUSE12293
OG0001785	APOSC_05920	DANRE42337
OG0001789	APOSC_28424, APOSC_28423	ASTMX22705
OG0001818	APOSC_28600, APOSC_28602, APOSC_18594	MOUSE18124
OG0001852	APOSC_08845	HUMAN20900, HUMAN20899
OG0001852	APOSC_08845	DANRE43025
OG0001896	APOSC_29153	ASTMX03109
OG0001922	APOSC_17562	BRALA02392, BRALA12207
OG0001943	APOSC_02483	XENTR02451
OG0001943	APOSC_02483	HUMAN18949
OG0001944	APOSC_02088	XENTR13879, XENTR13878
OG0001944	APOSC_02088	ASTMX02482, ASTMX10544
OG0001944	APOSC_02088	DANRE05548, DANRE05550, DANRE05549, DANRE21872, DANRE21874, DANRE21873
OG0001944	APOSC_02088	ORYLA05202
OG0001944	APOSC_02088	HUMAN18721
OG0001944	APOSC_02088	MOUSE28051, MOUSE28050
OG0001951	APOSC_14703	SACKO_09715
OG0001988	APOSC_25583, APOSC_25582	DANRE10195
OG0001988	APOSC_25583, APOSC_25582	HUMAN28138, HUMAN28140, HUMAN28139
OG0001992	APOSC_16707	SCHMD23667
OG0002006	APOSC_27992	MOUSE05504
OG0002011	APOSC_29016	SACKO_00275
OG0002011	APOSC_29016	TCONS_00008082.p1
OG0002011	APOSC_29016	AENJA_11419
OG0002011	APOSC_29016	SCHMD13609, SCHMD07842
OG0002013	APOSC_00249	AMPFI_00191
OG0002031	APOSC_24523	MOUSE35281
OG0002031	APOSC_24523	DANRE10346
OG0002060	APOSC_01592	HUMAN08798
OG0002060	APOSC_01592	MOUSE07891
OG0002061	APOSC_19481	MOUSE48024, MOUSE48025
OG0002076	APOSC_18963, APOSC_18964	MOUSE02518
OG0002094	APOSC_18728	DANRE22168
OG0002141	APOSC_00470	ASTMX22344
OG0002151	APOSC_25685	ORYLA00735
OG0002160	APOSC_02113	SCHMD03531, SCHMD05686
OG0002160	APOSC_02113	CAEEL05075
OG0002160	APOSC_02113	MOUSE54347
OG0002160	APOSC_02113	HUMAN30547, HUMAN30546
OG0002160	APOSC_08854, APOSC_02505, APOSC_23874, APOSC_04273	MOUSE54346
OG0002160	APOSC_08854, APOSC_02505, APOSC_23874	DANRE22821
OG0002160	APOSC_08854, APOSC_02505, APOSC_23874	AENJA_13922
OG0002160	APOSC_02505	HUMAN30548
OG0002160	APOSC_02505	ORYLA15473
OG0002160	APOSC_02505	SCHMD13784, SCHMD24695, SCHMD12476, SCHMD27951, SCHMD03338
OG0002160	APOSC_23874	HUMAN30549, HUMAN30550
OG0002160	APOSC_04273	DANRE22820
OG0002160	APOSC_04273	ASTMX06371
OG0002169	APOSC_17032	BRALA33277
OG0002192	APOSC_27419	HUMAN12371
OG0002223	APOSC_03804	bflo_03567
OG0002223	APOSC_03804	BRALA02219
OG0002223	APOSC_03804	bflo_22378
OG0002223	APOSC_03804	bflo_22378
OG0002223	APOSC_03804	HUMAN02422
OG0002223	APOSC_03804	MOUSE23434, MOUSE02308
OG0002236	APOSC_15629	MOUSE21596
OG0002240	APOSC_27129	HUMAN21965, HUMAN21964
OG0002261	APOSC_01376	CAEEL09054
OG0002261	APOSC_01376	NEMVE22484
OG0002261	APOSC_01376	CAPO303559
OG0002261	APOSC_01376	TCONS_00013936.p1
OG0002261	APOSC_01376	SACKO_16053
OG0002261	APOSC_01376	OFUSG10665.1.p1
OG0002261	APOSC_01376	bflo_23458
OG0002261	APOSC_01376	BRALA34119, BRALA35135
OG0002261	APOSC_01376	SCHMD15654, SCHMD22485
OG0002261	APOSC_01376	ORYLA00563, ORYLA17198, ORYLA00564
OG0002261	APOSC_01376	XENTR12712, XENTR18200, XENTR12711
OG0002261	APOSC_01376	ASTMX04970, ASTMX16399, ASTMX04971
OG0002261	APOSC_01376	DANRE30021, DANRE29869, DANRE29868, DANRE30020
OG0002261	APOSC_01376	HUMAN26610, HUMAN26609
OG0002261	APOSC_01376	MOUSE38705, MOUSE38702, MOUSE38703, MOUSE38700, MOUSE38701, MOUSE38699
OG0002261	APOSC_01376	AMPFI_00774
OG0002261	APOSC_01376	AMPFI_00774
OG0002272	APOSC_09837	ASTMX06090
OG0002319	APOSC_18537	NEMVE14710
OG0002319	APOSC_18537	bflo_21275
OG0002319	APOSC_18537	BRALA14241
OG0002319	APOSC_18537	DANRE01930, DANRE01931, DANRE01932
OG0002319	APOSC_18537	ASTMX18446
OG0002319	APOSC_18537	HUMAN21817
OG0002319	APOSC_18537	MOUSE29415, MOUSE29414, MOUSE29413
OG0002319	APOSC_18537	SCHMD04979
OG0002320	APOSC_20916	MOUSE50960
OG0002375	APOSC_01864, APOSC_19578	ASTMX22044
OG0002402	APOSC_09555	ASTMX22445
OG0002406	APOSC_03558	SACKO_33790
OG0002407	APOSC_09967, APOSC_09969, APOSC_09968	MOUSE11499
OG0002407	APOSC_09967, APOSC_09969	XENTR18256
OG0002422	APOSC_11565	DANRE07168, DANRE07169, DANRE07170, DANRE07166
OG0002422	APOSC_11565	ASTMX04519
OG0002422	APOSC_11565	ORYLA00987
OG0002422	APOSC_11565	MOUSE54864, MOUSE54865, MOUSE54866, MOUSE54863, MOUSE54862, MOUSE54861, MOUSE20863
OG0002422	APOSC_11565	XENTR12603
OG0002422	APOSC_11565	HUMAN30114, HUMAN03138
OG0002433	APOSC_26929	HUMAN13300
OG0002447	APOSC_21796	NEMVE08970
OG0002447	APOSC_21796	MOUSE44489
OG0002447	APOSC_21796	ASTMX06034
OG0002447	APOSC_21796	DANRE36512
OG0002447	APOSC_21796	AMPFI_10657
OG0002497	APOSC_12496	MOUSE18375
OG0002500	APOSC_26581	SCHMD27186, SCHMD17843, SCHMD20787, SCHMD09150
OG0002520	APOSC_09886	SACKO_06589
OG0002520	APOSC_09886	TCONS_00031059.p1
OG0002520	APOSC_09886	BRALA06803
OG0002520	APOSC_09886	bflo_07063
OG0002520	APOSC_09886	OFUSG10725.1.p1
OG0002520	APOSC_09886	HUMAN24111
OG0002520	APOSC_09886	MOUSE03593
OG0002520	APOSC_09886	XENTR16161
OG0002520	APOSC_09886	ORYLA01513
OG0002520	APOSC_09886	ASTMX04728
OG0002520	APOSC_09886	DANRE06700, DANRE06697, DANRE06696, DANRE06699, DANRE06698
OG0002542	APOSC_13581	SCHMD06905, SCHMD04420
OG0002542	APOSC_13581	MOUSE05302, MOUSE02385
OG0002542	APOSC_13581	HUMAN12501, HUMAN06676
OG0002542	APOSC_13581	XENTR13960, XENTR03763
OG0002542	APOSC_13581	DANRE23453
OG0002542	APOSC_13581	ORYLA16196
OG0002553	APOSC_15295	ASTMX22208, ASTMX22207
OG0002592	APOSC_25420	SACKO_33979
OG0002654	APOSC_12668	DANRE40237, DANRE40238, DANRE40239, DANRE40236
OG0002664	APOSC_27018	MOUSE33028, MOUSE33029, MOUSE33030
OG0002705	APOSC_27917	DANRE01893, DANRE01894
OG0002705	APOSC_27917	MOUSE10470
OG0002708	APOSC_09889	DROME16440
OG0002720	APOSC_25207, APOSC_01930, APOSC_01574	SCHMD27297
OG0002746	APOSC_13976	XENTR12491
OG0002746	APOSC_13976	HUMAN15625
OG0002746	APOSC_13976	MOUSE43039, MOUSE43036, MOUSE43038, MOUSE43037, MOUSE43034
OG0002746	APOSC_13976	ASTMX14540
OG0002746	APOSC_13976	DANRE09673, DANRE09674
OG0002746	APOSC_13976	ORYLA05943
OG0002751	APOSC_25172, APOSC_25173, APOSC_01746	HELIO_10298
OG0002763	APOSC_25811	HUMAN12876
OG0002780	APOSC_04352, APOSC_04353	ASTMX12328
OG0002848	APOSC_14969	MOUSE09198
OG0002873	APOSC_00132	STRPU_08690
OG0002874	APOSC_24836, APOSC_24837, APOSC_24835	HUMAN20546
OG0002874	APOSC_24836, APOSC_24837, APOSC_24835	ASTMX22419
OG0002965	APOSC_12121	HELIO_08079
OG0002977	APOSC_12506	AMPFI_18550
OG0002989	APOSC_03729, APOSC_03730	MOUSE11229
OG0002989	APOSC_03729, APOSC_03730	ASTMX22597
OG0002989	APOSC_03729, APOSC_03730	ORYLA14532, ORYLA14531
OG0002989	APOSC_03729, APOSC_03730	LYTVA_10772
OG0003006	APOSC_03888	SACKO_09983
OG0003006	APOSC_03888	HUMAN10235
OG0003006	APOSC_03888	DANRE24721
OG0003006	APOSC_03888	ASTMX15978, ASTMX15977
OG0003006	APOSC_03888	MOUSE17054
OG0003011	APOSC_22014	HUMAN10459
OG0003011	APOSC_22014	ORYLA00615
OG0003017	APOSC_03453	HUMAN14078, HUMAN14075
OG0003040	APOSC_00535	XENTR18563
OG0003040	APOSC_00535	ASTMX06981
OG0003040	APOSC_00535	DANRE37975
OG0003040	APOSC_00535	ORYLA07281, ORYLA07280
OG0003060	APOSC_27498, APOSC_27497	HUMAN14857
OG0003114	APOSC_12830	ORYLA07363
OG0003114	APOSC_12830	MOUSE20064
OG0003114	APOSC_12830	SCHMD14023
OG0003114	APOSC_12830	DANRE39250
OG0003114	APOSC_12830	HUMAN04985
OG0003114	APOSC_12830	XENTR18657
OG0003114	APOSC_12830	NEMVE12974, NEMVE03951
OG0003118	APOSC_13717	DROME11873, DROME11872
OG0003118	APOSC_13717	DANRE23397, DANRE42064, DANRE21364, DANRE21362, DANRE21363
OG0003118	APOSC_13717	ASTMX17621, ASTMX15584, ASTMX10419
OG0003118	APOSC_13717	ORYLA16184, ORYLA10022, ORYLA08702
OG0003118	APOSC_13717	XENTR06207, XENTR15713
OG0003118	APOSC_13717	HUMAN06305, HUMAN17674, HUMAN17675
OG0003118	APOSC_13717	MOUSE14611, MOUSE14610, MOUSE23354, MOUSE23355
OG0003118	APOSC_13717	CAEEL08193, CAEEL08192
OG0003188	APOSC_27314	MOUSE51365, MOUSE10624, MOUSE10623, MOUSE51364, MOUSE51366
OG0003188	APOSC_27314	HUMAN09855, HUMAN23332
OG0003188	APOSC_27314	XENTR05320, XENTR02763
OG0003188	APOSC_27314	ASTMX05144, ASTMX18728, ASTMX06943
OG0003188	APOSC_27314	DANRE25991, DANRE38344, DANRE34574
OG0003188	APOSC_27314	ORYLA12586, ORYLA14947
OG0003188	APOSC_27314	SCHMD17520
OG0003225	APOSC_07724	XENTR02604
OG0003225	APOSC_07724	DANRE00960
OG0003225	APOSC_07724	ASTMX22401
OG0003225	APOSC_07724	ORYLA19235
OG0003234	APOSC_16222	LYTVA_29645, LYTVA_00303, LYTVA_07989, LYTVA_16996, LYTVA_07481, LYTVA_24015, LYTVA_15403, LYTVA_05454, LYTVA_17107, LYTVA_02073, LYTVA_12901, LYTVA_07700, LYTVA_28681, LYTVA_29461, LYTVA_29992, LYTVA_09022, LYTVA_12924, LYTVA_18391
OG0003252	APOSC_22505	SCHMD29319
OG0003252	APOSC_22505	LYTVA_18274
OG0003252	APOSC_22505	CAEEL14287
OG0003252	APOSC_22505	AMPFI_08251
OG0003267	APOSC_05198	XENTR06701
OG0003267	APOSC_05198	MOUSE20876
OG0003267	APOSC_05198	HUMAN03394
OG0003267	APOSC_05198	ORYLA19756
OG0003267	APOSC_05198	DANRE03537
OG0003267	APOSC_05198	ASTMX07667
OG0003296	APOSC_07542	OFUSG22700.1.p1
OG0003296	APOSC_07542	AMPFI_24005
OG0003296	APOSC_07542	SACKO_04472
OG0003296	APOSC_07542	TCONS_00006223.p1
OG0003296	APOSC_07542	NEMVE22460
OG0003296	APOSC_07542	bflo_21081
OG0003296	APOSC_07542	BRALA07237
OG0003296	APOSC_07542	ASTMX13206
OG0003296	APOSC_07542	DANRE00126, DANRE33544
OG0003296	APOSC_07542	XENTR00824
OG0003296	APOSC_07542	HUMAN19789
OG0003296	APOSC_07542	ORYLA18095
OG0003296	APOSC_07542	MOUSE15224
OG0003303	APOSC_18665	MOUSE24465
OG0003303	APOSC_00584	BRALA31282
OG0003303	APOSC_00584	ASTMX20298
OG0003303	APOSC_00584	NEMVE04361
OG0003303	APOSC_00584	AMPFI_03102
OG0003303	APOSC_00584	MOUSE24466
OG0003303	APOSC_00584	DANRE28350
OG0003303	APOSC_00584	AENJA_11641
OG0003319	APOSC_26103	HUMAN19328
OG0003328	APOSC_07445	ASTMX10051
OG0003365	APOSC_14128	MOUSE35392
OG0003375	APOSC_16084	DANRE39521, DANRE39522
OG0003375	APOSC_16084	ASTMX13635
OG0003375	APOSC_16084	XENTR00570
OG0003375	APOSC_16084	MOUSE19488
OG0003375	APOSC_16084	HUMAN23698
OG0003375	APOSC_16084	ORYLA17409
OG0003375	APOSC_16084	TCONS_00029032.p1
OG0003375	APOSC_16084	SCHMD08102
OG0003375	APOSC_16084	CAEEL04860
OG0003375	APOSC_16084	TCONS_00029032.p1
OG0003375	APOSC_16084	XENTR18878
OG0003375	APOSC_16084	XENTR18878
OG0003388	APOSC_17998	AMPFI_20188
OG0003388	APOSC_17998	AMPFI_20188
OG0003388	APOSC_17998	SACKO_17919, SACKO_17906
OG0003388	APOSC_17998	TCONS_00030400.p1, TCONS_00030384.p1
OG0003388	APOSC_17998	BRALA06749
OG0003388	APOSC_17998	bflo_08160
OG0003388	APOSC_17998	NEMVE08840, NEMVE15438
OG0003388	APOSC_17998	DROME11674, DROME19363
OG0003388	APOSC_17998	OFUSG12062.1.p1
OG0003388	APOSC_17998	HUMAN03392
OG0003388	APOSC_17998	MOUSE20874
OG0003388	APOSC_17998	XENTR06699
OG0003388	APOSC_17998	ORYLA19757
OG0003388	APOSC_17998	ASTMX07669
OG0003388	APOSC_17998	DANRE03541
OG0003429	APOSC_08273	MOUSE17279
OG0003429	APOSC_08273	DANRE40349
OG0003429	APOSC_17184	BRALA02516
OG0003429	APOSC_17184	DROME10812
OG0003429	APOSC_17184	MOUSE17279
OG0003429	APOSC_17184	DANRE40349
OG0003429	APOSC_17184	MOUSE17279
OG0003429	APOSC_17184	DANRE40349
OG0003432	APOSC_28050	HUMAN13670
OG0003448	APOSC_13687	MOUSE43761, MOUSE43760
OG0003448	APOSC_13687	HUMAN15205
OG0003448	APOSC_13687	XENTR05059
OG0003448	APOSC_13687	DANRE38893
OG0003448	APOSC_13687	ASTMX17648
OG0003448	APOSC_13687	ORYLA12750
OG0003462	APOSC_12605	MOUSE50378
OG0003463	APOSC_18574	XENTR11861
OG0003463	APOSC_18574	HUMAN02584
OG0003463	APOSC_18574	MOUSE24565, MOUSE24563
OG0003463	APOSC_18574	ASTMX08158
OG0003463	APOSC_18574	ORYLA18517
OG0003463	APOSC_18574	DANRE18440
OG0003464	APOSC_02590	MOUSE38665, MOUSE38667
OG0003511	APOSC_17361	AMPFI_18153
OG0003523	APOSC_24945	HUMAN21873
OG0003617	APOSC_11452	LYTVA_11705
OG0003636	APOSC_19573	bflo_07722
OG0003636	APOSC_19573	BRALA30883
OG0003636	APOSC_19573	LYTVA_04868
OG0003636	APOSC_19573	LYTVA_04868
OG0003636	APOSC_19573	SCHMD16813
OG0003636	APOSC_19573	XENTR14237
OG0003636	APOSC_19573	DANRE02585, DANRE02586
OG0003636	APOSC_19573	ASTMX14519
OG0003636	APOSC_19573	ORYLA05265
OG0003696	APOSC_01727	DANRE24940
OG0003696	APOSC_01727	MOUSE35452
OG0003697	APOSC_19087	HELIO_12072
OG0003697	APOSC_19087	STRPU_00014
OG0003721	APOSC_17333	DANRE11800
OG0003734	APOSC_13258, APOSC_04893	HUMAN29356
OG0003740	APOSC_08481	XENTR15199
OG0003740	APOSC_08481	HUMAN04216, HUMAN04217
OG0003740	APOSC_08481	MOUSE45976, MOUSE45977
OG0003740	APOSC_08481	DANRE38234
OG0003740	APOSC_07560, APOSC_10879	MOUSE45975
OG0003740	APOSC_07560, APOSC_10879	DANRE38233
OG0003740	APOSC_07560, APOSC_10879	ORYLA14622
OG0003740	APOSC_07560, APOSC_10879	ASTMX16206
OG0003740	APOSC_07560, APOSC_10879	SACKO_08475
OG0003755	APOSC_08866	MOUSE04960
OG0003769	APOSC_02783, APOSC_02782	ASTMX09113
OG0003806	APOSC_27759	DANRE29065
OG0003806	APOSC_27759	ASTMX21196
OG0003806	APOSC_27759	ORYLA16763
OG0003806	APOSC_27759	XENTR07356
OG0003806	APOSC_27759	HUMAN10280
OG0003806	APOSC_27759	MOUSE17191, MOUSE16977, MOUSE16976, MOUSE16978
OG0003826	APOSC_17419	BRALA34514, BRALA34863
OG0003831	APOSC_04801, APOSC_16984	OFUSG05930.2.p1, OFUSG05930.1.p1
OG0003831	APOSC_04801, APOSC_16984	DROME02158
OG0003831	APOSC_04801, APOSC_16984	YEAST03010
OG0003831	APOSC_00627	SCHMD17115
OG0003831	APOSC_00627	CAPO301320
OG0003831	APOSC_00627	YEAST05137, YEAST02344
OG0003831	APOSC_18338	NEMVE24194
OG0003831	APOSC_18338	MOUSE20873, MOUSE36301, MOUSE04870, MOUSE36300, MOUSE36298
OG0003831	APOSC_18338	HUMAN22335
OG0003831	APOSC_18338	XENTR03490
OG0003831	APOSC_18338	DANRE15888, DANRE15887
OG0003831	APOSC_18338	ORYLA00352
OG0003831	APOSC_18338	ASTMX01621
OG0003853	APOSC_04073	MOUSE18179
OG0003853	APOSC_04073	DANRE05313
OG0003859	APOSC_10642, APOSC_21993	DANRE18445
OG0003944	APOSC_03774, APOSC_25388, APOSC_28777	MOUSE15418, MOUSE15417
OG0003944	APOSC_03774, APOSC_25388, APOSC_28777	HUMAN21868
OG0003944	APOSC_03774, APOSC_25388, APOSC_28777	XENTR06236
OG0003944	APOSC_03774, APOSC_25388, APOSC_28777	DANRE26350
OG0003944	APOSC_03774, APOSC_25388, APOSC_28777	ASTMX15054, ASTMX15052
OG0003944	APOSC_03774, APOSC_25388, APOSC_28777	ORYLA06722
OG0003944	APOSC_03774, APOSC_25388, APOSC_28777	BRALA12422
OG0003944	APOSC_03774, APOSC_25388, APOSC_28777	bflo_17891
OG0003944	APOSC_03774, APOSC_25388, APOSC_28777	OFUSG25022.1.p1
OG0003944	APOSC_03774, APOSC_25388, APOSC_28777	DROME18760
OG0003944	APOSC_03774, APOSC_25388, APOSC_28777	SACKO_18909
OG0003944	APOSC_03774, APOSC_25388, APOSC_28777	AMPFI_07557
OG0003944	APOSC_03774, APOSC_25388, APOSC_28777	CAEEL05219
OG0003944	APOSC_03774, APOSC_25388, APOSC_28777	SCHMD10666
OG0003944	APOSC_03774, APOSC_25388, APOSC_28777	NEMVE21561
OG0003973	APOSC_26122	MOUSE28068
OG0004034	APOSC_05299	BRALA08468
OG0004070	APOSC_25704	DANRE15502, DANRE15500
OG0004070	APOSC_25704	ASTMX20983
OG0004108	APOSC_13048	MOUSE41099, MOUSE41100
OG0004122	APOSC_10900	bflo_16663
OG0004122	APOSC_10900	ASTMX14333, ASTMX15081
OG0004122	APOSC_10900	DANRE34074, DANRE34075, DANRE19444
OG0004122	APOSC_10900	HUMAN29461, HUMAN29462
OG0004122	APOSC_10900	MOUSE25320, MOUSE25316, MOUSE25318, MOUSE25317, MOUSE25319
OG0004123	APOSC_21790	HUMAN05601
OG0004146	APOSC_14892	MOUSE37809
OG0004146	APOSC_14892	BRALA17719
OG0004150	APOSC_13759	ASTMX22642
OG0004150	APOSC_13759	MOUSE53097
OG0004164	APOSC_18496	BRALA03977
OG0004269	APOSC_26344	LYTVA_07560
OG0004269	APOSC_26344	HUMAN03614
OG0004269	APOSC_26344	STRPU_09465
OG0004284	APOSC_01925	OFUSG19168.1.p1
OG0004308	APOSC_21945	ASTMX22955
OG0004338	APOSC_27265	TCONS_00043688.p1
OG0004338	APOSC_27265	SACKO_24216
OG0004338	APOSC_27265	HUMAN05208
OG0004338	APOSC_27265	MOUSE45178
OG0004338	APOSC_27265	XENTR09719
OG0004338	APOSC_27265	ORYLA03022
OG0004338	APOSC_27265	ASTMX09185
OG0004338	APOSC_27265	DANRE12236, DANRE12237
OG0004358	APOSC_02914	AENJA_18673
OG0004358	APOSC_02914	AMPFI_19007
OG0004375	APOSC_22061, APOSC_22062	MOUSE27750, MOUSE27753
OG0004385	APOSC_06653	AMPFI_02615
OG0004404	APOSC_15852	XENTR05022
OG0004404	APOSC_15852	ASTMX12554
OG0004404	APOSC_15852	HUMAN09714
OG0004404	APOSC_15852	MOUSE49452, MOUSE51622
OG0004404	APOSC_15852	ORYLA18290, ORYLA18289
OG0004404	APOSC_15852	DANRE13595, DANRE13596, DANRE13597
OG0004487	APOSC_13922	ORYLA12882
OG0004487	APOSC_13922	ASTMX12470
OG0004487	APOSC_13922	DANRE17920, DANRE17921
OG0004487	APOSC_13922	XENTR05509, XENTR05510, XENTR05511
OG0004487	APOSC_13922	HUMAN22433
OG0004487	APOSC_13922	SCHMD24442, SCHMD16447
OG0004487	APOSC_13922	MOUSE36553, MOUSE36554
OG0004498	APOSC_17715	ASTMX11988
OG0004516	APOSC_04046	bflo_04748
OG0004520	APOSC_25046	bflo_21786
OG0004520	APOSC_25046	BRALA12190
OG0004520	APOSC_25046	XENTR09651
OG0004520	APOSC_25046	HUMAN22045
OG0004520	APOSC_25046	MOUSE15698
OG0004520	APOSC_25046	OFUSG14215.1.p1
OG0004520	APOSC_25046	ORYLA18565
OG0004520	APOSC_25046	DANRE13362, DANRE13363
OG0004534	APOSC_18797	DANRE01101
OG0004539	APOSC_15371	DANRE04395, DANRE11126
OG0004539	APOSC_15371	ASTMX01573, ASTMX04849
OG0004539	APOSC_15371	ORYLA05162
OG0004539	APOSC_15371	XENTR06560, XENTR11278
OG0004539	APOSC_15371	MOUSE18812, MOUSE18811, MOUSE07825, MOUSE07824
OG0004539	APOSC_15371	HUMAN16954, HUMAN08753, HUMAN08752
OG0004539	APOSC_15371	bflo_05863
OG0004539	APOSC_15371	BRALA35415, BRALA26130
OG0004546	APOSC_16773	TCONS_00015879.p1
OG0004546	APOSC_16773	BRALA21732
OG0004546	APOSC_16773	bflo_06485
OG0004546	APOSC_16773	SACKO_28524
OG0004546	APOSC_16773	DANRE14283
OG0004546	APOSC_02200	NEMVE24991
OG0004546	APOSC_02200	ORYLA01595
OG0004546	APOSC_02200	ASTMX19300
OG0004546	APOSC_02200	HUMAN24897
OG0004546	APOSC_02200	DANRE14282, DANRE14284
OG0004546	APOSC_02200	XENTR11757
OG0004546	APOSC_02200	MOUSE10351, MOUSE09030, MOUSE17546, MOUSE17545
OG0004568	APOSC_07206	DANRE05440
OG0004569	APOSC_28318, APOSC_28317	bflo_19832
OG0004573	APOSC_22038	BRALA32832
OG0004573	APOSC_22038	MOUSE04827, MOUSE51637
OG0004606	APOSC_14341	XENTR15899
OG0004606	APOSC_14341	ASTMX21043
OG0004606	APOSC_14341	ORYLA13802
OG0004606	APOSC_14341	DANRE36927
OG0004609	APOSC_14861	XENTR16103
OG0004609	APOSC_14861	DANRE19927, DANRE19928
OG0004609	APOSC_14861	ASTMX09349
OG0004609	APOSC_14861	ORYLA04118
OG0004609	APOSC_14861	HUMAN12279, HUMAN12280
OG0004609	APOSC_14861	MOUSE43690, MOUSE04669
OG0004609	APOSC_14861	bflo_20965
OG0004609	APOSC_14861	BRALA33091
OG0004609	APOSC_14861	NEMVE13242
OG0004615	APOSC_02446	MOUSE37120
OG0004615	APOSC_02446	BRALA18479
OG0004637	APOSC_22109, APOSC_06043, APOSC_26091, APOSC_06042	STRPU_25858
OG0004637	APOSC_26091, APOSC_06042	HUMAN11592
OG0004647	APOSC_23966, APOSC_13087	bflo_25260
OG0004648	APOSC_19767	DANRE20923
OG0004648	APOSC_19767	HUMAN14405, HUMAN14403
OG0004648	APOSC_19767	MOUSE18454, MOUSE18802, MOUSE14540, MOUSE14646
OG0004648	APOSC_19767	XENTR13808
OG0004648	APOSC_19767	ORYLA12915
OG0004648	APOSC_19767	ASTMX04919
OG0004649	APOSC_06462	ASTMX21812
OG0004688	APOSC_11316	MOUSE10857
OG0004709	APOSC_06454, APOSC_09851	AMPFI_20143
OG0004709	APOSC_06454, APOSC_09851	SACKO_01308
OG0004709	APOSC_06454, APOSC_09851	TCONS_00013942.p1
OG0004709	APOSC_06454, APOSC_09851	bflo_25009
OG0004728	APOSC_05914, APOSC_20520, APOSC_10742	DANRE39344
OG0004728	APOSC_10742	HUMAN11622
OG0004748	APOSC_08268, APOSC_06622	AENJA_02211
OG0004769	APOSC_17401	HUMAN01235
OG0004769	APOSC_17401	MOUSE31723
OG0004769	APOSC_17401	XENTR15393
OG0004769	APOSC_17401	ASTMX03147
OG0004769	APOSC_17401	DANRE26926
OG0004769	APOSC_17401	ORYLA06352
OG0004769	APOSC_17401	DROME02034
OG0004769	APOSC_17401	bflo_05382, bflo_15999
OG0004769	APOSC_17401	BRALA10097, BRALA07309
OG0004795	APOSC_11957	BRALA35226, BRALA35282
OG0004795	APOSC_11957	ASTMX05972
OG0004835	APOSC_05804	bflo_13560
OG0004854	APOSC_24117	OFUSG02448.1.p1
OG0004854	APOSC_24117	BRALA22738
OG0004854	APOSC_24117	bflo_14278
OG0004854	APOSC_24117	ORYLA08746
OG0004854	APOSC_24117	DANRE42925
OG0004854	APOSC_24117	ASTMX16706
OG0004854	APOSC_24117	MOUSE21947, MOUSE21946, MOUSE21945
OG0004854	APOSC_24117	HUMAN17423, HUMAN17424
OG0004854	APOSC_24117	XENTR05196
OG0004854	APOSC_24117	SCHMD06398
OG0004854	APOSC_24117	CAEEL02729
OG0004854	APOSC_24117	DROME04906
OG0004855	APOSC_25569	XENTR01667
OG0004855	APOSC_25569	ASTMX15354
OG0004855	APOSC_25569	DANRE15163, DANRE15165, DANRE15164, DANRE15166
OG0004855	APOSC_25569	ORYLA18312
OG0004887	APOSC_23448	HUMAN00786
OG0004890	APOSC_28225, APOSC_28544	DROME19247, DROME19248
OG0004890	APOSC_28225	ASTMX22189, ASTMX02336
OG0004890	APOSC_28225	DANRE08430, DANRE08428, DANRE08429
OG0004890	APOSC_28225	ORYLA03761
OG0004890	APOSC_28544	MOUSE05046
OG0004903	APOSC_28442	bflo_05231
OG0004922	APOSC_01894	AENJA_18036
OG0004924	APOSC_26407	HUMAN23140
OG0004949	APOSC_27093	LYTVA_17623
OG0004963	APOSC_23226, APOSC_23224	MOUSE37240
OG0004975	APOSC_00051	AMPFI_13767
OG0004981	APOSC_14915	ORYLA01978
OG0004981	APOSC_14915	XENTR01741
OG0004981	APOSC_14915	ASTMX19679
OG0004981	APOSC_14915	DANRE14254
OG0004981	APOSC_14915	HUMAN20596
OG0004981	APOSC_14915	MOUSE10970
OG0004981	APOSC_14915	NEMVE21260
OG0004991	APOSC_17350	XENTR07044
OG0004991	APOSC_17350	ORYLA13806
OG0004991	APOSC_17350	ASTMX00790
OG0004991	APOSC_17350	DANRE22096
OG0004991	APOSC_17350	HUMAN20960
OG0004991	APOSC_17350	MOUSE52621, MOUSE52617, MOUSE52618, MOUSE52620, MOUSE52619
OG0004991	APOSC_17350	NEMVE05198
OG0004991	APOSC_17350	AMPFI_20163
OG0005151	APOSC_05387	DANRE03017
OG0005179	APOSC_17938	MOUSE36304
OG0005302	APOSC_06309	MOUSE51380
OG0005317	APOSC_10096	ASTMX00041
OG0005329	APOSC_23238	MOUSE24678
OG0005370	APOSC_19517	DANRE37074
OG0005370	APOSC_19517	ASTMX01058
OG0005370	APOSC_19517	ORYLA14176
OG0005370	APOSC_19517	HUMAN19300
OG0005370	APOSC_19517	MOUSE29200, MOUSE29198
OG0005370	APOSC_19517	XENTR18458
OG0005398	APOSC_11119	BRALA08633
OG0005416	APOSC_00108, APOSC_00109	BRALA35059
OG0005418	APOSC_16714	MOUSE26413
OG0005434	APOSC_05369	bflo_14305
OG0005479	APOSC_15360	HUMAN11180
OG0005494	APOSC_05152	ASTMX11292
OG0005499	APOSC_20319	DROME03401, DROME07297
OG0005499	APOSC_20319	ASTMX09972
OG0005499	APOSC_20319	DANRE01400, DANRE01401
OG0005499	APOSC_20319	ORYLA17379
OG0005499	APOSC_20319	MOUSE27960, MOUSE20454
OG0005499	APOSC_20319	HUMAN18664
OG0005499	APOSC_20319	XENTR06475
OG0005499	APOSC_20319	bflo_08537
OG0005499	APOSC_20319	BRALA03805
OG0005499	APOSC_20319	OFUSG18597.1.p1
OG0005499	APOSC_20319	SACKO_01720, SACKO_27671
OG0005499	APOSC_20319	TCONS_00030823.p1
OG0005551	APOSC_12730, APOSC_12729	DANRE03835
OG0005565	APOSC_14885	HUMAN12663
OG0005582	APOSC_18669	HELIO_11627
OG0005613	APOSC_22849	MOUSE03014
OG0005652	APOSC_07517	MOUSE31214
OG0005691	APOSC_26540	DANRE25058
OG0005691	APOSC_26540	SCHMD28962
OG0005701	APOSC_01491	SACKO_25580
OG0005729	APOSC_20673	SCHMD24968
OG0005738	APOSC_15849	HUMAN21605
OG0005763	APOSC_02764	HUMAN23715
OG0005803	APOSC_02519	SCHMD24297
OG0005812	APOSC_07480	ASTMX06754
OG0005813	APOSC_25713	OFUSG22102.2.p1, OFUSG22102.1.p1
OG0005861	APOSC_19100	TCONS_00032729.p1
OG0006087	APOSC_27471	DANRE37182, DANRE43283, DANRE37181
OG0006087	APOSC_27471	XENTR04594
OG0006087	APOSC_27471	HUMAN09228, HUMAN09229
OG0006087	APOSC_27471	MOUSE27350
OG0006087	APOSC_27471	ASTMX01650
OG0006087	APOSC_27471	ORYLA07572
OG0006120	APOSC_20718	bflo_09539
OG0006126	APOSC_20086	HUMAN14606
OG0006154	APOSC_02123	DANRE21590
OG0006217	APOSC_27262	MOUSE36677
OG0006217	APOSC_27262	HUMAN22494
OG0006217	APOSC_27262	XENTR09237
OG0006217	APOSC_27262	ORYLA13873, ORYLA13874
OG0006217	APOSC_27262	DANRE02455
OG0006217	APOSC_27262	ASTMX15849
OG0006231	APOSC_21160	HUMAN27851
OG0006231	APOSC_21160	MOUSE32029, MOUSE32030, MOUSE32031
OG0006231	APOSC_21160	XENTR07806
OG0006231	APOSC_21160	DROME06401, DROME06402, DROME06407
OG0006231	APOSC_21160	ASTMX15248
OG0006231	APOSC_21160	DANRE39194
OG0006231	APOSC_21160	ORYLA08845
OG0006231	APOSC_21160	ASTMX22936
OG0006231	APOSC_21160	BRALA34256
OG0006231	APOSC_21160	ASTMX22936
OG0006231	APOSC_21160	CAEEL20582
OG0006231	APOSC_21160	OFUSG13275.1.p1
OG0006238	APOSC_06392	MOUSE41253
OG0006286	APOSC_10357	MOUSE35474
OG0006304	APOSC_04870, APOSC_04871	HUMAN08878
OG0006361	APOSC_06699	XENTR00507
OG0006444	APOSC_19041, APOSC_16653, APOSC_19795, APOSC_22876, APOSC_07682	LYTVA_02499
OG0006491	APOSC_25623	ORYLA08851
OG0006491	APOSC_25623	ASTMX09131
OG0006491	APOSC_25623	DANRE24615
OG0006491	APOSC_25623	HUMAN13791, HUMAN13790
OG0006491	APOSC_25623	XENTR07123
OG0006491	APOSC_25623	MOUSE18971
OG0006496	APOSC_20816	MOUSE23970
OG0006496	APOSC_20816	HUMAN02168
OG0006511	APOSC_10649	XENTR06903
OG0006511	APOSC_10649	MOUSE27840, MOUSE44519
OG0006511	APOSC_10649	HUMAN18611, HUMAN09163
OG0006511	APOSC_10649	ASTMX07468
OG0006511	APOSC_10649	DANRE37056
OG0006511	APOSC_10649	ORYLA14130
OG0006512	APOSC_27881	HUMAN20060
OG0006533	APOSC_27947	SCHMD14559
OG0006534	APOSC_20823	HUMAN03548
OG0006537	APOSC_19643	BRALA30762
OG0006537	APOSC_19643	bflo_14316
OG0006537	APOSC_19643	XENTR01017
OG0006537	APOSC_19643	MOUSE48761
OG0006537	APOSC_19643	HUMAN22896
OG0006537	APOSC_19643	ORYLA18614
OG0006537	APOSC_19643	ASTMX08262
OG0006537	APOSC_19643	DANRE16803, DANRE16802, DANRE16800, DANRE16801
OG0006595	APOSC_28606	MOUSE11155
OG0006623	APOSC_06502, APOSC_06503	HUMAN04365
OG0006666	APOSC_28091	MOUSE09373
OG0006670	APOSC_09168	AMPFI_14097
OG0006670	APOSC_09168	HELIO_08029
OG0006670	APOSC_09168	STRPU_19873, STRPU_19899
OG0006670	APOSC_09168	NEMVE14438
OG0006670	APOSC_09168	OFUSG26654.1.p1
OG0006670	APOSC_09168	DROME03282
OG0006670	APOSC_09168	CAEEL05160
OG0006670	APOSC_09168	SCHMD06283
OG0006670	APOSC_09168	TCONS_00016009.p1
OG0006670	APOSC_09168	SACKO_27428
OG0006670	APOSC_09168	bflo_16533
OG0006670	APOSC_09168	BRALA02659
OG0006670	APOSC_09168	XENTR03934
OG0006670	APOSC_09168	HUMAN02070, HUMAN02071
OG0006670	APOSC_09168	MOUSE24192, MOUSE24191
OG0006670	APOSC_09168	DANRE40208, DANRE40209
OG0006670	APOSC_09168	ASTMX08852
OG0006680	APOSC_07702	MOUSE28338
OG0006686	APOSC_03178	bflo_17043
OG0006736	APOSC_27964	AENJA_26061
OG0006736	APOSC_27964	MOUSE53273
OG0006736	APOSC_27964	SCHMD11091
OG0006758	APOSC_29158	NEMVE23646
OG0006758	APOSC_29158	OFUSG25525.1.p1
OG0006758	APOSC_29158	SACKO_32935
OG0006758	APOSC_29158	TCONS_00057241.p1
OG0006758	APOSC_29158	APOSJ_41069
OG0006758	APOSC_29158	APOSJ_41069
OG0006758	APOSC_29158	XENTR19253
OG0006758	APOSC_29158	MOUSE41066
OG0006758	APOSC_29158	HUMAN20524
OG0006758	APOSC_29158	DANRE22084
OG0006758	APOSC_29158	ASTMX00799
OG0006758	APOSC_29158	DROME17868, DROME17867
OG0006758	APOSC_29158	BRALA00417
OG0006758	APOSC_29158	bflo_00186
OG0006834	APOSC_03732	HELIO_09834, HELIO_02971, HELIO_12610
OG0006834	APOSC_03732	STRPU_10673, STRPU_00567, STRPU_00566
OG0006834	APOSC_03732	LYTVA_20659, LYTVA_18211
OG0006834	APOSC_03732	AMPFI_12943, AMPFI_13339, AMPFI_15708
OG0006850	APOSC_10380	HUMAN22746
OG0006875	APOSC_10381	MOUSE51192
OG0006925	APOSC_12360	MOUSE27505
OG0006946	APOSC_14039	HUMAN29373, HUMAN29374
OG0006955	APOSC_17210	DANRE12440, DANRE12439, DANRE12441, DANRE12442
OG0006955	APOSC_17210	MOUSE35291, MOUSE35293
OG0006961	APOSC_12150, APOSC_12593, APOSC_12594	TCONS_00009613.p1
OG0007038	APOSC_21427	MOUSE31028
OG0007040	APOSC_28613	XENTR16157
OG0007040	APOSC_28613	HUMAN30265
OG0007040	APOSC_28613	MOUSE53846, MOUSE53847
OG0007040	APOSC_28613	DANRE34356
OG0007040	APOSC_28613	ORYLA15293
OG0007040	APOSC_28613	ASTMX09108
OG0007062	APOSC_14304	SACKO_09547
OG0007062	APOSC_14304	TCONS_00051560.p1
OG0007062	APOSC_14304	bflo_24989
OG0007062	APOSC_14304	BRALA05692
OG0007064	APOSC_02456	DANRE07305
OG0007090	APOSC_18836	MOUSE31320
OG0007095	APOSC_23242	XENTR11185
OG0007095	APOSC_23242	HUMAN16273
OG0007095	APOSC_23242	MOUSE42126, MOUSE42125
OG0007095	APOSC_23242	ORYLA05795
OG0007095	APOSC_23242	ASTMX09063
OG0007095	APOSC_23242	SCHMD28386
OG0007095	APOSC_23242	DANRE10009, DANRE10008
OG0007128	APOSC_00622	XENTR05067
OG0007128	APOSC_00622	HUMAN13992, HUMAN13994
OG0007128	APOSC_00622	MOUSE19637
OG0007128	APOSC_00622	ASTMX15167
OG0007128	APOSC_00622	DANRE19019
OG0007128	APOSC_00622	ORYLA02979
OG0007134	APOSC_24007	HUMAN03575
OG0007296	APOSC_15801	MOUSE49539
OG0007405	APOSC_09312	MOUSE14443
OG0007410	APOSC_13940	ORYLA16770
OG0007419	APOSC_03939	HUMAN12143
OG0007495	APOSC_05318	TCONS_00003309.p1
OG0007495	APOSC_05318	ASTMX11414
OG0007495	APOSC_05318	DANRE35662
OG0007495	APOSC_05318	XENTR08419
OG0007495	APOSC_05318	MOUSE01208
OG0007495	APOSC_05318	HUMAN19626, HUMAN19624
OG0007495	APOSC_05318	ORYLA10015
OG0007706	APOSC_22591	HUMAN10609, HUMAN10610
OG0007706	APOSC_22591	MOUSE45991, MOUSE45989
OG0007706	APOSC_22591	XENTR01370
OG0007706	APOSC_22591	ASTMX07321
OG0007706	APOSC_22591	DANRE29546, DANRE29547
OG0007706	APOSC_22591	ORYLA16294
OG0007823	APOSC_12438	HUMAN03449
OG0007823	APOSC_12438	MOUSE20989
OG0007823	APOSC_12438	XENTR09570
OG0007823	APOSC_12438	ASTMX16149
OG0007823	APOSC_12438	DANRE03242, DANRE03241
OG0007823	APOSC_12438	ORYLA19067, ORYLA19068
OG0007963	APOSC_07038	HUMAN00079
OG0008011	APOSC_14830	MOUSE52843
OG0008057	APOSC_02687	HUMAN19653
OG0008106	APOSC_02206	DANRE43427
OG0008108	APOSC_17504	HUMAN14058
OG0008108	APOSC_17504	MOUSE49141
OG0008217	APOSC_26604	LYTVA_26320
OG0008259	APOSC_03340, APOSC_03341	HUMAN16698
OG0008264	APOSC_16007	HUMAN23694
OG0008264	APOSC_16007	MOUSE19474, MOUSE19475
OG0008264	APOSC_16007	XENTR00573
OG0008264	APOSC_16007	ASTMX07812
OG0008264	APOSC_16007	DANRE19001
OG0008264	APOSC_16007	ORYLA02386
OG0008536	APOSC_00561	AENJA_05136
OG0008575	APOSC_27790	MOUSE42013
OG0008619	APOSC_11304	MOUSE08137
OG0008656	APOSC_06708	HUMAN16932
OG0008656	APOSC_06708	MOUSE18782, MOUSE18783
OG0008656	APOSC_06708	XENTR01636
OG0008656	APOSC_06708	DANRE03767
OG0008656	APOSC_06708	ASTMX14410
OG0008656	APOSC_06708	ORYLA18781
OG0008657	APOSC_25567, APOSC_25566	AMPFI_24751
OG0008698	APOSC_27266	MOUSE34371
OG0008822	APOSC_17501	DANRE35661
OG0008822	APOSC_17501	ORYLA00785
OG0008822	APOSC_17501	ASTMX11413
OG0008822	APOSC_17501	HUMAN10580
OG0008822	APOSC_17501	MOUSE15159, MOUSE15158
OG0008822	APOSC_17501	bflo_22877
OG0008822	APOSC_17501	BRALA06559
OG0008822	APOSC_17501	AENJA_11337
OG0008822	APOSC_17501	SCHMD12902
OG0008927	APOSC_11189, APOSC_10766	HUMAN23373
OG0009404	APOSC_13165	HUMAN25848
