Orthogroup	BRALA	Other
OG0000003	BRALA07140	LYTVA_04875, LYTVA_10217
OG0000005	BRALA25414, BRALA34368	SCHMD09862, SCHMD04325
OG0000008	BRALA26942	AMPFI_17189
OG0000008	BRALA20539	DROME19967, DROME19966, DROME19965
OG0000016	BRALA33982	AENJA_03282, AENJA_18791, AENJA_08816, AENJA_02864
OG0000016	BRALA33982	STRPU_22684, STRPU_23485, STRPU_23482, STRPU_23488, STRPU_23483, STRPU_23481, STRPU_23477, STRPU_23478, STRPU_22637, STRPU_00667, STRPU_23082
OG0000016	BRALA33982	LYTVA_26617, LYTVA_17022, LYTVA_17023, LYTVA_17018, LYTVA_17017, LYTVA_17021, LYTVA_10327, LYTVA_03034, LYTVA_01978
OG0000016	BRALA33982	HELIO_07322, HELIO_06996, HELIO_05885, HELIO_04527, HELIO_04564
OG0000016	BRALA33982	APOSC_19884
OG0000016	BRALA33982	APOSJ_11248
OG0000016	BRALA33982	TCONS_00020558.p1, TCONS_00020423.p1, TCONS_00020419.p1, TCONS_00020810.p1
OG0000016	BRALA33982	SACKO_06368, SACKO_16222
OG0000025	BRALA29928, BRALA29404	AMPFI_02870
OG0000026	BRALA18399, BRALA07898, BRALA07900, BRALA07899, BRALA34641, BRALA22918	AENJA_10622
OG0000026	BRALA18399, BRALA07898, BRALA07900, BRALA07899	APOSJ_61877, APOSJ_61922
OG0000026	BRALA18399	AMPFI_07664
OG0000026	BRALA07898, BRALA07900, BRALA07899	AMPFI_25563
OG0000030	BRALA10449	STRPU_06146, STRPU_06148
OG0000031	BRALA01948, BRALA09437, BRALA32909, BRALA01946, BRALA12064, BRALA09438, BRALA01951, BRALA14885, BRALA09441, BRALA09439, BRALA32910, BRALA01947, BRALA01952, BRALA14882, BRALA23662, BRALA14883, BRALA19306	APOSJ_52458, APOSJ_52455
OG0000038	BRALA13194	LYTVA_14520
OG0000047	BRALA14436	STRPU_00263, STRPU_17034
OG0000047	BRALA14436	APOSJ_07377
OG0000047	BRALA14436	AENJA_20068
OG0000047	BRALA14436	AMPFI_21621
OG0000048	BRALA35359, BRALA30640, BRALA30891, BRALA13398, BRALA28757	OFUSG11585.1.p1, OFUSG11583.1.p1
OG0000052	BRALA14154, BRALA03903, BRALA35146	AMPFI_17342, AMPFI_21992, AMPFI_16769
OG0000052	BRALA23403, BRALA12582, BRALA24313, BRALA03336, BRALA01309, BRALA00341, BRALA01921, BRALA17134, BRALA09402, BRALA13022, BRALA11458, BRALA26226, BRALA32281, BRALA31303	LYTVA_01043
OG0000055	BRALA31408	SACKO_10925
OG0000066	BRALA31760	OFUSG24368.1.p1
OG0000067	BRALA35634	SACKO_29221
OG0000089	BRALA34579	APOSJ_11659, APOSJ_42252
OG0000089	BRALA34579	AMPFI_24059
OG0000094	BRALA34518	APOSJ_63079
OG0000094	BRALA09222	AMPFI_18905
OG0000094	BRALA09222	MOUSE25209
OG0000094	BRALA09222	HUMAN14814, HUMAN29867, HUMAN14812
OG0000098	BRALA00433	XENTR18632
OG0000099	BRALA35493	AENJA_00123
OG0000101	BRALA34771	APOSC_23688
OG0000101	BRALA34771	APOSJ_27406
OG0000101	BRALA34771	LYTVA_03793
OG0000101	BRALA34771	STRPU_17399, STRPU_17409
OG0000101	BRALA34771	HELIO_11521
OG0000101	BRALA34771	AENJA_06142
OG0000101	BRALA34771	AMPFI_14310, AMPFI_02729
OG0000101	BRALA34771	TCONS_00000321.p1
OG0000101	BRALA34771	TCONS_00000321.p1
OG0000122	BRALA04629	AMPFI_04266, AMPFI_05019
OG0000124	BRALA26544	APOSC_24532
OG0000128	BRALA31378	ASTMX18325
OG0000128	BRALA31378	AMPFI_16622, AMPFI_18803
OG0000128	BRALA31378	HUMAN21996
OG0000138	BRALA29104	AENJA_16432
OG0000138	BRALA29104	HELIO_06895
OG0000138	BRALA29104	APOSC_17311
OG0000138	BRALA29104	AMPFI_19008, AMPFI_24504, AMPFI_22568
OG0000157	BRALA27057	HUMAN14308
OG0000162	BRALA29217, BRALA32848, BRALA35892, BRALA35512, BRALA28170, BRALA34322, BRALA34430, BRALA35671, BRALA34178	XENTR12697, XENTR12696
OG0000162	BRALA29217, BRALA32848, BRALA35892, BRALA35512, BRALA28170, BRALA34322, BRALA34430, BRALA35671, BRALA34178	MOUSE26307
OG0000166	BRALA33546	LYTVA_08486
OG0000166	BRALA33546	LYTVA_13825
OG0000192	BRALA05274	DANRE39461
OG0000192	BRALA02780	HELIO_03073
OG0000205	BRALA20306	ORYLA08886
OG0000208	BRALA35053, BRALA34947, BRALA35305	HUMAN11859
OG0000208	BRALA33938, BRALA33891, BRALA27230, BRALA35033, BRALA34389	SACKO_05740
OG0000208	BRALA35033	HUMAN11860
OG0000239	BRALA30155	AMPFI_08248
OG0000240	BRALA26625	TCONS_00005653.p1
OG0000265	BRALA18329	SACKO_28292
OG0000265	BRALA18329	LYTVA_27571
OG0000306	BRALA03883	ORYLA02312
OG0000306	BRALA03883	APOSC_12441
OG0000306	BRALA03883	DANRE01564, DANRE39185
OG0000306	BRALA03883	STRPU_00072
OG0000320	BRALA04996	HELIO_00242
OG0000320	BRALA04996	XENTR04771
OG0000320	BRALA04996	AMPFI_22513
OG0000320	BRALA04996	STRPU_07019
OG0000320	BRALA04996	DANRE18363
OG0000320	BRALA04996	TCONS_00045590.p1
OG0000320	BRALA04996	CAPO304008
OG0000320	BRALA12781, BRALA17040	SACKO_22868, SACKO_11521, SACKO_22869, SACKO_11537, SACKO_11550, SACKO_11577, SACKO_11552, SACKO_19177, SACKO_19175, SACKO_19191
OG0000320	BRALA12781, BRALA17040	TCONS_00048838.p1, TCONS_00048834.p1, TCONS_00002671.p1, TCONS_00002668.p1, TCONS_00025060.p1, TCONS_00025135.p1, TCONS_00048145.p1
OG0000320	BRALA12781, BRALA17040	APOSC_04676
OG0000320	BRALA12781, BRALA17040	STRPU_10053
OG0000326	BRALA08568	APOSJ_48521, APOSJ_48518, APOSJ_27267, APOSJ_27268, APOSJ_48520, APOSJ_48519
OG0000326	BRALA08568	APOSC_26060
OG0000326	BRALA08568	LYTVA_18602
OG0000326	BRALA08568	STRPU_10867, STRPU_10847
OG0000326	BRALA08568	HELIO_08613
OG0000326	BRALA08568	OFUSG15828.2.p1, OFUSG15828.1.p1
OG0000326	BRALA08568	TCONS_00022683.p1
OG0000326	BRALA08568	SACKO_00052
OG0000326	BRALA08568	AMPFI_07142
OG0000372	BRALA15781	APOSC_25245
OG0000397	BRALA35642	DANRE04699, DANRE04698
OG0000397	BRALA34670	DANRE04701, DANRE19132, DANRE04702, DANRE19141, DANRE19136, DANRE19121, DANRE19122, DANRE04703, DANRE04741, DANRE19133, DANRE19130, DANRE19129, DANRE19134, DANRE04720
OG0000403	BRALA02035, BRALA06762, BRALA05874	HUMAN05389
OG0000403	BRALA05874	MOUSE53959, MOUSE53961
OG0000411	BRALA33932	APOSJ_58040, APOSJ_61992
OG0000423	BRALA05057	STRPU_12673
OG0000427	BRALA26778, BRALA26788	AMPFI_08931
OG0000442	BRALA33737	NEMVE13826
OG0000442	BRALA33737	SACKO_00306
OG0000442	BRALA33737	XENTR17716, XENTR12755
OG0000442	BRALA33737	HUMAN21390, HUMAN00644, HUMAN25507
OG0000442	BRALA33737	MOUSE15751, MOUSE34094, MOUSE34093, MOUSE34095, MOUSE15757
OG0000442	BRALA33737	DANRE24242, DANRE14641, DANRE10018, DANRE14640
OG0000442	BRALA33737	ASTMX06201, ASTMX00907, ASTMX14474
OG0000442	BRALA33737	ORYLA09139, ORYLA02244
OG0000442	BRALA33737	AENJA_20819
OG0000450	BRALA29697	MOUSE46534
OG0000453	BRALA02456	HELIO_11149
OG0000453	BRALA02456	STRPU_11780
OG0000453	BRALA02456	LYTVA_08205
OG0000453	BRALA02456	AENJA_23512, AENJA_19259
OG0000453	BRALA02456	SACKO_27333, SACKO_27397, SACKO_25837
OG0000456	BRALA33420, BRALA35405	AENJA_17109
OG0000456	BRALA33420, BRALA35405	STRPU_27243
OG0000456	BRALA33420, BRALA35405	APOSJ_42120, APOSJ_42119
OG0000456	BRALA33420, BRALA35405	APOSC_21941
OG0000471	BRALA25247, BRALA25253, BRALA25252	HUMAN22681, HUMAN22684, HUMAN22683
OG0000478	BRALA03122	SACKO_25523
OG0000480	BRALA28328	ASTMX07171
OG0000501	BRALA21637, BRALA16550	SACKO_31636
OG0000501	BRALA21637, BRALA16550	OFUSG05132.1.p1, OFUSG08027.1.p1, OFUSG11389.1.p1, OFUSG21090.1.p1, OFUSG15540.1.p1, OFUSG17744.1.p1, OFUSG13693.1.p1, OFUSG00424.1.p1
OG0000501	BRALA21637, BRALA16550	SACKO_31636
OG0000501	BRALA21637	AMPFI_07485, AMPFI_13181
OG0000501	BRALA21637	AENJA_00530, AENJA_00529, AENJA_07419, AENJA_06738
OG0000501	BRALA21637	STRPU_04968
OG0000501	BRALA21637	LYTVA_10687
OG0000523	BRALA18475	OFUSG08726.1.p1, OFUSG09673.1.p1, OFUSG07041.1.p1
OG0000523	BRALA18475	AENJA_01429
OG0000523	BRALA18475	TCONS_00028413.p1
OG0000523	BRALA18475	SACKO_22414, SACKO_18696, SACKO_04917, SACKO_04936, SACKO_14510, SACKO_21286, SACKO_32496
OG0000523	BRALA18475	HUMAN07167
OG0000523	BRALA18475	AMPFI_10423
OG0000527	BRALA12888	MOUSE25384
OG0000560	BRALA19574	DANRE40243, DANRE40242
OG0000591	BRALA25344	ASTMX06564
OG0000591	BRALA25344	HUMAN17607
OG0000591	BRALA13642	ASTMX06091
OG0000597	BRALA07224	APOSC_18654
OG0000600	BRALA16892	SACKO_30716
OG0000611	BRALA27313	OFUSG22889.2.p1, OFUSG22889.1.p1
OG0000634	BRALA11661	AMPFI_00141
OG0000635	BRALA22165, BRALA20517, BRALA05536, BRALA17413, BRALA17024	STRPU_24923, STRPU_24924
OG0000635	BRALA17024	AENJA_03389
OG0000658	BRALA13305	AMPFI_03440
OG0000684	BRALA33966	HUMAN13720
OG0000708	BRALA10976	AMPFI_19554
OG0000718	BRALA29518	ASTMX22450
OG0000718	BRALA29518	APOSC_09944
OG0000755	BRALA12515	AMPFI_24528
OG0000757	BRALA34967	ORYLA18438
OG0000757	BRALA34967	DANRE28939
OG0000757	BRALA34967	ASTMX17086
OG0000757	BRALA34967	HUMAN10800
OG0000757	BRALA34967	MOUSE46249, MOUSE46248
OG0000757	BRALA34967	CAEEL20030
OG0000757	BRALA34967	NEMVE25201
OG0000757	BRALA34967	CAPO307096
OG0000757	BRALA34967	OFUSG15507.1.p1
OG0000787	BRALA03891	HUMAN24286
OG0000810	BRALA10599	LYTVA_14958
OG0000812	BRALA34233, BRALA02243, BRALA29914	AMPFI_22391
OG0000812	BRALA34685, BRALA13930, BRALA29641, BRALA03892, BRALA27114, BRALA31846, BRALA29017, BRALA35871, BRALA26285, BRALA28307, BRALA03896, BRALA15535, BRALA35348	AMPFI_22087
OG0000814	BRALA13770	HELIO_12586
OG0000819	BRALA07696	DROME19692
OG0000819	BRALA07696	SCHMD03878
OG0000819	BRALA07696	LYTVA_08950
OG0000819	BRALA07696	HELIO_01104
OG0000819	BRALA07696	STRPU_13106, STRPU_13090
OG0000842	BRALA00081	MOUSE39642
OG0000842	BRALA00081	HUMAN28734
OG0000873	BRALA17119	APOSJ_25707
OG0000875	BRALA09033	MOUSE22325, MOUSE22324
OG0000877	BRALA03177, BRALA03178	APOSJ_22156
OG0000877	BRALA03177, BRALA03178	LYTVA_26866, LYTVA_01909
OG0000957	BRALA14646	MOUSE13271, MOUSE01612
OG0000957	BRALA14646	HUMAN29142
OG0000971	BRALA04950	AMPFI_19239
OG0000980	BRALA24020	TCONS_00050181.p1
OG0001000	BRALA29242	AMPFI_02319
OG0001013	BRALA25040, BRALA34547	SACKO_12317
OG0001031	BRALA11517, BRALA31101, BRALA16794, BRALA30770	MOUSE19158
OG0001031	BRALA31101	HUMAN03539
OG0001045	BRALA33554	TCONS_00023478.p1, TCONS_00023250.p1
OG0001045	BRALA33554	SACKO_28078
OG0001045	BRALA33554	OFUSG02021.1.p1, OFUSG02023.1.p1, OFUSG02022.1.p1, OFUSG02019.1.p1, OFUSG03692.1.p1, OFUSG19959.1.p1, OFUSG02020.1.p1, OFUSG08123.2.p1, OFUSG08123.1.p1, OFUSG16051.1.p1, OFUSG08074.1.p1, OFUSG15512.1.p1, OFUSG20790.1.p1, OFUSG14863.1.p1, OFUSG14991.1.p1, OFUSG01891.2.p1, OFUSG01891.1.p1, OFUSG17422.1.p1, OFUSG17430.1.p1
OG0001045	BRALA33554	NEMVE17384, NEMVE15704, NEMVE18352, NEMVE17386, NEMVE21043
OG0001045	BRALA33554	AENJA_06741
OG0001045	BRALA33554	HELIO_10745
OG0001045	BRALA33554	HELIO_10745
OG0001076	BRALA20184	MOUSE36456
OG0001091	BRALA18566	MOUSE26426
OG0001109	BRALA30580, BRALA30582	HUMAN13297
OG0001110	BRALA02581, BRALA02578	SACKO_15731
OG0001158	BRALA34638	DANRE24676, DANRE36873
OG0001158	BRALA34638	MOUSE28962
OG0001158	BRALA34638	ORYLA13611
OG0001175	BRALA00132	AMPFI_01688
OG0001178	BRALA05138	HELIO_07560
OG0001188	BRALA10757	ORYLA10083
OG0001279	BRALA24710	APOSC_10702
OG0001288	BRALA01391	TCONS_00029022.p1, TCONS_00036487.p1
OG0001302	BRALA17951	APOSJ_52700, APOSJ_52698
OG0001304	BRALA22379	HUMAN07988
OG0001306	BRALA05038	AMPFI_04010
OG0001306	BRALA05038	AENJA_04590
OG0001314	BRALA33956	STRPU_17675
OG0001316	BRALA15900	DANRE06942
OG0001329	BRALA32195, BRALA12680	DANRE16282
OG0001331	BRALA34734	SCHMD14545
OG0001331	BRALA34734	OFUSG06502.1.p1
OG0001331	BRALA34734	HELIO_10456, HELIO_10455
OG0001331	BRALA34734	STRPU_10147, STRPU_10085, STRPU_10148
OG0001331	BRALA34734	LYTVA_16616
OG0001331	BRALA34734	HUMAN22233, HUMAN22231, HUMAN24247, HUMAN13998
OG0001331	BRALA34734	APOSC_17937
OG0001331	BRALA34734	APOSJ_64248, APOSJ_56897, APOSJ_19276, APOSJ_64250, APOSJ_19283, APOSJ_19279, APOSJ_25098, APOSJ_19280, APOSJ_64249, APOSJ_64244, APOSJ_19284, APOSJ_25100, APOSJ_64247, APOSJ_64246, APOSJ_19281, APOSJ_19278, APOSJ_06702, APOSJ_26972, APOSJ_19282, APOSJ_25099, APOSJ_64245, APOSJ_64251, APOSJ_19275
OG0001331	BRALA34734	DANRE05980, DANRE05978, DANRE05981, DANRE20417
OG0001331	BRALA34734	ASTMX11613
OG0001331	BRALA34734	ORYLA00931, ORYLA03956
OG0001331	BRALA34734	MOUSE36112, MOUSE36111, MOUSE03117
OG0001331	BRALA34734	XENTR14937, XENTR18315
OG0001331	BRALA34734	AMPFI_12424
OG0001331	BRALA34734	TCONS_00026610.p1
OG0001331	BRALA34734	SACKO_23573
OG0001350	BRALA27720	MOUSE33385
OG0001375	BRALA16842	TCONS_00045949.p1
OG0001405	BRALA22383	APOSJ_37660, APOSJ_37658
OG0001434	BRALA19313	XENTR14258
OG0001450	BRALA21555	MOUSE54265
OG0001456	BRALA15558	ASTMX18389
OG0001461	BRALA30847	DANRE25864
OG0001484	BRALA22671	AMPFI_09544
OG0001502	BRALA06307	ASTMX07826
OG0001507	BRALA34079	MOUSE20175, MOUSE20176, MOUSE07523
OG0001522	BRALA29451	AMPFI_18320, AMPFI_13603
OG0001527	BRALA23937	MOUSE04312
OG0001538	BRALA19183	APOSC_24317
OG0001557	BRALA07630	APOSC_03713
OG0001582	BRALA28423	STRPU_06829, STRPU_06376
OG0001596	BRALA09229	MOUSE09371
OG0001630	BRALA29673	APOSC_00297
OG0001632	BRALA09279	DANRE40470
OG0001632	BRALA09279	ORYLA19517
OG0001633	BRALA20356	DANRE38756
OG0001647	BRALA07000	STRPU_25134
OG0001647	BRALA11344, BRALA06999	STRPU_17288
OG0001657	BRALA35457	MOUSE02720, MOUSE02721
OG0001657	BRALA35457	DANRE33903, DANRE16790
OG0001657	BRALA35457	TCONS_00006048.p1
OG0001657	BRALA35457	SACKO_20167
OG0001657	BRALA35457	SCHMD12957
OG0001660	BRALA12583	ASTMX08833, ASTMX08831
OG0001661	BRALA27100	APOSJ_45271, APOSJ_16132
OG0001664	BRALA01214	DANRE28710, DANRE28713, DANRE28709, DANRE28711, DANRE28712
OG0001664	BRALA01214	MOUSE47904
OG0001673	BRALA23470, BRALA33336	XENTR14539
OG0001673	BRALA33336	ASTMX10983
OG0001724	BRALA32012	LYTVA_06501, LYTVA_06496
OG0001740	BRALA30517	AMPFI_08487
OG0001740	BRALA30517	TCONS_00024571.p1
OG0001740	BRALA30517	SACKO_22519
OG0001740	BRALA30517	HELIO_06383
OG0001740	BRALA30517	STRPU_12731
OG0001740	BRALA30517	LYTVA_17839, LYTVA_21620
OG0001779	BRALA01658	SACKO_22394
OG0001827	BRALA02872	HUMAN29270
OG0001875	BRALA04016	MOUSE31669
OG0001875	BRALA04016	DANRE04850
OG0001883	BRALA21969	AMPFI_12080
OG0001906	BRALA34902, BRALA34252, BRALA08413, BRALA22736	MOUSE01562
OG0001914	BRALA13023	AMPFI_23742
OG0001922	BRALA02392, BRALA12207	HELIO_03786
OG0001922	BRALA02392, BRALA12207	APOSC_17562
OG0001922	BRALA02392, BRALA12207	STRPU_04775
OG0001922	BRALA02392, BRALA12207	APOSJ_07897
OG0001923	BRALA01345	APOSJ_02740, APOSJ_02734, APOSJ_45692
OG0001923	BRALA01345	LYTVA_02896
OG0001929	BRALA01963	MOUSE17382
OG0001943	BRALA16392	XENTR02451
OG0001943	BRALA16392	HUMAN18949
OG0001945	BRALA27519	ORYLA09524
OG0001946	BRALA24922	DANRE20165
OG0001985	BRALA31266	MOUSE37870
OG0001988	BRALA17550	DANRE10195
OG0001988	BRALA17550	LYTVA_16970
OG0001988	BRALA17550	HUMAN28138, HUMAN28140, HUMAN28139
OG0001992	BRALA32975, BRALA35588	SCHMD23667
OG0001992	BRALA32975, BRALA35588	CAPO301694
OG0001992	BRALA32975, BRALA35588	SCHMD23667
OG0001992	BRALA32975, BRALA35588	CAEEL00543
OG0001992	BRALA32975, BRALA35588	DROME21257
OG0001992	BRALA35588	OFUSG11780.1.p1, OFUSG11780.2.p1
OG0001992	BRALA35588	MOUSE18239, MOUSE18240, MOUSE27555
OG0001992	BRALA35588	HUMAN25066, HUMAN09362
OG0001992	BRALA35588	XENTR05527, XENTR15316
OG0001992	BRALA35588	DANRE04530, DANRE04529, DANRE11763
OG0001992	BRALA35588	ASTMX04244, ASTMX09494
OG0001992	BRALA35588	ORYLA04809, ORYLA10449
OG0001992	BRALA35588	NEMVE10979
OG0001992	BRALA35588	AMPFI_09449
OG0001992	BRALA35588	SACKO_18064
OG0001992	BRALA35588	TCONS_00002538.p1
OG0002013	BRALA12490, BRALA13240, BRALA30429, BRALA20683, BRALA32151, BRALA00130, BRALA00131, BRALA12565, BRALA00129	AMPFI_00191
OG0002028	BRALA31054	LYTVA_02071
OG0002057	BRALA13905	MOUSE09785, MOUSE09786, MOUSE09783, MOUSE09782
OG0002057	BRALA13905	DANRE40573
OG0002057	BRALA13905	HUMAN28905, HUMAN00904
OG0002057	BRALA13905	SCHMD14251, SCHMD14250
OG0002057	BRALA13905	CAEEL04582, CAEEL04584
OG0002060	BRALA22621	HUMAN08798
OG0002060	BRALA22621	MOUSE07891
OG0002061	BRALA21414	MOUSE48024, MOUSE48025
OG0002065	BRALA05661	APOSJ_05621, APOSJ_30601
OG0002125	BRALA27093	DANRE39736
OG0002141	BRALA28309	ASTMX22344
OG0002169	BRALA33277	CAEEL19452
OG0002169	BRALA33277	DROME16101
OG0002169	BRALA33277	STRPU_10191
OG0002169	BRALA33277	HELIO_05746, HELIO_06281
OG0002169	BRALA33277	LYTVA_19343
OG0002169	BRALA33277	APOSJ_40833, APOSJ_61359, APOSJ_51678, APOSJ_40829
OG0002169	BRALA33277	APOSC_17032
OG0002169	BRALA33277	AMPFI_21144
OG0002169	BRALA33277	AENJA_17912
OG0002169	BRALA33277	TCONS_00026602.p1
OG0002169	BRALA33277	OFUSG19247.1.p1
OG0002169	BRALA33277	XENTR11319, XENTR12444
OG0002169	BRALA33277	HUMAN17132, HUMAN03434
OG0002169	BRALA33277	MOUSE40487, MOUSE20963
OG0002169	BRALA33277	DANRE38142, DANRE38141, DANRE03316, DANRE38144
OG0002169	BRALA33277	ASTMX05633, ASTMX10425
OG0002169	BRALA33277	ORYLA08351, ORYLA08352
OG0002169	BRALA33277	NEMVE25833
OG0002223	BRALA06051	AENJA_26635
OG0002223	BRALA06051	STRPU_22283
OG0002223	BRALA06051	LYTVA_27194, LYTVA_07164
OG0002223	BRALA06051	HELIO_09083
OG0002223	BRALA06051	SCHMD11701
OG0002223	BRALA06051	AMPFI_16615, AMPFI_04411
OG0002223	BRALA02219	APOSC_03804
OG0002227	BRALA33920	HUMAN28363
OG0002227	BRALA33920	DANRE27372, DANRE27373, DANRE27374, DANRE27375, DANRE27376, DANRE38788
OG0002257	BRALA35270, BRALA30211	HUMAN16802
OG0002258	BRALA31922	AMPFI_24977
OG0002261	BRALA34119, BRALA35135	APOSC_01376
OG0002261	BRALA34119	AMPFI_00774
OG0002261	BRALA35135	ORYLA00563, ORYLA17198, ORYLA00564
OG0002261	BRALA35135	XENTR12712, XENTR18200, XENTR12711
OG0002261	BRALA35135	ASTMX04970, ASTMX16399, ASTMX04971
OG0002261	BRALA35135	DANRE30021, DANRE29869, DANRE29868, DANRE30020
OG0002261	BRALA35135	HUMAN26610, HUMAN26609
OG0002261	BRALA35135	MOUSE38705, MOUSE38702, MOUSE38703, MOUSE38700, MOUSE38701, MOUSE38699
OG0002261	BRALA35135	SCHMD15654, SCHMD22485
OG0002261	BRALA35135	AMPFI_00774
OG0002261	BRALA35135	AMPFI_00774
OG0002272	BRALA08886, BRALA18101	ASTMX06090
OG0002319	BRALA14241	APOSC_18537
OG0002321	BRALA24064	AMPFI_00776
OG0002328	BRALA01144	LYTVA_01279
OG0002406	BRALA05674	SACKO_33790
OG0002407	BRALA03717	MOUSE11499
OG0002407	BRALA03717	XENTR18256
OG0002410	BRALA01716	AMPFI_25695
OG0002416	BRALA35219	AMPFI_00862
OG0002433	BRALA06198	LYTVA_02521
OG0002433	BRALA06198	HUMAN13300
OG0002443	BRALA11051, BRALA28046	AMPFI_15890
OG0002443	BRALA11051, BRALA28046	DANRE24994
OG0002456	BRALA04780	MOUSE53280
OG0002497	BRALA03649	MOUSE18375
OG0002520	BRALA06803	APOSC_09886
OG0002590	BRALA03125	LYTVA_05045
OG0002649	BRALA16332	AENJA_19046
OG0002654	BRALA08682	DANRE40237, DANRE40238, DANRE40239, DANRE40236
OG0002654	BRALA08682	APOSJ_49598
OG0002664	BRALA34776, BRALA34520	MOUSE33028, MOUSE33029, MOUSE33030
OG0002708	BRALA30426	DROME16440
OG0002720	BRALA18248	SCHMD27297
OG0002730	BRALA23709	AMPFI_11827
OG0002751	BRALA27383	HELIO_10298
OG0002763	BRALA07435	HUMAN12876
OG0002774	BRALA17566	XENTR18198
OG0002780	BRALA06535	ASTMX12328
OG0002811	BRALA00022	AMPFI_04646, AMPFI_07322
OG0002827	BRALA12317	HUMAN30650
OG0002827	BRALA12317	MOUSE00491
OG0002848	BRALA18503	MOUSE09198
OG0002889	BRALA20446	AMPFI_18322
OG0002892	BRALA27556	DANRE19161
OG0002961	BRALA32745	HUMAN08642
OG0002965	BRALA06727	HELIO_08079
OG0002989	BRALA25735, BRALA25734, BRALA24378	MOUSE11229
OG0002989	BRALA24378	ASTMX22597
OG0002989	BRALA24378	ORYLA14531
OG0002989	BRALA24378	LYTVA_10772
OG0003011	BRALA12587, BRALA12588	ORYLA00615
OG0003011	BRALA12587, BRALA12588	HUMAN10459
OG0003011	BRALA12587, BRALA12588	AMPFI_10396, AMPFI_10397
OG0003017	BRALA18273	HUMAN14078, HUMAN14075
OG0003024	BRALA29524	MOUSE24540
OG0003044	BRALA14962	AMPFI_18286
OG0003049	BRALA00969	AMPFI_20646
OG0003060	BRALA01131	HUMAN14857
OG0003113	BRALA16666	TCONS_00045474.p1
OG0003200	BRALA17093	AMPFI_08232
OG0003206	BRALA15924	MOUSE16899
OG0003220	BRALA29359	MOUSE55318
OG0003234	BRALA08065	LYTVA_29645, LYTVA_00303, LYTVA_07989, LYTVA_16996, LYTVA_07481, LYTVA_24015, LYTVA_15403, LYTVA_05454, LYTVA_17107, LYTVA_02073, LYTVA_12901, LYTVA_07700, LYTVA_28681, LYTVA_29461, LYTVA_29992, LYTVA_09022, LYTVA_12924, LYTVA_18391
OG0003258	BRALA26675	AENJA_01707
OG0003296	BRALA07237	APOSC_07542
OG0003302	BRALA03648	HUMAN24408
OG0003303	BRALA31282	APOSC_00584
OG0003317	BRALA25346	MOUSE06370
OG0003319	BRALA16686	HUMAN19328
OG0003328	BRALA19968, BRALA03294	ASTMX10051
OG0003388	BRALA06749	AMPFI_20188
OG0003388	BRALA06749	APOSC_17998
OG0003391	BRALA31038	HUMAN08975, HUMAN08976
OG0003391	BRALA31038	DANRE05821
OG0003429	BRALA02516	APOSC_17184
OG0003429	BRALA02516	MOUSE17279
OG0003429	BRALA02516	DANRE40349
OG0003447	BRALA17322	APOSJ_05681
OG0003447	BRALA17322	AMPFI_22475
OG0003462	BRALA10146	MOUSE50378
OG0003462	BRALA10146	LYTVA_28602, LYTVA_22633
OG0003464	BRALA23056	MOUSE38665, MOUSE38667
OG0003475	BRALA35136, BRALA12279	AENJA_08250
OG0003475	BRALA35136, BRALA12279	LYTVA_22320
OG0003475	BRALA35136	NEMVE00257
OG0003475	BRALA35136	AMPFI_21852
OG0003475	BRALA35136	HELIO_09101
OG0003475	BRALA12279	AMPFI_24738
OG0003505	BRALA03121	LYTVA_23504
OG0003505	BRALA03121	TCONS_00008628.p1
OG0003511	BRALA16529	AMPFI_18153
OG0003513	BRALA14520	SACKO_14277
OG0003546	BRALA35137	STRPU_19646
OG0003546	BRALA35137	OFUSG18888.1.p1
OG0003546	BRALA35137	AMPFI_21995, AMPFI_00349
OG0003546	BRALA35137	XENTR06379, XENTR00109
OG0003546	BRALA35137	HUMAN29089, HUMAN02169
OG0003546	BRALA35137	MOUSE32868, MOUSE23969, MOUSE23968
OG0003546	BRALA35137	ORYLA02573, ORYLA06777
OG0003546	BRALA35137	ASTMX03306, ASTMX06923, ASTMX13133
OG0003546	BRALA35137	DANRE35129, DANRE35130, DANRE35372, DANRE27446
OG0003546	BRALA35137	TCONS_00015103.p1, TCONS_00044318.p1
OG0003546	BRALA35137	SACKO_10975
OG0003546	BRALA35137	AENJA_21963
OG0003546	BRALA35137	NEMVE00903
OG0003546	BRALA35137	STRPU_19646
OG0003556	BRALA01809	APOSJ_04978
OG0003557	BRALA02541	LYTVA_20994
OG0003617	BRALA23864	LYTVA_11705
OG0003636	BRALA30883	APOSC_19573
OG0003636	BRALA30883	LYTVA_04868
OG0003654	BRALA21275	ASTMX18753
OG0003696	BRALA20035	MOUSE35451, MOUSE35452
OG0003696	BRALA20035	DANRE24940
OG0003697	BRALA16767	HELIO_12072
OG0003697	BRALA16767	STRPU_00014
OG0003738	BRALA18659	ASTMX11367
OG0003755	BRALA35547	MOUSE04960
OG0003769	BRALA26566	ASTMX09113
OG0003769	BRALA26566	AMPFI_03825
OG0003826	BRALA34514, BRALA34863	XENTR01516
OG0003826	BRALA34514, BRALA34863	HUMAN11781
OG0003826	BRALA34514, BRALA34863	MOUSE04366
OG0003826	BRALA34514, BRALA34863	ORYLA04385
OG0003826	BRALA34514, BRALA34863	DANRE34174, DANRE34175
OG0003826	BRALA34514, BRALA34863	ASTMX13299
OG0003826	BRALA34514, BRALA34863	APOSC_17419
OG0003826	BRALA34514, BRALA34863	APOSJ_01356, APOSJ_01357
OG0003826	BRALA34514	DROME12869, DROME12870, DROME12868
OG0003826	BRALA34514	CAEEL02634
OG0003826	BRALA34514	NEMVE08019
OG0003826	BRALA34863	STRPU_14827
OG0003826	BRALA34863	LYTVA_13850
OG0003826	BRALA34863	HELIO_02592
OG0003826	BRALA34863	SCHMD20348
OG0003853	BRALA15182	MOUSE18179
OG0003853	BRALA15182	DANRE05313
OG0003910	BRALA23005	HUMAN00726
OG0003944	BRALA12422	APOSC_03774, APOSC_25388, APOSC_28777
OG0004020	BRALA33134	MOUSE22764
OG0004020	BRALA33134	XENTR18787
OG0004027	BRALA35222	APOSJ_49299
OG0004034	BRALA08468	AENJA_06781
OG0004034	BRALA08468	APOSJ_09656
OG0004034	BRALA08468	APOSC_05299
OG0004034	BRALA08468	AMPFI_05228
OG0004040	BRALA29252	LYTVA_01753
OG0004070	BRALA10466	DANRE15502, DANRE15500
OG0004070	BRALA10466	ASTMX20983
OG0004120	BRALA23954	APOSJ_24987
OG0004123	BRALA14695	HUMAN05601
OG0004146	BRALA17718	MOUSE37809
OG0004146	BRALA17719	APOSJ_28241, APOSJ_28240, APOSJ_28242, APOSJ_45825
OG0004146	BRALA17719	APOSC_14892
OG0004146	BRALA17719	HELIO_08871
OG0004146	BRALA17719	STRPU_14257
OG0004146	BRALA17719	LYTVA_19042
OG0004146	BRALA17719	AMPFI_03964
OG0004146	BRALA17719	TCONS_00004825.p1
OG0004164	BRALA03977	XENTR07533
OG0004164	BRALA03977	HUMAN23813
OG0004164	BRALA03977	MOUSE00811, MOUSE00815
OG0004164	BRALA03977	SCHMD24669, SCHMD09145
OG0004164	BRALA03977	APOSC_18496
OG0004229	BRALA03705	LYTVA_26921
OG0004281	BRALA31689, BRALA31688	AENJA_07872
OG0004288	BRALA03278	TCONS_00008002.p1
OG0004308	BRALA23893	ASTMX22955
OG0004332	BRALA05495	MOUSE51034, MOUSE51033
OG0004351	BRALA18778	TCONS_00052162.p1, TCONS_00052151.p1
OG0004358	BRALA15298	AMPFI_19007
OG0004358	BRALA15298	AENJA_18673
OG0004485	BRALA24714	DANRE13311
OG0004485	BRALA24714	HUMAN05735
OG0004520	BRALA12190	APOSC_25046
OG0004534	BRALA20376	AMPFI_00646
OG0004534	BRALA20376	DANRE01101
OG0004537	BRALA21822	STRPU_12968
OG0004539	BRALA35415, BRALA26130	APOSC_15371
OG0004546	BRALA21732	APOSC_16773
OG0004550	BRALA02217	AMPFI_09809
OG0004559	BRALA23018	MOUSE06489, MOUSE06490
OG0004559	BRALA23018	HUMAN13596, HUMAN13595
OG0004573	BRALA32832	OFUSG14867.1.p1
OG0004573	BRALA32832	XENTR04046
OG0004573	BRALA32832	MOUSE04825
OG0004573	BRALA32832	HUMAN12408
OG0004573	BRALA32832	ASTMX21393
OG0004573	BRALA32832	DANRE00757
OG0004573	BRALA32832	ORYLA04092
OG0004573	BRALA32832	AENJA_13416
OG0004573	BRALA32832	HELIO_11161
OG0004573	BRALA32832	STRPU_15071
OG0004573	BRALA32832	APOSJ_29168, APOSJ_29167
OG0004573	BRALA32832	APOSC_22038
OG0004573	BRALA32832	CAPO305859
OG0004573	BRALA32832	NEMVE10987, NEMVE20146
OG0004573	BRALA32832	MOUSE04827, MOUSE51637
OG0004573	BRALA32832	MOUSE04827, MOUSE51637
OG0004573	BRALA32832	LYTVA_17192
OG0004573	BRALA32832	AMPFI_12921
OG0004596	BRALA07736	STRPU_15859
OG0004600	BRALA00319	MOUSE25947
OG0004609	BRALA33091	APOSC_14861
OG0004615	BRALA18480, BRALA18477	MOUSE37120
OG0004615	BRALA18479	STRPU_19902
OG0004615	BRALA18479	HELIO_08842
OG0004615	BRALA18479	LYTVA_21893
OG0004615	BRALA18479	APOSC_02446
OG0004615	BRALA18479	APOSJ_16248, APOSJ_49467, APOSJ_34360, APOSJ_34362
OG0004615	BRALA18479	MOUSE37120
OG0004615	BRALA18479	AMPFI_22837
OG0004615	BRALA18479	MOUSE37120
OG0004637	BRALA28098	STRPU_25858
OG0004637	BRALA28098	HUMAN11592
OG0004649	BRALA26873	ASTMX21812
OG0004659	BRALA19760	AMPFI_24972
OG0004664	BRALA28864	DANRE07607
OG0004688	BRALA20055	MOUSE10857
OG0004728	BRALA19112	DANRE39344
OG0004728	BRALA19112	HUMAN11622
OG0004732	BRALA09631	AMPFI_04115
OG0004748	BRALA09674	AENJA_02211
OG0004751	BRALA35736	MOUSE20253
OG0004769	BRALA10097, BRALA07309	APOSC_17401
OG0004795	BRALA35226, BRALA35282	APOSJ_64010, APOSJ_64009
OG0004795	BRALA35226, BRALA35282	APOSC_11957
OG0004795	BRALA35226, BRALA35282	OFUSG15100.1.p1, OFUSG15100.2.p1
OG0004795	BRALA35226, BRALA35282	MOUSE37925, MOUSE37923
OG0004795	BRALA35226, BRALA35282	HUMAN07355
OG0004795	BRALA35226, BRALA35282	XENTR06349
OG0004795	BRALA35226, BRALA35282	DANRE00139
OG0004795	BRALA35226, BRALA35282	AENJA_06563
OG0004795	BRALA35226, BRALA35282	bflo_20953
OG0004795	BRALA35226	ASTMX05972
OG0004795	BRALA35226	ASTMX05972
OG0004795	BRALA35226	LYTVA_00644
OG0004795	BRALA35226	NEMVE09760
OG0004836	BRALA34047	DANRE07543
OG0004836	BRALA34047	HUMAN26406
OG0004836	BRALA34047	MOUSE38155
OG0004849	BRALA34656, BRALA23873	HUMAN20143, HUMAN20137
OG0004854	BRALA22738	APOSC_24117
OG0004865	BRALA32090	DROME08867, DROME08869, DROME08868
OG0004865	BRALA32090	STRPU_15150, STRPU_02532
OG0004865	BRALA32090	HELIO_10000
OG0004865	BRALA32090	LYTVA_13322
OG0004865	BRALA32090	CAEEL07300
OG0004865	BRALA32090	OFUSG15043.1.p1
OG0004865	BRALA32090	AENJA_12376
OG0004865	BRALA32090	AMPFI_20573, AMPFI_25525
OG0004865	BRALA32090	SCHMD12030, SCHMD20327
OG0004900	BRALA24271	MOUSE22531, MOUSE22525
OG0004907	BRALA10831	LYTVA_12073
OG0004907	BRALA10831	STRPU_21713, STRPU_21649
OG0004907	BRALA10831	HELIO_07173
OG0004907	BRALA10831	TCONS_00010179.p1, TCONS_00010177.p1
OG0004907	BRALA10831	AMPFI_04014
OG0004907	BRALA10831	SACKO_12356
OG0004922	BRALA16616	AENJA_18036
OG0004963	BRALA04605	MOUSE37240
OG0004971	BRALA33597	LYTVA_21887
OG0004971	BRALA33597	AMPFI_03928
OG0005073	BRALA10284	AMPFI_05809
OG0005107	BRALA02107	AMPFI_08427
OG0005116	BRALA12189	APOSJ_32781, APOSJ_43383, APOSJ_32775, APOSJ_43377, APOSJ_38856, APOSJ_38858, APOSJ_26538, APOSJ_56095, APOSJ_32777, APOSJ_56065
OG0005139	BRALA30038	HELIO_08484
OG0005151	BRALA06150	DANRE03017
OG0005155	BRALA11593	STRPU_06007
OG0005179	BRALA08226	MOUSE36304
OG0005187	BRALA27874	AMPFI_09348, AMPFI_03439
OG0005237	BRALA22124	SCHMD13955
OG0005299	BRALA20015	AMPFI_20586
OG0005302	BRALA07884	AMPFI_03808, AMPFI_18711
OG0005305	BRALA03385	AMPFI_00085
OG0005317	BRALA30516	ASTMX00041
OG0005370	BRALA17106	LYTVA_12163
OG0005398	BRALA08633	DROME19824, DROME19822, DROME19823, DROME19821, DROME19825
OG0005398	BRALA08633	HELIO_03199
OG0005398	BRALA08633	STRPU_13512
OG0005398	BRALA08633	APOSJ_20164, APOSJ_20165
OG0005398	BRALA08633	APOSC_11119
OG0005398	BRALA08633	AMPFI_23611
OG0005398	BRALA08633	CAEEL07255
OG0005416	BRALA35059	TCONS_00001111.p1
OG0005416	BRALA35059	HELIO_03332
OG0005416	BRALA35059	LYTVA_09867
OG0005416	BRALA35059	STRPU_17942
OG0005416	BRALA35059	APOSJ_52167, APOSJ_52166
OG0005416	BRALA35059	APOSC_00108, APOSC_00109
OG0005416	BRALA35059	AENJA_05660
OG0005416	BRALA35059	DROME05882, DROME05883
OG0005416	BRALA35059	SACKO_25204
OG0005416	BRALA35059	AMPFI_19434
OG0005418	BRALA34707	MOUSE26413
OG0005433	BRALA32085	HUMAN13901
OG0005433	BRALA32085	MOUSE19851, MOUSE19850
OG0005433	BRALA32085	XENTR08308, XENTR06429
OG0005433	BRALA32085	ASTMX10384
OG0005433	BRALA32085	DANRE19173
OG0005433	BRALA32085	ORYLA02482, ORYLA17419
OG0005433	BRALA32085	SCHMD02774
OG0005494	BRALA11462	APOSJ_30242
OG0005499	BRALA03805	APOSC_20319
OG0005551	BRALA18500	DANRE03835
OG0005600	BRALA12754	AMPFI_21973
OG0005652	BRALA01979	MOUSE31214
OG0005720	BRALA34468	AENJA_02583
OG0005738	BRALA29956	HUMAN21605
OG0005754	BRALA35534	MOUSE32226
OG0005829	BRALA19303	MOUSE00183
OG0005829	BRALA19303	DANRE18382
OG0005838	BRALA26875, BRALA35802	STRPU_00058
OG0005853	BRALA10839	LYTVA_13543
OG0005899	BRALA10069	HUMAN15102
OG0005945	BRALA26131	APOSJ_27334
OG0005953	BRALA18225	HUMAN23467, HUMAN23461
OG0005966	BRALA13003	STRPU_00119
OG0005977	BRALA02503	STRPU_01218, STRPU_12082
OG0005977	BRALA02503	HELIO_12506
OG0005977	BRALA02503	LYTVA_16782, LYTVA_12904
OG0005977	BRALA02503	SCHMD05711
OG0006000	BRALA22625	APOSJ_59193
OG0006120	BRALA33378, BRALA33685	STRPU_00038
OG0006120	BRALA33378, BRALA33685	XENTR00584
OG0006146	BRALA34369, BRALA34115	MOUSE41109
OG0006154	BRALA04200	DANRE21590
OG0006222	BRALA20270, BRALA09580	AMPFI_10422
OG0006231	BRALA34256	APOSC_21160
OG0006231	BRALA34256	ASTMX22936
OG0006286	BRALA20294	MOUSE35474
OG0006361	BRALA35163	XENTR00507
OG0006364	BRALA04293, BRALA04292	ORYLA17403
OG0006496	BRALA20624	MOUSE23970
OG0006496	BRALA20624	HUMAN02168
OG0006525	BRALA12796	AENJA_06860
OG0006534	BRALA16302	HUMAN03548
OG0006537	BRALA30762	APOSC_19643
OG0006580	BRALA07037	AMPFI_04144
OG0006606	BRALA27981	AMPFI_02730
OG0006659	BRALA15333	AMPFI_19608
OG0006670	BRALA02659	APOSC_09168
OG0006758	BRALA00417	APOSJ_41069
OG0006758	BRALA00417	APOSC_29158
OG0006850	BRALA31268	HUMAN22746
OG0006909	BRALA33942	AMPFI_14481
OG0006916	BRALA16553	LYTVA_25691, LYTVA_07151
OG0006925	BRALA18547	MOUSE27505
OG0006946	BRALA10185	HUMAN29373, HUMAN29374
OG0006955	BRALA12723	DANRE12440, DANRE12439, DANRE12441, DANRE12442
OG0006955	BRALA12723	MOUSE35291, MOUSE35293
OG0006987	BRALA10147	TCONS_00016667.p1
OG0007038	BRALA17300	MOUSE31028
OG0007062	BRALA05692	APOSC_14304
OG0007067	BRALA03280	ASTMX08892
OG0007067	BRALA03280	DANRE39351
OG0007067	BRALA03280	AMPFI_07752
OG0007067	BRALA03280	SCHMD09674
OG0007067	BRALA03280	LYTVA_01305
OG0007113	BRALA22691	LYTVA_23019
OG0007134	BRALA13846	HUMAN03575
OG0007149	BRALA06387, BRALA06385	bflo_17134
OG0007149	BRALA06387, BRALA06385	SACKO_09858
OG0007149	BRALA06387, BRALA06385	LYTVA_15882, LYTVA_21404
OG0007149	BRALA06387, BRALA06385	TCONS_00051414.p1, TCONS_00051411.p1
OG0007149	BRALA06387, BRALA06385	OFUSG07733.1.p1
OG0007188	BRALA17130	MOUSE26114, MOUSE26113, MOUSE26115
OG0007277	BRALA22637	APOSJ_00797
OG0007309	BRALA20888	APOSJ_58403
OG0007405	BRALA33876	MOUSE14443
OG0007418	BRALA07233	AENJA_16895
OG0007419	BRALA32702	HUMAN12143
OG0007438	BRALA35881, BRALA35657, BRALA35687, BRALA29625	LYTVA_04235
OG0007453	BRALA02538	HELIO_07039
OG0008078	BRALA13669	OFUSG25752.1.p1
OG0008106	BRALA26076	DANRE43427
OG0008216	BRALA22497	HELIO_10403
OG0008217	BRALA06238	LYTVA_26320
OG0008348	BRALA02881	TCONS_00014673.p1
OG0008536	BRALA00357	AENJA_05136
OG0008576	BRALA11513	ORYLA04640
OG0008576	BRALA11513	ASTMX13502
OG0008576	BRALA11513	DANRE05957
OG0008576	BRALA11513	MOUSE46861, MOUSE46862
OG0008576	BRALA11513	HUMAN03809
OG0008576	BRALA11513	XENTR09218
OG0008576	BRALA11513	AMPFI_19249
OG0008576	BRALA11513	APOSJ_16968
OG0008619	BRALA23442	MOUSE08137
OG0008657	BRALA32006	AMPFI_24751
OG0008822	BRALA06559	APOSC_17501
OG0009100	BRALA05613	APOSJ_46385
OG0009100	BRALA05613	AENJA_13017
OG0009441	BRALA12121, BRALA12119	APOSJ_36021
OG0009598	BRALA05281	AENJA_10111
OG0009645	BRALA21281	AENJA_23425
OG0011266	BRALA03442	TCONS_00008430.p1
