Orthogroup	AENJA_ok	YEAST
OG0000000	AENJA_00110, AENJA_23461, AENJA_26081, AENJA_24355, AENJA_09148, AENJA_23544, AENJA_09172, AENJA_06471, AENJA_01537, AENJA_00111, AENJA_09519, AENJA_01531, AENJA_05531, AENJA_07481, AENJA_25905, AENJA_15854, AENJA_12748, AENJA_15858, AENJA_15855, AENJA_12751, AENJA_05807, AENJA_05798, AENJA_15859, AENJA_15861, AENJA_05799, AENJA_22692, AENJA_20015	YEAST00701
OG0000000	AENJA_05805	YEAST04484
OG0000006	AENJA_11699, AENJA_18239, AENJA_21365, AENJA_22159	YEAST01430
OG0000007	AENJA_07512, AENJA_11851	YEAST00671
OG0000007	AENJA_11277	YEAST01568, YEAST05134
OG0000011	AENJA_16502, AENJA_19273, AENJA_01290, AENJA_08483, AENJA_20159, AENJA_01152, AENJA_04598, AENJA_03543, AENJA_24193, AENJA_17587, AENJA_15118, AENJA_06710, AENJA_08607, AENJA_10319, AENJA_18099, AENJA_11078, AENJA_01925, AENJA_24659, AENJA_13168, AENJA_25796, AENJA_10554, AENJA_20178, AENJA_19192, AENJA_02877, AENJA_17352, AENJA_20291, AENJA_06516, AENJA_22650, AENJA_14414, AENJA_17241, AENJA_22685, AENJA_26020, AENJA_21439, AENJA_21547, AENJA_23170, AENJA_23691, AENJA_08871, AENJA_09595, AENJA_20150, AENJA_13507, AENJA_21384, AENJA_24664, AENJA_01682, AENJA_22850, AENJA_21026, AENJA_26050, AENJA_09100, AENJA_24133, AENJA_12015, AENJA_00474, AENJA_17934, AENJA_02962, AENJA_15977, AENJA_12186	YEAST02600, YEAST01619
OG0000013	AENJA_14640, AENJA_11516, AENJA_23415	YEAST04082
OG0000014	AENJA_09518, AENJA_09012, AENJA_17358, AENJA_16625, AENJA_12276, AENJA_23299, AENJA_25536, AENJA_02819, AENJA_17724, AENJA_13039, AENJA_13036, AENJA_17723, AENJA_02820, AENJA_17722, AENJA_02818	YEAST03484, YEAST05078, YEAST05334, YEAST05768
OG0000016	AENJA_04784, AENJA_04814, AENJA_14549, AENJA_07664, AENJA_15459, AENJA_26670	YEAST03839, YEAST02807, YEAST03817
OG0000016	AENJA_11513	YEAST03870, YEAST01103
OG0000031	AENJA_15821, AENJA_09856, AENJA_09858, AENJA_20966, AENJA_08759, AENJA_10722, AENJA_02955, AENJA_05740, AENJA_14258, AENJA_15917, AENJA_14260, AENJA_15028	YEAST02238
OG0000034	AENJA_09849, AENJA_02790, AENJA_09850, AENJA_21749, AENJA_26717, AENJA_09845, AENJA_02791, AENJA_23686, AENJA_13785, AENJA_15701, AENJA_24919, AENJA_16616	YEAST04436, YEAST05550, YEAST05115
OG0000036	AENJA_22120, AENJA_22191, AENJA_22190, AENJA_26206, AENJA_19267, AENJA_16633, AENJA_06167, AENJA_03477, AENJA_19964, AENJA_15639, AENJA_09986, AENJA_15638, AENJA_15641, AENJA_15644, AENJA_21299, AENJA_21302, AENJA_21301, AENJA_09983, AENJA_16634, AENJA_26207, AENJA_16107	YEAST02545, YEAST02806
OG0000037	AENJA_19419, AENJA_19141, AENJA_21842, AENJA_00885, AENJA_06908, AENJA_02989, AENJA_17768, AENJA_10696, AENJA_20944, AENJA_05483, AENJA_06274, AENJA_13632, AENJA_06403, AENJA_22611, AENJA_22610	YEAST03227
OG0000038	AENJA_09926, AENJA_09925, AENJA_05691, AENJA_00416, AENJA_26313, AENJA_05694, AENJA_05695, AENJA_05692, AENJA_02876, AENJA_05698, AENJA_09724, AENJA_16130, AENJA_05693, AENJA_05697, AENJA_05700, AENJA_05696, AENJA_05701	YEAST04422, YEAST04379
OG0000043	AENJA_11260, AENJA_12781, AENJA_18038, AENJA_19392	YEAST00224, YEAST01200
OG0000048	AENJA_11619, AENJA_23226, AENJA_21270, AENJA_21713, AENJA_09360, AENJA_16735, AENJA_16736, AENJA_25506	YEAST05707
OG0000054	AENJA_06676, AENJA_23371, AENJA_12232, AENJA_06677	YEAST01385
OG0000055	AENJA_19390, AENJA_19388, AENJA_19387	YEAST01199, YEAST00225
OG0000058	AENJA_23345	YEAST02989
OG0000058	AENJA_12354, AENJA_14024, AENJA_26534, AENJA_10634	YEAST02120
OG0000069	AENJA_15982	YEAST03661
OG0000079	AENJA_16186, AENJA_02482, AENJA_17442, AENJA_11789, AENJA_10507, AENJA_05095	YEAST05330
OG0000082	AENJA_25747	YEAST04267, YEAST01834, YEAST03359
OG0000082	AENJA_11460	YEAST04992, YEAST00735
OG0000095	AENJA_19114, AENJA_16573, AENJA_22915, AENJA_07479, AENJA_11792, AENJA_11795, AENJA_02518, AENJA_18173, AENJA_25126, AENJA_11793, AENJA_23676	YEAST02993
OG0000096	AENJA_25727	YEAST02643
OG0000096	AENJA_21947, AENJA_08423, AENJA_09240, AENJA_14053	YEAST05104, YEAST05564
OG0000103	AENJA_10812, AENJA_14367	YEAST02873
OG0000113	AENJA_14458, AENJA_02203, AENJA_09826	YEAST00378, YEAST01351, YEAST05581
OG0000116	AENJA_23563, AENJA_23564, AENJA_17822	YEAST04456
OG0000122	AENJA_09263, AENJA_26721, AENJA_14198, AENJA_09459, AENJA_22788	YEAST04928
OG0000124	AENJA_03116, AENJA_25792	YEAST05021
OG0000124	AENJA_09769, AENJA_03187	YEAST04122
OG0000127	AENJA_11132, AENJA_20308, AENJA_04153, AENJA_17569, AENJA_00497, AENJA_11687	YEAST06208
OG0000128	AENJA_21735	YEAST01398, YEAST05967, YEAST05716
OG0000132	AENJA_18042	YEAST06016
OG0000137	AENJA_26083, AENJA_25528, AENJA_11173, AENJA_09533, AENJA_20614	YEAST01851, YEAST00637
OG0000142	AENJA_25989, AENJA_18497, AENJA_26251, AENJA_06608, AENJA_26249, AENJA_21733, AENJA_26417, AENJA_16857, AENJA_18146	YEAST02122
OG0000157	AENJA_07142	YEAST02851
OG0000158	AENJA_06739, AENJA_12334	YEAST05568
OG0000160	AENJA_20383, AENJA_06959, AENJA_13005	YEAST04194
OG0000175	AENJA_10259, AENJA_12556, AENJA_06264, AENJA_00936, AENJA_00556, AENJA_05120, AENJA_10260	YEAST00850, YEAST04327
OG0000179	AENJA_05305	YEAST01123, YEAST04430
OG0000179	AENJA_25279, AENJA_14465	YEAST02911, YEAST01281
OG0000179	AENJA_09174, AENJA_18216	YEAST04108, YEAST03346
OG0000181	AENJA_08843, AENJA_22272, AENJA_05116, AENJA_18867, AENJA_18892, AENJA_04368, AENJA_08840	YEAST00824, YEAST00771
OG0000186	AENJA_22491, AENJA_16129, AENJA_06752, AENJA_06753, AENJA_16122, AENJA_22490	YEAST00336
OG0000194	AENJA_10642, AENJA_01834	YEAST01410
OG0000195	AENJA_16048, AENJA_12573, AENJA_10227, AENJA_02703	YEAST03414
OG0000211	AENJA_25447, AENJA_09895, AENJA_19821, AENJA_00791, AENJA_02934, AENJA_21143, AENJA_10795	YEAST04964
OG0000221	AENJA_18945, AENJA_16769, AENJA_12084	YEAST05872
OG0000222	AENJA_10919, AENJA_15540	YEAST01460
OG0000225	AENJA_04793, AENJA_18668	YEAST06146
OG0000227	AENJA_15989, AENJA_15987, AENJA_15991	YEAST05815
OG0000228	AENJA_00460, AENJA_20374, AENJA_10515	YEAST04750
OG0000233	AENJA_15984, AENJA_01071, AENJA_13806, AENJA_04371	YEAST03726, YEAST03241, YEAST03242
OG0000238	AENJA_24755, AENJA_14161, AENJA_03329, AENJA_17228	YEAST06340, YEAST03834
OG0000240	AENJA_19535, AENJA_20534, AENJA_20529, AENJA_20532	YEAST03827
OG0000240	AENJA_09344	YEAST04973
OG0000242	AENJA_14245, AENJA_12414, AENJA_02018, AENJA_25996	YEAST00734
OG0000246	AENJA_23370, AENJA_10538, AENJA_10539, AENJA_20530, AENJA_11679, AENJA_05856, AENJA_05857, AENJA_05854, AENJA_23980, AENJA_21766	YEAST01746, YEAST01747
OG0000250	AENJA_21466, AENJA_01564, AENJA_18922, AENJA_05431, AENJA_25579	YEAST04716
OG0000255	AENJA_11302, AENJA_23771, AENJA_05199, AENJA_03525, AENJA_17033, AENJA_10693, AENJA_10691, AENJA_10694, AENJA_20407, AENJA_04940, AENJA_17159, AENJA_07356	YEAST02822
OG0000256	AENJA_24528, AENJA_04595, AENJA_22679, AENJA_05370, AENJA_07601, AENJA_13004	YEAST00266
OG0000258	AENJA_04201, AENJA_21764, AENJA_08669	YEAST00118
OG0000260	AENJA_02917, AENJA_18084, AENJA_23444	YEAST04323
OG0000265	AENJA_02918	YEAST03885, YEAST03714
OG0000272	AENJA_04696, AENJA_04697, AENJA_25855, AENJA_06572, AENJA_24245, AENJA_24884, AENJA_06955	YEAST02076, YEAST01066
OG0000274	AENJA_08883, AENJA_19422, AENJA_13452, AENJA_15148, AENJA_15151, AENJA_06609, AENJA_16582, AENJA_02680, AENJA_09511, AENJA_09513, AENJA_09516, AENJA_20225	YEAST02118, YEAST04573, YEAST01485
OG0000278	AENJA_24084	YEAST03847
OG0000278	AENJA_12104	YEAST04060
OG0000284	AENJA_03153, AENJA_16460, AENJA_16457, AENJA_23940, AENJA_23553, AENJA_12800, AENJA_09635, AENJA_14116, AENJA_03847, AENJA_00883, AENJA_14484, AENJA_03142, AENJA_20326	YEAST05621
OG0000289	AENJA_13824, AENJA_25023, AENJA_15869, AENJA_15870	YEAST00645
OG0000305	AENJA_01524, AENJA_20012, AENJA_20013, AENJA_23458	YEAST04899
OG0000308	AENJA_23339, AENJA_15829, AENJA_04225, AENJA_18481	YEAST02548
OG0000310	AENJA_12510, AENJA_19334, AENJA_10979, AENJA_16718, AENJA_13920, AENJA_20912, AENJA_20756	YEAST02635
OG0000312	AENJA_11345, AENJA_19966, AENJA_05337	YEAST06260, YEAST02598, YEAST06261, YEAST02599, YEAST00807, YEAST04102
OG0000313	AENJA_16242, AENJA_16057	YEAST05106
OG0000315	AENJA_20619	YEAST04684
OG0000316	AENJA_23705, AENJA_08472	YEAST01673
OG0000317	AENJA_15981, AENJA_16154, AENJA_18053	YEAST01356
OG0000321	AENJA_07424, AENJA_02624, AENJA_23362, AENJA_07423	YEAST03264
OG0000323	AENJA_15690, AENJA_22664, AENJA_20126	YEAST02249
OG0000326	AENJA_25612, AENJA_08013	YEAST06268, YEAST05286
OG0000326	AENJA_25861	YEAST03472, YEAST00720, YEAST00712, YEAST04873, YEAST02103, YEAST02102
OG0000327	AENJA_09087, AENJA_11801, AENJA_16140, AENJA_13471, AENJA_26486, AENJA_12542	YEAST01354
OG0000334	AENJA_18674, AENJA_08078, AENJA_20172, AENJA_19540, AENJA_16534, AENJA_18675, AENJA_11653, AENJA_06892, AENJA_10669, AENJA_22797, AENJA_22796, AENJA_24850, AENJA_10667, AENJA_10668	YEAST05626
OG0000338	AENJA_13192	YEAST02967
OG0000338	AENJA_22299	YEAST04211
OG0000343	AENJA_04274	YEAST03024, YEAST02736
OG0000345	AENJA_12976, AENJA_23748	YEAST01884
OG0000352	AENJA_13697, AENJA_04782, AENJA_25500, AENJA_11315	YEAST04069
OG0000357	AENJA_16412, AENJA_04794	YEAST01925
OG0000359	AENJA_14005, AENJA_07464, AENJA_09269	YEAST02489
OG0000363	AENJA_12906, AENJA_18208, AENJA_26154, AENJA_03399	YEAST04081, YEAST05870
OG0000365	AENJA_22716, AENJA_08243, AENJA_08242	YEAST05831
OG0000367	AENJA_21570, AENJA_21567, AENJA_15749	YEAST02141, YEAST03746, YEAST03210
OG0000372	AENJA_14610, AENJA_10537, AENJA_22918, AENJA_10254	YEAST05988
OG0000373	AENJA_10744, AENJA_18516	YEAST02023
OG0000373	AENJA_11897	YEAST04495, YEAST01417, YEAST05964
OG0000380	AENJA_15073, AENJA_11238, AENJA_23591, AENJA_06533, AENJA_00574, AENJA_17802, AENJA_15072, AENJA_07033, AENJA_02537, AENJA_08753, AENJA_20573, AENJA_13328, AENJA_08875, AENJA_15737	YEAST01047
OG0000385	AENJA_16044, AENJA_12666, AENJA_12667, AENJA_16346	YEAST03496
OG0000393	AENJA_20824	YEAST04072, YEAST04071
OG0000393	AENJA_11660	YEAST01302
OG0000397	AENJA_26085	YEAST05080
OG0000399	AENJA_09258, AENJA_25908, AENJA_11784, AENJA_23430, AENJA_13359, AENJA_24563, AENJA_03668, AENJA_14143	YEAST02160
OG0000400	AENJA_05665	YEAST05911
OG0000402	AENJA_01108, AENJA_20115	YEAST01657, YEAST01929
OG0000405	AENJA_21234	YEAST06055, YEAST00411
OG0000412	AENJA_26231, AENJA_11362	YEAST04469
OG0000413	AENJA_18235	YEAST04905, YEAST05340
OG0000413	AENJA_12102	YEAST02838
OG0000419	AENJA_02942, AENJA_25245, AENJA_25372, AENJA_25244	YEAST05989
OG0000420	AENJA_05214, AENJA_14372, AENJA_14000, AENJA_14371, AENJA_25418, AENJA_12757, AENJA_24304	YEAST03886
OG0000424	AENJA_15205, AENJA_15202, AENJA_26752	YEAST03563
OG0000426	AENJA_16516	YEAST03440
OG0000426	AENJA_15653	YEAST03848, YEAST01121
OG0000427	AENJA_16219, AENJA_26175	YEAST02655, YEAST02439
OG0000429	AENJA_21410, AENJA_01381	YEAST02285
OG0000431	AENJA_03019, AENJA_19097, AENJA_17426	YEAST04014
OG0000433	AENJA_24860, AENJA_10323	YEAST06177, YEAST00117
OG0000437	AENJA_24488, AENJA_24489	YEAST03074, YEAST02073
OG0000442	AENJA_21364, AENJA_20819, AENJA_08940	YEAST05012
OG0000444	AENJA_22469	YEAST01115, YEAST04019
OG0000445	AENJA_02867, AENJA_01957, AENJA_03366, AENJA_08087, AENJA_03365	YEAST03068
OG0000450	AENJA_18743, AENJA_10311	YEAST04709, YEAST05909
OG0000461	AENJA_10288	YEAST00120
OG0000467	AENJA_24285	YEAST03162
OG0000468	AENJA_06943, AENJA_02883, AENJA_02878, AENJA_08672, AENJA_12636	YEAST04372
OG0000469	AENJA_19006	YEAST02179, YEAST05440
OG0000469	AENJA_05512	YEAST02333, YEAST00863
OG0000474	AENJA_20251, AENJA_17737	YEAST02384
OG0000476	AENJA_25489, AENJA_12956, AENJA_25847, AENJA_03795, AENJA_24295, AENJA_10203, AENJA_21455, AENJA_20022, AENJA_00742	YEAST03038
OG0000479	AENJA_09587, AENJA_09588, AENJA_20878	YEAST04139
OG0000480	AENJA_10027, AENJA_23584, AENJA_25610, AENJA_14480, AENJA_23244	YEAST05750
OG0000481	AENJA_16592	YEAST01040
OG0000481	AENJA_22951	YEAST00916
OG0000481	AENJA_11417	YEAST00827, YEAST00774
OG0000484	AENJA_00628	YEAST05824
OG0000486	AENJA_24911, AENJA_01412, AENJA_01364, AENJA_22874	YEAST03122, YEAST04270
OG0000487	AENJA_25094, AENJA_24881, AENJA_24880	YEAST04968
OG0000487	AENJA_02732	YEAST02728
OG0000488	AENJA_10931	YEAST01414
OG0000490	AENJA_13962	YEAST04297, YEAST00894
OG0000505	AENJA_11465	YEAST03067
OG0000508	AENJA_05447, AENJA_18700, AENJA_18701	YEAST04626
OG0000510	AENJA_13229, AENJA_13230	YEAST04569, YEAST05730
OG0000519	AENJA_13197, AENJA_00264	YEAST04594, YEAST03616
OG0000520	AENJA_19532, AENJA_00693	YEAST02979
OG0000523	AENJA_23211, AENJA_01429	YEAST01952, YEAST05838, YEAST06082
OG0000529	AENJA_13079	YEAST05790, YEAST00048
OG0000534	AENJA_07190	YEAST04932
OG0000538	AENJA_23758	YEAST00499
OG0000549	AENJA_17344, AENJA_17342, AENJA_17318, AENJA_21943	YEAST06280, YEAST02610, YEAST05060
OG0000552	AENJA_18702, AENJA_23603	YEAST05717
OG0000561	AENJA_01455, AENJA_18412	YEAST06202, YEAST00331
OG0000562	AENJA_21496, AENJA_25856, AENJA_02716	YEAST00314
OG0000563	AENJA_25022, AENJA_03438	YEAST01406
OG0000566	AENJA_14810, AENJA_20531, AENJA_16653	YEAST05789, YEAST00049
OG0000573	AENJA_05835, AENJA_03220	YEAST05675
OG0000576	AENJA_05569	YEAST00470, YEAST00193
OG0000578	AENJA_09428	YEAST01208, YEAST00759
OG0000579	AENJA_18819, AENJA_12593, AENJA_20737, AENJA_22778	YEAST02484
OG0000582	AENJA_17591	YEAST03615
OG0000588	AENJA_02286, AENJA_21633	YEAST05197
OG0000590	AENJA_19774, AENJA_07046	YEAST05110, YEAST05552, YEAST03727
OG0000592	AENJA_12392, AENJA_13611	YEAST00388
OG0000597	AENJA_10748, AENJA_01626	YEAST04330
OG0000609	AENJA_03157	YEAST05180
OG0000612	AENJA_06346	YEAST02370
OG0000613	AENJA_08922, AENJA_20929	YEAST01072
OG0000623	AENJA_02871	YEAST02411
OG0000623	AENJA_17960	YEAST05090
OG0000627	AENJA_13466	YEAST02116, YEAST03957
OG0000639	AENJA_10965, AENJA_22126	YEAST02015
OG0000642	AENJA_02487, AENJA_00389, AENJA_26018	YEAST00618
OG0000645	AENJA_00673	YEAST05140
OG0000645	AENJA_22405	YEAST04743
OG0000647	AENJA_07172, AENJA_01826	YEAST04534
OG0000648	AENJA_04823, AENJA_04819	YEAST04178, YEAST05641
OG0000657	AENJA_06847, AENJA_01439, AENJA_14948, AENJA_01442	YEAST03846
OG0000660	AENJA_07533, AENJA_06621	YEAST05150, YEAST01587
OG0000662	AENJA_08142, AENJA_09173, AENJA_21495	YEAST05937
OG0000663	AENJA_26290, AENJA_19588, AENJA_10413	YEAST02675, YEAST03294
OG0000672	AENJA_11032	YEAST03771
OG0000672	AENJA_02173	YEAST00984
OG0000676	AENJA_15570	YEAST01503
OG0000676	AENJA_04404	YEAST02962
OG0000683	AENJA_18458, AENJA_20329	YEAST03152, YEAST03537, YEAST05938
OG0000690	AENJA_04544	YEAST04874
OG0000692	AENJA_17363, AENJA_13840	YEAST01969
OG0000692	AENJA_02403, AENJA_00938	YEAST03487
OG0000694	AENJA_02666, AENJA_15805	YEAST05978
OG0000699	AENJA_12577, AENJA_20559, AENJA_12576	YEAST05706
OG0000701	AENJA_18091	YEAST02239, YEAST02223
OG0000703	AENJA_26753, AENJA_26449	YEAST05314
OG0000708	AENJA_10491, AENJA_00725, AENJA_04787	YEAST05997
OG0000709	AENJA_11142, AENJA_19288, AENJA_01143	YEAST00057
OG0000724	AENJA_08671	YEAST02013
OG0000732	AENJA_23886, AENJA_07798, AENJA_12389	YEAST04978
OG0000733	AENJA_07801	YEAST05474
OG0000735	AENJA_15834	YEAST05945
OG0000744	AENJA_07063, AENJA_07064	YEAST05951
OG0000745	AENJA_08290, AENJA_25526, AENJA_16763, AENJA_16764, AENJA_19385	YEAST00539, YEAST02786, YEAST05296, YEAST03097, YEAST02781, YEAST03102
OG0000752	AENJA_00591, AENJA_26667	YEAST01432, YEAST04483
OG0000753	AENJA_01120, AENJA_10740, AENJA_09401	YEAST01034, YEAST02037
OG0000757	AENJA_06262, AENJA_15686, AENJA_08837	YEAST01489
OG0000758	AENJA_07914	YEAST01504
OG0000759	AENJA_12039	YEAST02878, YEAST05681
OG0000765	AENJA_22263	YEAST05027, YEAST03009, YEAST01404
OG0000768	AENJA_24479	YEAST02560, YEAST04269
OG0000772	AENJA_24869, AENJA_00651, AENJA_10655, AENJA_10656	YEAST04929
OG0000776	AENJA_14162, AENJA_14158, AENJA_04150, AENJA_16571	YEAST04571, YEAST00195, YEAST00312
OG0000777	AENJA_05341, AENJA_04497, AENJA_05898, AENJA_04500	YEAST06297, YEAST02627
OG0000779	AENJA_08422	YEAST03812
OG0000782	AENJA_17040	YEAST01393, YEAST05616
OG0000791	AENJA_05472	YEAST02375
OG0000794	AENJA_11312	YEAST04627
OG0000800	AENJA_25972, AENJA_17652	YEAST03636
OG0000809	AENJA_02164	YEAST01998
OG0000817	AENJA_07214, AENJA_18385	YEAST00389
OG0000817	AENJA_14055	YEAST06112
OG0000824	AENJA_00764	YEAST01319, YEAST02883
OG0000828	AENJA_05318	YEAST00945, YEAST05476, YEAST00075
OG0000828	AENJA_21604, AENJA_14692	YEAST02290
OG0000837	AENJA_25179	YEAST06222
OG0000841	AENJA_00152	YEAST02416
OG0000847	AENJA_19531	YEAST02881, YEAST03544, YEAST06198
OG0000847	AENJA_05909	YEAST02530, YEAST00209
OG0000849	AENJA_06598, AENJA_17459	YEAST04475
OG0000850	AENJA_06947, AENJA_14500, AENJA_26527	YEAST04287
OG0000852	AENJA_20937, AENJA_07998	YEAST01266
OG0000854	AENJA_12138	YEAST00248
OG0000855	AENJA_13524, AENJA_13527, AENJA_13526, AENJA_13521	YEAST04755
OG0000857	AENJA_19063	YEAST00309
OG0000868	AENJA_20580, AENJA_01456	YEAST06157
OG0000871	AENJA_15432, AENJA_15433, AENJA_06473	YEAST03857
OG0000872	AENJA_06798	YEAST03222, YEAST03741
OG0000875	AENJA_08703, AENJA_14919	YEAST00077
OG0000876	AENJA_08833	YEAST05556
OG0000879	AENJA_23882, AENJA_14015	YEAST06123
OG0000888	AENJA_02929, AENJA_02481, AENJA_16255	YEAST00288
OG0000889	AENJA_05911	YEAST00175
OG0000894	AENJA_18194, AENJA_24655, AENJA_16901	YEAST03763
OG0000896	AENJA_17963, AENJA_20857	YEAST02476
OG0000896	AENJA_26740	YEAST04923
OG0000898	AENJA_20658	YEAST06255, YEAST03431
OG0000905	AENJA_03454, AENJA_12044, AENJA_12043	YEAST00599
OG0000907	AENJA_06223	YEAST02193
OG0000913	AENJA_11700	YEAST03557, YEAST05101
OG0000914	AENJA_16081	YEAST04745
OG0000921	AENJA_16626, AENJA_00754	YEAST02526
OG0000925	AENJA_14502, AENJA_01829	YEAST05667, YEAST06025
OG0000932	AENJA_10313, AENJA_10314	YEAST03525
OG0000933	AENJA_12056, AENJA_25029	YEAST06306
OG0000934	AENJA_23792	YEAST02582, YEAST06252
OG0000934	AENJA_12733	YEAST05040
OG0000935	AENJA_14023	YEAST02843
OG0000943	AENJA_02078, AENJA_00401	YEAST03805
OG0000944	AENJA_00580	YEAST04878
OG0000954	AENJA_24386, AENJA_08232	YEAST05503, YEAST01249
OG0000955	AENJA_09334, AENJA_19306	YEAST00837
OG0000955	AENJA_26657	YEAST04295
OG0000963	AENJA_01165, AENJA_06323	YEAST03685, YEAST00482, YEAST01749
OG0000964	AENJA_06851, AENJA_04088, AENJA_01513, AENJA_06848	YEAST04606
OG0000965	AENJA_05586, AENJA_05584	YEAST02552
OG0000965	AENJA_02282	YEAST02050
OG0000967	AENJA_02972, AENJA_22529	YEAST05075
OG0000970	AENJA_09659, AENJA_03395	YEAST04028
OG0000982	AENJA_09037	YEAST01182
OG0000984	AENJA_13820	YEAST01493, YEAST00575
OG0000986	AENJA_19042, AENJA_19041	YEAST01481, YEAST04073
OG0000987	AENJA_23574	YEAST04734, YEAST02734
OG0000994	AENJA_20560, AENJA_02296	YEAST02360
OG0000996	AENJA_04444, AENJA_26096	YEAST00033
OG0001001	AENJA_07866	YEAST00341
OG0001003	AENJA_13424	YEAST00644
OG0001006	AENJA_21663, AENJA_25248	YEAST04513
OG0001016	AENJA_26608, AENJA_01521, AENJA_14403, AENJA_15956	YEAST00830
OG0001018	AENJA_02393, AENJA_12182	YEAST01172
OG0001024	AENJA_11445, AENJA_03556	YEAST01024, YEAST00308
OG0001064	AENJA_16034	YEAST00458
OG0001066	AENJA_19790	YEAST06311
OG0001075	AENJA_00807	YEAST05636
OG0001076	AENJA_01569	YEAST01570
OG0001081	AENJA_21808, AENJA_16503, AENJA_04238	YEAST04460
OG0001082	AENJA_06872, AENJA_21482, AENJA_09332	YEAST03919, YEAST02905, YEAST05331
OG0001094	AENJA_23025	YEAST03837
OG0001095	AENJA_25247	YEAST00773
OG0001101	AENJA_00373	YEAST03434
OG0001108	AENJA_12290, AENJA_04372, AENJA_04373, AENJA_09666	YEAST06309
OG0001111	AENJA_26838, AENJA_22327, AENJA_22201, AENJA_06275, AENJA_18410, AENJA_21728	YEAST06003
OG0001113	AENJA_06313	YEAST05320
OG0001113	AENJA_23050	YEAST00954
OG0001114	AENJA_07133, AENJA_13675	YEAST00036, YEAST05811
OG0001124	AENJA_16308	YEAST02719
OG0001132	AENJA_02927	YEAST05421
OG0001133	AENJA_14482, AENJA_13174, AENJA_03943, AENJA_09413, AENJA_03942	YEAST04296
OG0001133	AENJA_07797	YEAST03271
OG0001134	AENJA_06301	YEAST05015
OG0001135	AENJA_06307	YEAST03641
OG0001136	AENJA_06348	YEAST05047, YEAST02997
OG0001140	AENJA_10711	YEAST03519
OG0001142	AENJA_13577	YEAST04001
OG0001163	AENJA_23044, AENJA_20499, AENJA_04071, AENJA_23045	YEAST02433
OG0001164	AENJA_04659, AENJA_14441, AENJA_04658, AENJA_11399	YEAST03454
OG0001171	AENJA_07498	YEAST04620, YEAST03578
OG0001175	AENJA_19603, AENJA_10616	YEAST00534
OG0001177	AENJA_12717, AENJA_23960, AENJA_22118	YEAST06137
OG0001179	AENJA_13625, AENJA_13628, AENJA_26058	YEAST00368, YEAST04831, YEAST02287
OG0001181	AENJA_14047	YEAST02051
OG0001184	AENJA_17799, AENJA_15086	YEAST01681
OG0001185	AENJA_17542	YEAST04969
OG0001186	AENJA_21307, AENJA_18825	YEAST04605, YEAST01886
OG0001197	AENJA_00493	YEAST01499
OG0001201	AENJA_02210	YEAST05452
OG0001204	AENJA_04033, AENJA_20148	YEAST05200
OG0001207	AENJA_15259	YEAST03225, YEAST00090
OG0001207	AENJA_18056, AENJA_07276	YEAST04258
OG0001210	AENJA_18956	YEAST05511
OG0001210	AENJA_09592, AENJA_09591	YEAST02318
OG0001212	AENJA_09959, AENJA_14546, AENJA_09958, AENJA_09956	YEAST03971
OG0001214	AENJA_24301, AENJA_11388	YEAST00577
OG0001216	AENJA_16979	YEAST00145
OG0001219	AENJA_18562	YEAST03867
OG0001236	AENJA_12409, AENJA_05080	YEAST03325, YEAST02687, YEAST03269
OG0001237	AENJA_05566, AENJA_19599	YEAST04380
OG0001238	AENJA_07960, AENJA_05667	YEAST04481
OG0001241	AENJA_21346	YEAST02002
OG0001241	AENJA_07588	YEAST03967, YEAST01074
OG0001243	AENJA_09040	YEAST00739, YEAST05004
OG0001249	AENJA_17683	YEAST01062, YEAST02067
OG0001250	AENJA_18393	YEAST02968, YEAST01339
OG0001251	AENJA_20006	YEAST00750
OG0001253	AENJA_21103	YEAST03998
OG0001254	AENJA_25593	YEAST04309
OG0001262	AENJA_25759, AENJA_02100	YEAST00911
OG0001263	AENJA_02283, AENJA_25444	YEAST00172
OG0001268	AENJA_03712	YEAST03495
OG0001270	AENJA_04208	YEAST01703
OG0001270	AENJA_21003	YEAST02398
OG0001271	AENJA_04651	YEAST05227, YEAST00662
OG0001278	AENJA_09367, AENJA_15562	YEAST01893
OG0001279	AENJA_09382	YEAST03070
OG0001280	AENJA_11194	YEAST00846
OG0001282	AENJA_12223	YEAST03744
OG0001284	AENJA_14056, AENJA_21135	YEAST00567, YEAST01498
OG0001286	AENJA_16309	YEAST00588, YEAST01486, YEAST03604
OG0001291	AENJA_21434	YEAST04453, YEAST04334
OG0001300	AENJA_00411	YEAST01098
OG0001302	AENJA_13024	YEAST02328
OG0001302	AENJA_01840	YEAST00299
OG0001310	AENJA_06272, AENJA_10879	YEAST00887
OG0001318	AENJA_09435	YEAST03712
OG0001319	AENJA_09605	YEAST01678
OG0001321	AENJA_14609	YEAST02280, YEAST01901
OG0001322	AENJA_15110, AENJA_16813	YEAST06128
OG0001324	AENJA_15995	YEAST00078
OG0001325	AENJA_16492, AENJA_18977	YEAST00793
OG0001326	AENJA_16742, AENJA_18964	YEAST05395
OG0001327	AENJA_18352, AENJA_26627	YEAST03176
OG0001332	AENJA_23263	YEAST03929, YEAST02705, YEAST00687
OG0001333	AENJA_23772	YEAST00728
OG0001341	AENJA_03707, AENJA_05111, AENJA_17935, AENJA_00473, AENJA_21191	YEAST06006
OG0001345	AENJA_17713, AENJA_01500, AENJA_25364	YEAST03613
OG0001353	AENJA_06742	YEAST00020, YEAST04041
OG0001363	AENJA_12332	YEAST06180
OG0001364	AENJA_13074	YEAST06038, YEAST00402
OG0001367	AENJA_16641	YEAST04688
OG0001368	AENJA_16737	YEAST01821
OG0001370	AENJA_17284	YEAST04067, YEAST05195, YEAST00897
OG0001371	AENJA_17844, AENJA_24112	YEAST00532, YEAST03976
OG0001372	AENJA_25899	YEAST00070
OG0001372	AENJA_17922	YEAST02226
OG0001375	AENJA_25362, AENJA_20082	YEAST05499, YEAST05567
OG0001378	AENJA_22766	YEAST02300
OG0001379	AENJA_23248	YEAST04155
OG0001386	AENJA_26718	YEAST05114
OG0001397	AENJA_05269, AENJA_01101	YEAST05731
OG0001400	AENJA_02508, AENJA_22499, AENJA_22498, AENJA_02507	YEAST02931
OG0001409	AENJA_06247	YEAST00885, YEAST04659
OG0001410	AENJA_18215, AENJA_06436	YEAST05046
OG0001411	AENJA_06963, AENJA_10958	YEAST04834
OG0001412	AENJA_07170	YEAST04490
OG0001413	AENJA_07474, AENJA_17340, AENJA_17343	YEAST04294
OG0001414	AENJA_08160	YEAST06070, YEAST01920
OG0001415	AENJA_15367	YEAST04230
OG0001415	AENJA_17665	YEAST00964
OG0001421	AENJA_13339	YEAST05252
OG0001422	AENJA_14173	YEAST05588, YEAST01363
OG0001424	AENJA_15682, AENJA_17237	YEAST01127
OG0001427	AENJA_17543	YEAST01885
OG0001428	AENJA_18858	YEAST04862, YEAST05862, YEAST02749, YEAST03037
OG0001430	AENJA_19108	YEAST01712
OG0001434	AENJA_26114, AENJA_26117	YEAST03991
OG0001445	AENJA_02385	YEAST01715
OG0001449	AENJA_04181	YEAST03188
OG0001449	AENJA_05517	YEAST05764
OG0001452	AENJA_05087	YEAST05900
OG0001454	AENJA_06306	YEAST01495, YEAST00573
OG0001456	AENJA_07027	YEAST00365
OG0001459	AENJA_18303, AENJA_08470	YEAST03073, YEAST03464
OG0001461	AENJA_09214	YEAST05255
OG0001468	AENJA_10995	YEAST03875, YEAST03904
OG0001469	AENJA_20582	YEAST02070
OG0001469	AENJA_11151	YEAST02765
OG0001470	AENJA_11625	YEAST00369, YEAST05375
OG0001472	AENJA_12236, AENJA_13235	YEAST03031
OG0001473	AENJA_13618	YEAST05711
OG0001474	AENJA_14700, AENJA_24781	YEAST01416, YEAST05312
OG0001478	AENJA_19708	YEAST01984
OG0001478	AENJA_15450	YEAST02078
OG0001479	AENJA_16158	YEAST01132
OG0001503	AENJA_23557	YEAST03032
OG0001503	AENJA_03755	YEAST02920
OG0001504	AENJA_04830, AENJA_04833, AENJA_15576, AENJA_04039	YEAST05406
OG0001505	AENJA_04619, AENJA_17806	YEAST03361
OG0001508	AENJA_06316	YEAST04143
OG0001515	AENJA_10215	YEAST03320
OG0001520	AENJA_12318	YEAST03872
OG0001524	AENJA_19275, AENJA_15536	YEAST03912
OG0001525	AENJA_16414	YEAST00757
OG0001527	AENJA_16808, AENJA_19917	YEAST01395
OG0001529	AENJA_18632	YEAST01143
OG0001530	AENJA_19473	YEAST00643
OG0001546	AENJA_02497, AENJA_09615, AENJA_02674, AENJA_04011	YEAST03111
OG0001550	AENJA_05034, AENJA_05035	YEAST02405, YEAST05953
OG0001551	AENJA_05503	YEAST04817
OG0001553	AENJA_06179	YEAST05147, YEAST01586
OG0001557	AENJA_13295	YEAST04671
OG0001557	AENJA_23342, AENJA_08073	YEAST04551
OG0001558	AENJA_08311	YEAST04449
OG0001559	AENJA_08667	YEAST00445, YEAST02434
OG0001561	AENJA_09420	YEAST06176
OG0001564	AENJA_11930	YEAST05390
OG0001570	AENJA_16842, AENJA_19842, AENJA_24461	YEAST04678
OG0001573	AENJA_19183	YEAST03285
OG0001578	AENJA_24180	YEAST01872
OG0001580	AENJA_25168	YEAST06270
OG0001590	AENJA_00406, AENJA_14826, AENJA_14823	YEAST03476, YEAST00717, YEAST03955
OG0001594	AENJA_16970, AENJA_01665, AENJA_04700, AENJA_09891	YEAST03418
OG0001597	AENJA_17835, AENJA_03457	YEAST01702
OG0001603	AENJA_05288, AENJA_25082, AENJA_05289	YEAST02584
OG0001604	AENJA_06276, AENJA_11253	YEAST01428
OG0001605	AENJA_06440	YEAST04101
OG0001609	AENJA_08323, AENJA_19787	YEAST02739
OG0001610	AENJA_08526, AENJA_08533, AENJA_08527, AENJA_09111, AENJA_08532	YEAST00596
OG0001612	AENJA_09589	YEAST01109
OG0001628	AENJA_16821, AENJA_21898, AENJA_21897, AENJA_25488	YEAST04790
OG0001653	AENJA_01256, AENJA_21125	YEAST01151
OG0001655	AENJA_03001	YEAST03354
OG0001657	AENJA_03268	YEAST00101, YEAST00944
OG0001663	AENJA_06086	YEAST05642
OG0001676	AENJA_26746	YEAST02848
OG0001676	AENJA_11724	YEAST06155
OG0001679	AENJA_16799, AENJA_17425	YEAST05302, YEAST02334, YEAST02449, YEAST01523
OG0001680	AENJA_16822	YEAST01119, YEAST04022
OG0001685	AENJA_18914	YEAST01147
OG0001687	AENJA_21090, AENJA_20311	YEAST05279
OG0001691	AENJA_24035	YEAST01315
OG0001704	AENJA_00857	YEAST01293
OG0001706	AENJA_00912	YEAST03424
OG0001707	AENJA_00981, AENJA_25581	YEAST06049, YEAST00407, YEAST04739
OG0001708	AENJA_01039	YEAST05744, YEAST05745
OG0001709	AENJA_12151, AENJA_01136	YEAST04440
OG0001713	AENJA_02209	YEAST04039
OG0001718	AENJA_02907	YEAST01537
OG0001721	AENJA_03497	YEAST04881, YEAST05253, YEAST00698
OG0001723	AENJA_04029, AENJA_12578	YEAST01435
OG0001727	AENJA_06020	YEAST04543
OG0001728	AENJA_08879, AENJA_09822	YEAST03347
OG0001730	AENJA_09007	YEAST00177
OG0001739	AENJA_15111	YEAST03760
OG0001745	AENJA_18802	YEAST01431
OG0001750	AENJA_22826	YEAST03628
OG0001754	AENJA_24677	YEAST03682
OG0001755	AENJA_24905	YEAST02688
OG0001756	AENJA_25749, AENJA_25480	YEAST00620
OG0001769	AENJA_00392, AENJA_14833	YEAST04726
OG0001770	AENJA_00514	YEAST02590
OG0001774	AENJA_01099, AENJA_09499	YEAST05166
OG0001775	AENJA_01192	YEAST05594
OG0001780	AENJA_03259, AENJA_03267, AENJA_06530	YEAST03768
OG0001781	AENJA_25405, AENJA_03406	YEAST01882
OG0001782	AENJA_04195, AENJA_22157	YEAST02421
OG0001785	AENJA_04786	YEAST02713
OG0001787	AENJA_05662	YEAST03546
OG0001792	AENJA_21975, AENJA_24891, AENJA_21976, AENJA_21971	YEAST04331
OG0001792	AENJA_06373	YEAST04595
OG0001793	AENJA_07131, AENJA_15294	YEAST02466
OG0001805	AENJA_10542	YEAST05496, YEAST01242
OG0001807	AENJA_12201	YEAST05464
OG0001808	AENJA_13026	YEAST01298
OG0001818	AENJA_18459	YEAST05902, YEAST04712
OG0001822	AENJA_21678	YEAST04378, YEAST01659
OG0001826	AENJA_23249	YEAST04777, YEAST01697, YEAST05781
OG0001828	AENJA_23757	YEAST04676
OG0001829	AENJA_24206	YEAST01613, YEAST00136, YEAST02008
OG0001831	AENJA_25733	YEAST00024
OG0001846	AENJA_23250, AENJA_00173	YEAST05067
OG0001850	AENJA_00766	YEAST01913
OG0001852	AENJA_01522, AENJA_13282, AENJA_18334	YEAST03121
OG0001853	AENJA_03214, AENJA_13354	YEAST05176
OG0001857	AENJA_04553	YEAST04741
OG0001860	AENJA_05152	YEAST00188
OG0001861	AENJA_25398, AENJA_11706, AENJA_05340	YEAST05779, YEAST04773
OG0001863	AENJA_14971, AENJA_06983	YEAST03017
OG0001866	AENJA_07311, AENJA_07312	YEAST05095, YEAST05570
OG0001867	AENJA_07397	YEAST01669
OG0001873	AENJA_08353, AENJA_24095	YEAST00981, YEAST00267
OG0001875	AENJA_09123, AENJA_16491	YEAST04137
OG0001877	AENJA_09356	YEAST04134
OG0001886	AENJA_14779	YEAST03260
OG0001888	AENJA_15918	YEAST05749, YEAST01573
OG0001893	AENJA_19715	YEAST01023
OG0001894	AENJA_21040	YEAST00433
OG0001899	AENJA_25912	YEAST01210, YEAST04466
OG0001913	AENJA_00224	YEAST05520
OG0001915	AENJA_00588	YEAST04791
OG0001917	AENJA_01170	YEAST01859
OG0001923	AENJA_03271	YEAST05881
OG0001926	AENJA_04624	YEAST02948
OG0001932	AENJA_07865	YEAST03770, YEAST03179
OG0001934	AENJA_08721	YEAST00877
OG0001935	AENJA_16826, AENJA_08803	YEAST00431
OG0001938	AENJA_09456	YEAST03931
OG0001940	AENJA_10312	YEAST04188, YEAST05646
OG0001943	AENJA_12411	YEAST02393, YEAST05966
OG0001945	AENJA_12644, AENJA_24575	YEAST01671
OG0001947	AENJA_13122	YEAST02570
OG0001951	AENJA_15959	YEAST00941, YEAST05396
OG0001952	AENJA_19250, AENJA_16307	YEAST04673, YEAST01990, YEAST00155
OG0001965	AENJA_21031, AENJA_26304	YEAST04582
OG0001968	AENJA_22770	YEAST04910
OG0001969	AENJA_23560	YEAST06173
OG0001972	AENJA_26436	YEAST01822, YEAST03363
OG0001985	AENJA_00265	YEAST04959
OG0001992	AENJA_04726, AENJA_03071	YEAST02679
OG0001998	AENJA_04890	YEAST00890
OG0002001	AENJA_07130, AENJA_13848	YEAST00502, YEAST03944
OG0002003	AENJA_07348, AENJA_16965	YEAST02826, YEAST03671
OG0002008	AENJA_09596	YEAST00768
OG0002010	AENJA_11279	YEAST00609
OG0002013	AENJA_12704, AENJA_12703	YEAST03040
OG0002014	AENJA_13118	YEAST02422
OG0002015	AENJA_13757	YEAST05525
OG0002025	AENJA_16933	YEAST03650
OG0002026	AENJA_17399, AENJA_20637	YEAST01247
OG0002029	AENJA_17966, AENJA_23173	YEAST02646
OG0002031	AENJA_20118	YEAST02752
OG0002032	AENJA_20630	YEAST01221
OG0002059	AENJA_02772	YEAST05893, YEAST04718
OG0002062	AENJA_03055	YEAST05454
OG0002063	AENJA_14140, AENJA_04991	YEAST00838
OG0002067	AENJA_05900	YEAST03444
OG0002069	AENJA_06511	YEAST05962
OG0002073	AENJA_09126, AENJA_08139	YEAST04552
OG0002076	AENJA_09702	YEAST02206
OG0002078	AENJA_10297	YEAST06232
OG0002079	AENJA_10742, AENJA_19098	YEAST05765, YEAST00483
OG0002080	AENJA_12041	YEAST05220, YEAST04736
OG0002084	AENJA_17921, AENJA_14845, AENJA_17915, AENJA_25742	YEAST04529
OG0002087	AENJA_23537, AENJA_15799	YEAST05702
OG0002090	AENJA_19678	YEAST02246
OG0002093	AENJA_20905	YEAST02255
OG0002097	AENJA_21956	YEAST02697
OG0002101	AENJA_24473	YEAST03902
OG0002103	AENJA_24883	YEAST05974
OG0002106	AENJA_25552, AENJA_25673	YEAST03654
OG0002108	AENJA_26100	YEAST03715
OG0002123	AENJA_00359	YEAST02444
OG0002125	AENJA_00917	YEAST05183
OG0002131	AENJA_05093, AENJA_06526, AENJA_03621	YEAST04275
OG0002137	AENJA_15350, AENJA_06237	YEAST04320
OG0002138	AENJA_06936	YEAST02406
OG0002144	AENJA_10174	YEAST02673
OG0002146	AENJA_10360	YEAST04333, YEAST00109, YEAST03088, YEAST04454
OG0002147	AENJA_10898	YEAST04532, YEAST01219
OG0002148	AENJA_10936, AENJA_17931	YEAST02060
OG0002152	AENJA_11762	YEAST05624
OG0002156	AENJA_12297	YEAST03007
OG0002160	AENJA_13922	YEAST03960
OG0002165	AENJA_16068	YEAST04504
OG0002168	AENJA_16471, AENJA_23270	YEAST00516
OG0002169	AENJA_17912	YEAST02258
OG0002175	AENJA_18688	YEAST04956
OG0002184	AENJA_22069	YEAST00242
OG0002185	AENJA_22305	YEAST05212
OG0002188	AENJA_22979	YEAST04638, YEAST03913
OG0002189	AENJA_23289, AENJA_24476	YEAST02882, YEAST04447
OG0002213	AENJA_00491	YEAST01241, YEAST05495
OG0002216	AENJA_06974, AENJA_00740, AENJA_06973	YEAST06040
OG0002217	AENJA_01250, AENJA_10139	YEAST06033
OG0002222	AENJA_01746	YEAST03240
OG0002224	AENJA_02077	YEAST01574
OG0002225	AENJA_02179	YEAST04939
OG0002226	AENJA_02285, AENJA_21347	YEAST00948
OG0002228	AENJA_02422	YEAST04154, YEAST05632
OG0002233	AENJA_04151	YEAST00277
OG0002239	AENJA_05630	YEAST01621
OG0002241	AENJA_06217	YEAST02005
OG0002243	AENJA_06283	YEAST04599, YEAST03601, YEAST04600
OG0002244	AENJA_20811, AENJA_25845, AENJA_06734, AENJA_20367, AENJA_25846, AENJA_11508	YEAST02768
OG0002252	AENJA_24190, AENJA_19865, AENJA_09873	YEAST00826
OG0002261	AENJA_13619	YEAST00472
OG0002264	AENJA_14565	YEAST01705
OG0002279	AENJA_21727	YEAST05800
OG0002282	AENJA_23640	YEAST00881
OG0002288	AENJA_25474	YEAST01591, YEAST05154
OG0002292	AENJA_26405	YEAST00152
OG0002312	AENJA_00869	YEAST06295
OG0002316	AENJA_01956	YEAST01805
OG0002318	AENJA_02715, AENJA_16923, AENJA_16483	YEAST02923
OG0002319	AENJA_03189	YEAST00329
OG0002321	AENJA_03802	YEAST02461
OG0002324	AENJA_19401, AENJA_05816	YEAST02615, YEAST06287
OG0002326	AENJA_06622, AENJA_06618	YEAST00310, YEAST02699
OG0002327	AENJA_22580, AENJA_06976	YEAST00346, YEAST06217
OG0002331	AENJA_08499	YEAST01653
OG0002332	AENJA_09253	YEAST01606, YEAST05184, YEAST00285
OG0002341	AENJA_11703	YEAST03640, YEAST04562
OG0002344	AENJA_13012, AENJA_13013	YEAST02312, YEAST02019
OG0002346	AENJA_13792	YEAST02012
OG0002348	AENJA_15315	YEAST01845
OG0002355	AENJA_18224	YEAST00016
OG0002356	AENJA_18622	YEAST00259
OG0002361	AENJA_19370	YEAST01027
OG0002367	AENJA_22340, AENJA_23782	YEAST01179
OG0002369	AENJA_22567	YEAST03766
OG0002374	AENJA_25507	YEAST02010, YEAST00133
OG0002377	AENJA_26503	YEAST05000
OG0002406	AENJA_04613	YEAST05509
OG0002407	AENJA_04703	YEAST00012
OG0002409	AENJA_05961	YEAST02027
OG0002411	AENJA_07692, AENJA_07684	YEAST05950, YEAST02407
OG0002412	AENJA_07876	YEAST06171
OG0002413	AENJA_18117, AENJA_07911	YEAST01196
OG0002415	AENJA_08809, AENJA_08808	YEAST01271
OG0002421	AENJA_11342, AENJA_23395	YEAST02982
OG0002422	AENJA_11769	YEAST05026
OG0002426	AENJA_12348	YEAST00184
OG0002441	AENJA_17578	YEAST00068, YEAST02278, YEAST05821
OG0002442	AENJA_19513	YEAST05932
OG0002443	AENJA_19788, AENJA_19789	YEAST04906
OG0002446	AENJA_21367	YEAST04254
OG0002448	AENJA_23309	YEAST00626
OG0002448	AENJA_22030	YEAST03419
OG0002450	AENJA_22561	YEAST04575
OG0002453	AENJA_24398	YEAST00512
OG0002476	AENJA_00015, AENJA_24202	YEAST05799
OG0002486	AENJA_22266, AENJA_12065, AENJA_02025	YEAST01433
OG0002492	AENJA_02686	YEAST01624
OG0002494	AENJA_03043	YEAST02402
OG0002495	AENJA_03162	YEAST02772
OG0002497	AENJA_04655	YEAST02747
OG0002500	AENJA_05082	YEAST05648
OG0002505	AENJA_07007	YEAST02959
OG0002510	AENJA_07822	YEAST04753
OG0002516	AENJA_22367, AENJA_09582	YEAST00066
OG0002518	AENJA_09754	YEAST02890
OG0002520	AENJA_10489	YEAST05256
OG0002523	AENJA_11036	YEAST06234
OG0002527	AENJA_11560	YEAST01639
OG0002528	AENJA_11715	YEAST00372
OG0002530	AENJA_12467	YEAST05530, YEAST03790
OG0002532	AENJA_13222	YEAST03235
OG0002533	AENJA_13514	YEAST04525
OG0002543	AENJA_15970	YEAST00527
OG0002557	AENJA_22119	YEAST06243
OG0002561	AENJA_23733, AENJA_26836	YEAST04438, YEAST02106
OG0002562	AENJA_24354	YEAST03992
OG0002564	AENJA_24782	YEAST02186
OG0002565	AENJA_24939	YEAST04224, YEAST02499
OG0002570	AENJA_26246	YEAST00592
OG0002594	AENJA_08034, AENJA_01113, AENJA_05641	YEAST06174
OG0002598	AENJA_19208, AENJA_02160	YEAST04621, YEAST03577
OG0002605	AENJA_04724, AENJA_04725	YEAST06332
OG0002608	AENJA_05149	YEAST03716, YEAST02846
OG0002609	AENJA_05158	YEAST01355
OG0002610	AENJA_05401	YEAST01078, YEAST03973
OG0002612	AENJA_06862	YEAST03508
OG0002617	AENJA_07485	YEAST00866
OG0002618	AENJA_26393, AENJA_07573	YEAST06247
OG0002621	AENJA_23070, AENJA_07837	YEAST05551
OG0002629	AENJA_09742, AENJA_14911	YEAST05919
OG0002632	AENJA_10800	YEAST02755
OG0002633	AENJA_10970	YEAST04206
OG0002636	AENJA_11871	YEAST01664, YEAST06215
OG0002638	AENJA_12588	YEAST00919, YEAST04703
OG0002643	AENJA_13808	YEAST01938
OG0002644	AENJA_13822	YEAST00724
OG0002645	AENJA_17636, AENJA_16911, AENJA_13967	YEAST01436
OG0002646	AENJA_14082, AENJA_14081	YEAST01946
OG0002651	AENJA_16730	YEAST02868
OG0002652	AENJA_17178	YEAST04937
OG0002656	AENJA_18631	YEAST05701
OG0002659	AENJA_19544	YEAST06290
OG0002666	AENJA_21371	YEAST02507
OG0002668	AENJA_22301	YEAST02324
OG0002677	AENJA_24115	YEAST05210
OG0002705	AENJA_00396	YEAST00553
OG0002713	AENJA_24272, AENJA_11110, AENJA_24274, AENJA_24275, AENJA_02692	YEAST00413, YEAST06057
OG0002715	AENJA_02725	YEAST01174, YEAST04131
OG0002717	AENJA_03489	YEAST02430
OG0002718	AENJA_03576, AENJA_22285	YEAST03380, YEAST03502
OG0002720	AENJA_04824	YEAST01914
OG0002722	AENJA_05319	YEAST04059
OG0002726	AENJA_24284, AENJA_17586, AENJA_06393	YEAST02958
OG0002729	AENJA_10262, AENJA_07855, AENJA_13538, AENJA_11456	YEAST01155
OG0002737	AENJA_10144	YEAST02827
OG0002739	AENJA_23418, AENJA_10424	YEAST01877
OG0002740	AENJA_10478	YEAST01658
OG0002742	AENJA_11246	YEAST03713
OG0002743	AENJA_11676	YEAST01824, YEAST03362
OG0002745	AENJA_12347	YEAST04244
OG0002746	AENJA_12370	YEAST04902, YEAST05332
OG0002747	AENJA_13285	YEAST05617
OG0002749	AENJA_13469, AENJA_25924	YEAST02810
OG0002750	AENJA_13825, AENJA_23058	YEAST04952
OG0002752	AENJA_14300	YEAST03686
OG0002753	AENJA_14354	YEAST03742
OG0002754	AENJA_14712	YEAST03620
OG0002756	AENJA_14955, AENJA_16000	YEAST04058
OG0002758	AENJA_15361	YEAST04409
OG0002760	AENJA_15553, AENJA_19974, AENJA_22798	YEAST01927
OG0002761	AENJA_15660	YEAST03261
OG0002763	AENJA_17978	YEAST00260
OG0002764	AENJA_17995	YEAST00423
OG0002765	AENJA_18242	YEAST01667, YEAST05523
OG0002766	AENJA_18864	YEAST05357
OG0002767	AENJA_18908	YEAST04591
OG0002771	AENJA_19705	YEAST02043
OG0002772	AENJA_20331	YEAST03384
OG0002773	AENJA_20591	YEAST03677
OG0002774	AENJA_20726	YEAST03575
OG0002775	AENJA_20727	YEAST03021
OG0002781	AENJA_21782	YEAST05450
OG0002782	AENJA_22198	YEAST02121
OG0002785	AENJA_23498	YEAST06106, YEAST01228
OG0002788	AENJA_24424	YEAST02578, YEAST01232
OG0002789	AENJA_25550, AENJA_24835	YEAST05269
OG0002793	AENJA_26539, AENJA_26542	YEAST01371
OG0002817	AENJA_00735	YEAST01189, YEAST04922
OG0002824	AENJA_01440	YEAST02137
OG0002826	AENJA_02168	YEAST00174
OG0002827	AENJA_02347	YEAST05976
OG0002828	AENJA_02401	YEAST00227, YEAST00963
OG0002831	AENJA_02800, AENJA_02799	YEAST03282
OG0002835	AENJA_04456	YEAST02656
OG0002837	AENJA_05456	YEAST01987, YEAST00157
OG0002839	AENJA_06051	YEAST03148
OG0002843	AENJA_06434	YEAST04737
OG0002844	AENJA_06497, AENJA_06632	YEAST05563
OG0002847	AENJA_07384	YEAST02294
OG0002851	AENJA_09890	YEAST04951
OG0002855	AENJA_10897	YEAST00137
OG0002860	AENJA_12346	YEAST02712
OG0002866	AENJA_14387	YEAST01136
OG0002876	AENJA_16221	YEAST02348
OG0002877	AENJA_16701	YEAST04537
OG0002883	AENJA_18948	YEAST03027
OG0002891	AENJA_20333	YEAST03205
OG0002893	AENJA_20681	YEAST03653
OG0002894	AENJA_20837	YEAST00906
OG0002895	AENJA_21152	YEAST01471, YEAST05353, YEAST05456
OG0002897	AENJA_22085	YEAST06308
OG0002899	AENJA_22623	YEAST00283
OG0002900	AENJA_25988, AENJA_22681	YEAST05306
OG0002907	AENJA_23794	YEAST02061
OG0002910	AENJA_24759	YEAST00223
OG0002915	AENJA_26181	YEAST02264
OG0002917	AENJA_26763	YEAST03703
OG0002947	AENJA_00803, AENJA_14586	YEAST00232
OG0002948	AENJA_09024, AENJA_17830, AENJA_00811	YEAST03584
OG0002949	AENJA_00985	YEAST00419, YEAST06063
OG0002952	AENJA_03492, AENJA_01286, AENJA_01288	YEAST05257
OG0002953	AENJA_01495	YEAST03034
OG0002957	AENJA_02431	YEAST03253
OG0002960	AENJA_02770	YEAST05502
OG0002965	AENJA_03749	YEAST03804
OG0002966	AENJA_06648, AENJA_03777	YEAST06059
OG0002968	AENJA_03998	YEAST00199
OG0002969	AENJA_04473	YEAST00655
OG0002982	AENJA_07566	YEAST02471
OG0002984	AENJA_08233	YEAST00961, YEAST01144
OG0002985	AENJA_08394	YEAST02147
OG0002987	AENJA_08505	YEAST02970, YEAST00081, YEAST02488
OG0002991	AENJA_09631, AENJA_22593	YEAST03345, YEAST01842
OG0002997	AENJA_25602, AENJA_11131	YEAST02374
OG0003001	AENJA_18654, AENJA_11581	YEAST01497
OG0003004	AENJA_11848	YEAST02183
OG0003006	AENJA_12351	YEAST00899
OG0003010	AENJA_14073	YEAST03035
OG0003012	AENJA_14839	YEAST04512
OG0003016	AENJA_15608, AENJA_21110, AENJA_15615	YEAST04810
OG0003017	AENJA_15754	YEAST02213
OG0003018	AENJA_15825	YEAST01635, YEAST01949
OG0003020	AENJA_16040, AENJA_19439, AENJA_16041	YEAST04851
OG0003027	AENJA_17824	YEAST05498
OG0003028	AENJA_17984	YEAST05822
OG0003029	AENJA_18248	YEAST04523
OG0003033	AENJA_18723	YEAST02457, YEAST02640
OG0003039	AENJA_21140	YEAST00055
OG0003043	AENJA_21648	YEAST02551
OG0003046	AENJA_21816	YEAST01632
OG0003054	AENJA_24441	YEAST04909, YEAST05341
OG0003056	AENJA_24565, AENJA_24568	YEAST02257
OG0003059	AENJA_24855	YEAST02832, YEAST03675
OG0003063	AENJA_25761	YEAST00204
OG0003066	AENJA_26723	YEAST00969
OG0003101	AENJA_00164	YEAST01357
OG0003104	AENJA_00844, AENJA_00412	YEAST00861
OG0003105	AENJA_00483	YEAST04282
OG0003106	AENJA_00659	YEAST03619
OG0003107	AENJA_00765	YEAST00029
OG0003108	AENJA_01637	YEAST00796
OG0003110	AENJA_01831	YEAST02197
OG0003114	AENJA_02181	YEAST00453, YEAST02426
OG0003119	AENJA_03324	YEAST00778
OG0003121	AENJA_03733	YEAST03190
OG0003126	AENJA_13311, AENJA_04114, AENJA_20192	YEAST00300
OG0003131	AENJA_04699	YEAST04435, YEAST04350
OG0003135	AENJA_05506	YEAST02069
OG0003138	AENJA_05937	YEAST01790, YEAST00784
OG0003145	AENJA_06906	YEAST06012
OG0003147	AENJA_07167	YEAST03729
OG0003151	AENJA_07870	YEAST03910
OG0003153	AENJA_08315	YEAST05438
OG0003154	AENJA_08755, AENJA_24160, AENJA_24621	YEAST00694
OG0003157	AENJA_09315, AENJA_09314	YEAST01203
OG0003164	AENJA_13680, AENJA_10532	YEAST05549, YEAST04492
OG0003169	AENJA_11201, AENJA_11198	YEAST04410
OG0003172	AENJA_11593	YEAST06030
OG0003174	AENJA_12148, AENJA_18390	YEAST06178
OG0003178	AENJA_12804	YEAST05823
OG0003179	AENJA_12977	YEAST00905
OG0003182	AENJA_13237	YEAST05565
OG0003189	AENJA_15393	YEAST00820
OG0003190	AENJA_16189, AENJA_16188	YEAST02550
OG0003191	AENJA_16289	YEAST01068
OG0003193	AENJA_16359	YEAST02494
OG0003197	AENJA_17257	YEAST06274
OG0003199	AENJA_17478	YEAST04961
OG0003207	AENJA_19792, AENJA_19791	YEAST04056
OG0003212	AENJA_20864	YEAST05531
OG0003214	AENJA_21694	YEAST03701
OG0003215	AENJA_22196	YEAST04373
OG0003218	AENJA_23390	YEAST04068
OG0003219	AENJA_23468	YEAST01656
OG0003220	AENJA_23504	YEAST03417, YEAST00186
OG0003221	AENJA_23575	YEAST05064
OG0003223	AENJA_24204	YEAST04472
OG0003228	AENJA_25997	YEAST06187
OG0003230	AENJA_26243	YEAST05487
OG0003251	AENJA_00517	YEAST05338, YEAST04904
OG0003254	AENJA_01261	YEAST03911
OG0003257	AENJA_01488, AENJA_01489	YEAST02741
OG0003263	AENJA_03032	YEAST05333
OG0003264	AENJA_03403	YEAST03398
OG0003266	AENJA_03526	YEAST05585
OG0003267	AENJA_03748	YEAST02516
OG0003270	AENJA_04789	YEAST01372, YEAST05351, YEAST01476
OG0003277	AENJA_06595	YEAST03706
OG0003283	AENJA_08388, AENJA_08386, AENJA_08389	YEAST02779
OG0003284	AENJA_08806	YEAST02184
OG0003287	AENJA_08945	YEAST00166
OG0003288	AENJA_08988	YEAST05062
OG0003290	AENJA_09114	YEAST06325
OG0003293	AENJA_10140	YEAST04930
OG0003295	AENJA_10278	YEAST06127
OG0003300	AENJA_16801, AENJA_10987	YEAST03316
OG0003301	AENJA_11385	YEAST03267
OG0003302	AENJA_11409	YEAST04633
OG0003303	AENJA_23721, AENJA_11641	YEAST05878
OG0003304	AENJA_11712, AENJA_18633	YEAST01018
OG0003316	AENJA_13112	YEAST04887
OG0003317	AENJA_13550	YEAST03051
OG0003318	AENJA_13567	YEAST02158
OG0003332	AENJA_15526	YEAST02945, YEAST00447
OG0003335	AENJA_15787	YEAST01260
OG0003340	AENJA_16463	YEAST04972
OG0003341	AENJA_17359	YEAST00990
OG0003343	AENJA_17465, AENJA_17471, AENJA_17472	YEAST04356, YEAST06258
OG0003344	AENJA_17550	YEAST04764
OG0003345	AENJA_17754, AENJA_22123	YEAST02133
OG0003348	AENJA_18879	YEAST02844
OG0003349	AENJA_18916	YEAST00235, YEAST04798
OG0003356	AENJA_21005, AENJA_21006	YEAST02937
OG0003357	AENJA_21046	YEAST04240, YEAST02522
OG0003364	AENJA_21855	YEAST00730
OG0003366	AENJA_22253	YEAST05276, YEAST03075
OG0003373	AENJA_24423	YEAST03755
OG0003374	AENJA_24682, AENJA_24683	YEAST03627
OG0003375	AENJA_24824	YEAST03722
OG0003377	AENJA_24906	YEAST03340
OG0003380	AENJA_25323	YEAST00529
OG0003381	AENJA_25399	YEAST03447, YEAST01380
OG0003382	AENJA_25400	YEAST01627
OG0003386	AENJA_26435	YEAST02725
OG0003425	AENJA_01194	YEAST05084
OG0003426	AENJA_01257	YEAST05251
OG0003428	AENJA_01568	YEAST04550, YEAST01154
OG0003429	AENJA_01963	YEAST05921
OG0003430	AENJA_02400	YEAST04732
OG0003434	AENJA_02675	YEAST02689
OG0003435	AENJA_02757	YEAST05483
OG0003441	AENJA_03511	YEAST05981
OG0003443	AENJA_03622	YEAST06032
OG0003454	AENJA_04653	YEAST04088
OG0003458	AENJA_05270	YEAST00169
OG0003461	AENJA_05624	YEAST05752, YEAST04759
OG0003463	AENJA_05770	YEAST02371
OG0003464	AENJA_10817, AENJA_05778	YEAST05120
OG0003465	AENJA_06069	YEAST02874
OG0003467	AENJA_06433	YEAST01278
OG0003477	AENJA_08292	YEAST03665
OG0003483	AENJA_09252	YEAST06074
OG0003487	AENJA_10277	YEAST03066
OG0003491	AENJA_11118	YEAST03514
OG0003493	AENJA_20319, AENJA_11275	YEAST01076
OG0003497	AENJA_12369	YEAST00758
OG0003498	AENJA_12653	YEAST05680
OG0003500	AENJA_12709	YEAST03303, YEAST02683
OG0003501	AENJA_13025	YEAST01421
OG0003502	AENJA_13200	YEAST02519
OG0003503	AENJA_13216	YEAST00400
OG0003505	AENJA_13629	YEAST00697
OG0003509	AENJA_14027	YEAST02850
OG0003515	AENJA_16192	YEAST00923
OG0003518	AENJA_16797	YEAST04809
OG0003523	AENJA_17997	YEAST05393
OG0003531	AENJA_19107	YEAST00465
OG0003532	AENJA_19405	YEAST05810
OG0003539	AENJA_20975	YEAST03774
OG0003541	AENJA_21308	YEAST01314
OG0003543	AENJA_21659	YEAST01290
OG0003544	AENJA_21703	YEAST00251
OG0003550	AENJA_22695	YEAST06166
OG0003551	AENJA_22715	YEAST01826
OG0003552	AENJA_22940	YEAST04163
OG0003556	AENJA_23329	YEAST05216
OG0003560	AENJA_24076	YEAST02357, YEAST05925
OG0003561	AENJA_24294	YEAST06100
OG0003562	AENJA_24391	YEAST00960
OG0003565	AENJA_24872	YEAST03392
OG0003567	AENJA_25441	YEAST04838
OG0003568	AENJA_25542	YEAST04328
OG0003570	AENJA_26158	YEAST03562, YEAST04635
OG0003571	AENJA_26245	YEAST05553
OG0003573	AENJA_26698	YEAST00597
OG0003598	AENJA_00099	YEAST00803
OG0003599	AENJA_00129, AENJA_06205	YEAST04133
OG0003603	AENJA_00222	YEAST03529
OG0003610	AENJA_00983	YEAST02573
OG0003611	AENJA_01033, AENJA_04941	YEAST01054
OG0003612	AENJA_01169	YEAST00808
OG0003613	AENJA_01172	YEAST02366
OG0003615	AENJA_01282, AENJA_22435, AENJA_06537	YEAST01638
OG0003617	AENJA_01515, AENJA_11306	YEAST04802, YEAST04398
OG0003618	AENJA_01642	YEAST00747
OG0003619	AENJA_13125, AENJA_01712, AENJA_03250, AENJA_01713	YEAST04756
OG0003624	AENJA_02868	YEAST00147
OG0003630	AENJA_03435	YEAST04845
OG0003632	AENJA_03584	YEAST02125
OG0003638	AENJA_04417	YEAST00956
OG0003641	AENJA_05255	YEAST04061, YEAST01158
OG0003643	AENJA_05513, AENJA_24494	YEAST03144
OG0003644	AENJA_06076	YEAST01545
OG0003645	AENJA_06128	YEAST05809, YEAST05493
OG0003646	AENJA_06203	YEAST02349
OG0003647	AENJA_06206	YEAST04352, YEAST04433
OG0003649	AENJA_06343	YEAST00203
OG0003650	AENJA_06545	YEAST00737, YEAST04997
OG0003659	AENJA_08800	YEAST00140
OG0003661	AENJA_09036	YEAST02758
OG0003664	AENJA_09805	YEAST03791
OG0003668	AENJA_10387	YEAST06168
OG0003669	AENJA_10658	YEAST02813
OG0003672	AENJA_11161, AENJA_24103	YEAST03137
OG0003676	AENJA_11880	YEAST03110
OG0003678	AENJA_12097	YEAST02330
OG0003679	AENJA_12320	YEAST03223
OG0003682	AENJA_12915	YEAST00571
OG0003687	AENJA_13636	YEAST02527, YEAST04246
OG0003688	AENJA_13670	YEAST01333, YEAST05362, YEAST00376
OG0003689	AENJA_14017	YEAST04232
OG0003690	AENJA_20908, AENJA_14230	YEAST01162
OG0003692	AENJA_18360, AENJA_14437	YEAST00692
OG0003693	AENJA_14583	YEAST05304
OG0003694	AENJA_14806	YEAST01453
OG0003696	AENJA_15025	YEAST05704
OG0003697	AENJA_15049	YEAST04962
OG0003698	AENJA_15085	YEAST03764, YEAST03185
OG0003703	AENJA_15505, AENJA_15513	YEAST00683
OG0003710	AENJA_17579	YEAST02077
OG0003712	AENJA_17842	YEAST02114
OG0003713	AENJA_17988	YEAST01549, YEAST03807
OG0003716	AENJA_18178	YEAST02390
OG0003718	AENJA_18593, AENJA_23619	YEAST05772
OG0003719	AENJA_18681	YEAST06338
OG0003721	AENJA_19137	YEAST04960
OG0003724	AENJA_19400	YEAST02365, YEAST06120
OG0003729	AENJA_19798	YEAST01543
OG0003731	AENJA_19989	YEAST04486
OG0003733	AENJA_20334	YEAST03492
OG0003734	AENJA_20690	YEAST02809, YEAST03842
OG0003735	AENJA_20826	YEAST06115
OG0003738	AENJA_21039	YEAST05605
OG0003740	AENJA_21680	YEAST01029
OG0003741	AENJA_21770	YEAST01379
OG0003743	AENJA_22572	YEAST06008, YEAST05688
OG0003744	AENJA_22829	YEAST01207
OG0003745	AENJA_23235, AENJA_23237, AENJA_23234	YEAST02618
OG0003749	AENJA_23639	YEAST04441
OG0003750	AENJA_23963	YEAST00149
OG0003756	AENJA_25172	YEAST01878
OG0003758	AENJA_25591	YEAST06133
OG0003759	AENJA_25619	YEAST03315
OG0003806	AENJA_00944	YEAST02367
OG0003807	AENJA_00967	YEAST04265, YEAST03128
OG0003808	AENJA_00978	YEAST01201
OG0003811	AENJA_01571	YEAST00417
OG0003812	AENJA_01871	YEAST00287
OG0003813	AENJA_02053	YEAST00254
OG0003818	AENJA_02472, AENJA_02475	YEAST04318
OG0003824	AENJA_02975	YEAST01468
OG0003828	AENJA_03700	YEAST02448
OG0003829	AENJA_03792	YEAST02032, YEAST01031
OG0003831	AENJA_03886	YEAST03010, YEAST05137, YEAST02344
OG0003834	AENJA_04549, AENJA_04550	YEAST06322
OG0003837	AENJA_04856	YEAST02586
OG0003838	AENJA_04967	YEAST03413
OG0003839	AENJA_05236, AENJA_06897	YEAST01736
OG0003844	AENJA_06372	YEAST06054
OG0003846	AENJA_06476	YEAST00356
OG0003848	AENJA_06904	YEAST01654
OG0003850	AENJA_07117, AENJA_21595	YEAST00228
OG0003851	AENJA_07129	YEAST06169
OG0003852	AENJA_07216	YEAST03296
OG0003853	AENJA_07482, AENJA_19998	YEAST06251
OG0003855	AENJA_07705	YEAST04936
OG0003856	AENJA_08084	YEAST03934, YEAST02710
OG0003858	AENJA_08566	YEAST01401
OG0003860	AENJA_08805, AENJA_11742	YEAST01412
OG0003866	AENJA_09527	YEAST01895
OG0003867	AENJA_09761	YEAST03558
OG0003868	AENJA_09827	YEAST01448
OG0003869	AENJA_17460, AENJA_09977	YEAST02771
OG0003875	AENJA_10875	YEAST05070
OG0003876	AENJA_10876	YEAST02423
OG0003877	AENJA_11020	YEAST04860, YEAST05867, YEAST03825
OG0003879	AENJA_11207	YEAST00463
OG0003881	AENJA_11372	YEAST03851
OG0003882	AENJA_11663	YEAST03663
OG0003886	AENJA_12066	YEAST06023
OG0003887	AENJA_12157	YEAST00028
OG0003893	AENJA_13141	YEAST05028
OG0003897	AENJA_14064	YEAST01270
OG0003899	AENJA_14656	YEAST04954
OG0003904	AENJA_16228	YEAST01732
OG0003907	AENJA_25978, AENJA_17207	YEAST02999, YEAST02288
OG0003908	AENJA_22677	YEAST01362
OG0003908	AENJA_17280	YEAST06330
OG0003910	AENJA_17611	YEAST03780
OG0003911	AENJA_17893	YEAST00032
OG0003913	AENJA_18124	YEAST03258
OG0003918	AENJA_19068	YEAST00058
OG0003921	AENJA_19828	YEAST06181
OG0003926	AENJA_20056	YEAST04138
OG0003929	AENJA_20627	YEAST04489, YEAST01422
OG0003930	AENJA_20961	YEAST03969
OG0003931	AENJA_21038	YEAST01142
OG0003934	AENJA_21817	YEAST00084
OG0003938	AENJA_22573	YEAST01566, YEAST05133
OG0003939	AENJA_22721	YEAST03211
OG0003944	AENJA_23555	YEAST01186
OG0003946	AENJA_24350	YEAST03220
OG0003947	AENJA_24809	YEAST06266, YEAST05428
OG0003949	AENJA_25294	YEAST01888
OG0003950	AENJA_25298	YEAST01409
OG0003954	AENJA_26001	YEAST02764
OG0003955	AENJA_26253	YEAST03951
OG0003959	AENJA_26551	YEAST02778
OG0003961	AENJA_26616	YEAST01991
OG0003999	AENJA_00953	YEAST05604
OG0004000	AENJA_01025	YEAST06060
OG0004005	AENJA_01410, AENJA_01411	YEAST06216
OG0004007	AENJA_01716	YEAST01456
OG0004012	AENJA_02300	YEAST00755
OG0004017	AENJA_03846	YEAST03019
OG0004023	AENJA_04821	YEAST04349
OG0004027	AENJA_05469	YEAST03587
OG0004032	AENJA_06151	YEAST02562
OG0004033	AENJA_07800, AENJA_06467	YEAST02572
OG0004035	AENJA_07045	YEAST02134
OG0004037	AENJA_07206	YEAST03371
OG0004042	AENJA_07854	YEAST05578
OG0004044	AENJA_07917	YEAST05367
OG0004047	AENJA_08079	YEAST02496
OG0004051	AENJA_08973	YEAST01772
OG0004052	AENJA_09045, AENJA_09047	YEAST03705
OG0004054	AENJA_09386	YEAST05576
OG0004056	AENJA_09747	YEAST05698
OG0004057	AENJA_09847	YEAST05620
OG0004059	AENJA_10120	YEAST00030
OG0004065	AENJA_10916, AENJA_10915	YEAST00772
OG0004067	AENJA_11072, AENJA_11073	YEAST02665
OG0004068	AENJA_11291	YEAST03461
OG0004071	AENJA_11569	YEAST02893
OG0004072	AENJA_11674	YEAST02440
OG0004075	AENJA_25225, AENJA_11909, AENJA_25684	YEAST02332
OG0004076	AENJA_11962	YEAST05461
OG0004079	AENJA_12149	YEAST04385
OG0004080	AENJA_12559, AENJA_12560	YEAST00812
OG0004082	AENJA_12648	YEAST00063, YEAST05409
OG0004090	AENJA_14113	YEAST02301, YEAST02021
OG0004091	AENJA_14497, AENJA_14498	YEAST04715
OG0004092	AENJA_14629	YEAST03564, YEAST06307
OG0004096	AENJA_14942	YEAST00160
OG0004097	AENJA_15032	YEAST05039
OG0004101	AENJA_16349	YEAST03547, YEAST02901
OG0004102	AENJA_16425	YEAST05787
OG0004103	AENJA_16652, AENJA_16649	YEAST05061
OG0004105	AENJA_17274	YEAST01700, YEAST01565
OG0004110	AENJA_17972	YEAST02825
OG0004113	AENJA_18290	YEAST02059
OG0004115	AENJA_18384	YEAST00325
OG0004116	AENJA_18624	YEAST00481
OG0004118	AENJA_19037	YEAST01855
OG0004119	AENJA_19319	YEAST02170
OG0004120	AENJA_19470	YEAST01953
OG0004123	AENJA_19882	YEAST04761
OG0004124	AENJA_20051	YEAST01139
OG0004127	AENJA_20390	YEAST06097
OG0004130	AENJA_20514	YEAST03149
OG0004134	AENJA_20800	YEAST05611
OG0004136	AENJA_21121	YEAST01084
OG0004142	AENJA_22247	YEAST05774
OG0004148	AENJA_23349	YEAST00867
OG0004150	AENJA_23752	YEAST04690
OG0004151	AENJA_23954	YEAST04284
OG0004153	AENJA_24217, AENJA_24230	YEAST05958, YEAST04386, YEAST00290
OG0004154	AENJA_24263	YEAST05587
OG0004158	AENJA_24429	YEAST03379
OG0004161	AENJA_25182	YEAST04124
OG0004162	AENJA_25282	YEAST04517
OG0004164	AENJA_25479	YEAST05923
OG0004166	AENJA_25748	YEAST00189
OG0004168	AENJA_26286	YEAST03028
OG0004169	AENJA_26454	YEAST05813
OG0004170	AENJA_26593	YEAST05906
OG0004171	AENJA_26685	YEAST04501
OG0004215	AENJA_00310	YEAST04590
OG0004217	AENJA_00550	YEAST01257
OG0004219	AENJA_01020	YEAST00912
OG0004222	AENJA_01486	YEAST05826
OG0004230	AENJA_24753, AENJA_02152	YEAST02220
OG0004232	AENJA_02302	YEAST05931
OG0004236	AENJA_02429	YEAST05432
OG0004237	AENJA_02572, AENJA_07147	YEAST04445, YEAST04344
OG0004239	AENJA_02668	YEAST05144
OG0004243	AENJA_03297	YEAST00306
OG0004245	AENJA_03416, AENJA_09928, AENJA_21565	YEAST00859
OG0004248	AENJA_03763	YEAST03678
OG0004249	AENJA_03888	YEAST02740
OG0004250	AENJA_04014	YEAST05543
OG0004252	AENJA_04057	YEAST05178
OG0004254	AENJA_04427, AENJA_09254	YEAST03900
OG0004258	AENJA_15676, AENJA_04921, AENJA_24630	YEAST00665
OG0004259	AENJA_05091	YEAST03730
OG0004261	AENJA_25277, AENJA_13929, AENJA_22921, AENJA_22459, AENJA_05609	YEAST02564
OG0004262	AENJA_05767	YEAST02368
OG0004268	AENJA_06438	YEAST00496
OG0004269	AENJA_06472	YEAST04758
OG0004273	AENJA_07053	YEAST02547
OG0004278	AENJA_07644, AENJA_08435	YEAST00243
OG0004280	AENJA_07853	YEAST05895
OG0004282	AENJA_07918	YEAST02575, YEAST06242
OG0004283	AENJA_07931, AENJA_19675	YEAST04184
OG0004287	AENJA_10688, AENJA_10695, AENJA_08479	YEAST01708
OG0004289	AENJA_08571	YEAST05719
OG0004291	AENJA_08666	YEAST00852
OG0004292	AENJA_08709, AENJA_21597	YEAST02537
OG0004295	AENJA_08995	YEAST05946
OG0004297	AENJA_09281	YEAST01463
OG0004300	AENJA_09414	YEAST05309
OG0004301	AENJA_09948, AENJA_09950, AENJA_11810	YEAST03850
OG0004302	AENJA_09951, AENJA_11814	YEAST05203
OG0004303	AENJA_10102	YEAST02492
OG0004304	AENJA_10126	YEAST02425, YEAST05929
OG0004305	AENJA_10671	YEAST02123
OG0004307	AENJA_10811	YEAST04592
OG0004308	AENJA_10896	YEAST04835
OG0004309	AENJA_10914	YEAST05924
OG0004310	AENJA_11180, AENJA_23448	YEAST05001
OG0004312	AENJA_11219	YEAST03330
OG0004314	AENJA_11558	YEAST00500
OG0004324	AENJA_12557	YEAST04322
OG0004330	AENJA_13252	YEAST06277
OG0004331	AENJA_13331	YEAST06230
OG0004333	AENJA_13634	YEAST01391
OG0004335	AENJA_13686	YEAST01057
OG0004337	AENJA_13913	YEAST05652
OG0004338	AENJA_14330	YEAST05023
OG0004344	AENJA_15963	YEAST02441
OG0004345	AENJA_16155	YEAST04894
OG0004347	AENJA_16598	YEAST04515
OG0004348	AENJA_16800	YEAST03956
OG0004350	AENJA_16841	YEAST04742
OG0004351	AENJA_16867	YEAST04167
OG0004353	AENJA_17017	YEAST05143
OG0004356	AENJA_17320	YEAST02877
OG0004357	AENJA_17547	YEAST02304
OG0004358	AENJA_18672, AENJA_18047, AENJA_18673	YEAST01304
OG0004359	AENJA_18134	YEAST01873
OG0004364	AENJA_19146	YEAST00647
OG0004366	AENJA_19317	YEAST01097
OG0004369	AENJA_19753	YEAST04013
OG0004370	AENJA_24515, AENJA_19903	YEAST02378
OG0004374	AENJA_20422	YEAST00556
OG0004377	AENJA_21485	YEAST05181
OG0004378	AENJA_21608	YEAST03291
OG0004379	AENJA_21681	YEAST02180, YEAST04152
OG0004380	AENJA_21685	YEAST04825
OG0004382	AENJA_22037	YEAST03218
OG0004394	AENJA_23929	YEAST00619
OG0004396	AENJA_24530	YEAST01668
OG0004400	AENJA_25584	YEAST03238, YEAST03731
OG0004401	AENJA_25597	YEAST04219
OG0004402	AENJA_25980	YEAST05942, YEAST03617
OG0004404	AENJA_26407	YEAST00833, YEAST00883
OG0004460	AENJA_10602, AENJA_00174	YEAST06162
OG0004462	AENJA_03119, AENJA_00195	YEAST03397
OG0004468	AENJA_00461	YEAST04439
OG0004472	AENJA_00868	YEAST06199
OG0004479	AENJA_02206	YEAST00474
OG0004484	AENJA_02375	YEAST01989
OG0004486	AENJA_02721	YEAST00968
OG0004489	AENJA_03089	YEAST03700
OG0004490	AENJA_03148	YEAST02887
OG0004492	AENJA_03264	YEAST05415, YEAST01368
OG0004494	AENJA_03427	YEAST03738
OG0004495	AENJA_03794	YEAST00946
OG0004498	AENJA_04040	YEAST02716
OG0004500	AENJA_04178	YEAST04651
OG0004503	AENJA_04529, AENJA_23467	YEAST02385
OG0004505	AENJA_08695, AENJA_04733, AENJA_22550	YEAST01701
OG0004506	AENJA_04842	YEAST06061
OG0004507	AENJA_04865	YEAST04994
OG0004512	AENJA_05863	YEAST01510
OG0004513	AENJA_06212	YEAST04235
OG0004515	AENJA_06345	YEAST05737
OG0004519	AENJA_06969	YEAST01596
OG0004520	AENJA_07201	YEAST06001, YEAST05696
OG0004525	AENJA_07831	YEAST03937
OG0004526	AENJA_23914, AENJA_07835	YEAST02603
OG0004529	AENJA_07939, AENJA_07944	YEAST03981
OG0004535	AENJA_08570	YEAST02221
OG0004538	AENJA_08665	YEAST02750
OG0004541	AENJA_08939	YEAST02645, YEAST03788, YEAST04781
OG0004542	AENJA_09105	YEAST04816, YEAST04623
OG0004545	AENJA_19665, AENJA_09222, AENJA_25205, AENJA_22344	YEAST02071
OG0004546	AENJA_09271	YEAST04485
OG0004551	AENJA_11055	YEAST05315
OG0004551	AENJA_14630	YEAST00426
OG0004554	AENJA_11434	YEAST05640, YEAST04172
OG0004559	AENJA_11902	YEAST04428
OG0004563	AENJA_12215	YEAST04325
OG0004566	AENJA_12676	YEAST02192
OG0004567	AENJA_12797	YEAST05747
OG0004571	AENJA_13264	YEAST02127
OG0004573	AENJA_13416	YEAST00677
OG0004577	AENJA_13927	YEAST02283
OG0004579	AENJA_14039	YEAST00134
OG0004581	AENJA_14240	YEAST03583, YEAST04618
OG0004582	AENJA_14257	YEAST04377
OG0004583	AENJA_14685	YEAST05833
OG0004584	AENJA_14870	YEAST03457
OG0004585	AENJA_14884	YEAST01153
OG0004590	AENJA_15587	YEAST03622, YEAST00886
OG0004593	AENJA_16066	YEAST01231
OG0004606	AENJA_17079	YEAST05926
OG0004609	AENJA_17443	YEAST05326
OG0004610	AENJA_17485	YEAST04487, YEAST01427
OG0004611	AENJA_17567	YEAST04613
OG0004612	AENJA_17697	YEAST02359
OG0004616	AENJA_17897	YEAST00250, YEAST02830
OG0004619	AENJA_18030	YEAST03531
OG0004621	AENJA_18130	YEAST00178
OG0004623	AENJA_18259	YEAST04421
OG0004626	AENJA_18829	YEAST00427
OG0004630	AENJA_19296	YEAST01322, YEAST02951
OG0004633	AENJA_19396	YEAST03510
OG0004634	AENJA_19399	YEAST00262, YEAST00249
OG0004635	AENJA_19421	YEAST02703
OG0004639	AENJA_19701	YEAST02924
OG0004648	AENJA_21464	YEAST04721, YEAST05892
OG0004649	AENJA_21530	YEAST02284
OG0004651	AENJA_21665	YEAST01146
OG0004654	AENJA_21881	YEAST00988
OG0004655	AENJA_21945	YEAST01640
OG0004656	AENJA_22399	YEAST04281
OG0004657	AENJA_22627	YEAST00473
OG0004658	AENJA_22666	YEAST04140
OG0004659	AENJA_22731	YEAST02251
OG0004660	AENJA_22903	YEAST06221, YEAST00721
OG0004663	AENJA_23128	YEAST01161
OG0004664	AENJA_23247	YEAST05162
OG0004668	AENJA_23876	YEAST01610
OG0004669	AENJA_23970	YEAST00949
OG0004670	AENJA_23983	YEAST03416
OG0004671	AENJA_24032	YEAST02606
OG0004674	AENJA_24465	YEAST05448
OG0004675	AENJA_24642	YEAST05072, YEAST02983
OG0004676	AENJA_24878	YEAST05785, YEAST00056, YEAST02694
OG0004678	AENJA_25081	YEAST02777, YEAST04846
OG0004682	AENJA_25603	YEAST02876
OG0004683	AENJA_25906	YEAST00676
OG0004684	AENJA_25907	YEAST05643
OG0004685	AENJA_26252	YEAST04200
OG0004687	AENJA_26633	YEAST00982
OG0004691	AENJA_26781	YEAST00819
OG0004728	AENJA_00010	YEAST04662, YEAST00882
OG0004733	AENJA_00482	YEAST06337
OG0004735	AENJA_00527	YEAST04508
OG0004739	AENJA_00833	YEAST01817
OG0004740	AENJA_00889	YEAST04029
OG0004743	AENJA_00975	YEAST04299
OG0004747	AENJA_02204	YEAST01134
OG0004748	AENJA_09307, AENJA_25929, AENJA_25930, AENJA_02212, AENJA_02211	YEAST03942
OG0004749	AENJA_02213	YEAST05904
OG0004753	AENJA_02412	YEAST04746
OG0004755	AENJA_02461	YEAST03690
OG0004756	AENJA_02560	YEAST03704
OG0004759	AENJA_02782	YEAST02912
OG0004760	AENJA_02947	YEAST01847
OG0004764	AENJA_03553	YEAST04443, YEAST04345
OG0004765	AENJA_03642	YEAST02487
OG0004766	AENJA_03824	YEAST01053
OG0004767	AENJA_03880	YEAST03559
OG0004768	AENJA_03887	YEAST02666
OG0004769	AENJA_04019	YEAST06228
OG0004770	AENJA_04020	YEAST03432
OG0004774	AENJA_04499	YEAST06062
OG0004785	AENJA_05817	YEAST04153
OG0004786	AENJA_05823, AENJA_22606	YEAST01015
OG0004787	AENJA_05829	YEAST02164
OG0004792	AENJA_06378	YEAST02299
OG0004795	AENJA_06563	YEAST02163
OG0004797	AENJA_06655	YEAST00371
OG0004805	AENJA_07591	YEAST03570
OG0004808	AENJA_07815	YEAST02354
OG0004811	AENJA_07997	YEAST01683
OG0004814	AENJA_08117	YEAST05710
OG0004816	AENJA_08251	YEAST04664
OG0004819	AENJA_08530, AENJA_08531	YEAST00279
OG0004820	AENJA_08911, AENJA_08918	YEAST05404
OG0004822	AENJA_09116	YEAST03199
OG0004833	AENJA_09996	YEAST01309
OG0004836	AENJA_10309	YEAST00658
OG0004840	AENJA_10771	YEAST01399
OG0004841	AENJA_10828	YEAST01375
OG0004842	AENJA_10831	YEAST05083
OG0004843	AENJA_10860	YEAST03163
OG0004844	AENJA_11067	YEAST01571
OG0004848	AENJA_11309	YEAST02387
OG0004849	AENJA_11321	YEAST06335
OG0004850	AENJA_11412	YEAST05082, YEAST02977
OG0004851	AENJA_11448	YEAST02907
OG0004852	AENJA_11559	YEAST00825
OG0004854	AENJA_11701	YEAST00889, YEAST04304
OG0004855	AENJA_11702	YEAST03252
OG0004856	AENJA_11708	YEAST05973
OG0004858	AENJA_12040	YEAST04268
OG0004863	AENJA_12291	YEAST00862
OG0004864	AENJA_12322	YEAST00264
OG0004874	AENJA_13351	YEAST04564
OG0004875	AENJA_13517	YEAST02491
OG0004877	AENJA_13821	YEAST05247
OG0004879	AENJA_13901, AENJA_13900	YEAST01311
OG0004880	AENJA_14006	YEAST06046
OG0004881	AENJA_14067	YEAST00141
OG0004886	AENJA_14557	YEAST05077
OG0004887	AENJA_14679	YEAST05734
OG0004893	AENJA_15519	YEAST04667
OG0004896	AENJA_15696	YEAST06193
OG0004897	AENJA_15708	YEAST03127, YEAST00642
OG0004898	AENJA_15713, AENJA_15712	YEAST01269
OG0004902	AENJA_16316	YEAST00933
OG0004903	AENJA_16438	YEAST03539
OG0004906	AENJA_16690, AENJA_26441	YEAST02770
OG0004911	AENJA_16946	YEAST04765
OG0004913	AENJA_17248	YEAST01636
OG0004914	AENJA_17388	YEAST03369
OG0004917	AENJA_17545	YEAST00244
OG0004922	AENJA_18036, AENJA_18037	YEAST03302
OG0004924	AENJA_18232	YEAST03555, YEAST03277
OG0004928	AENJA_18869	YEAST00311
OG0004932	AENJA_19433	YEAST04654
OG0004935	AENJA_19714	YEAST02167
OG0004940	AENJA_20384	YEAST05107, YEAST05559
OG0004941	AENJA_20437	YEAST03194
OG0004947	AENJA_22271	YEAST05164
OG0004948	AENJA_22467	YEAST02275
OG0004949	AENJA_22471	YEAST04201
OG0004952	AENJA_23013	YEAST02477
OG0004954	AENJA_23328	YEAST06058
OG0004962	AENJA_23749	YEAST04400
OG0004963	AENJA_23812	YEAST04940
OG0004964	AENJA_24147	YEAST04104
OG0004968	AENJA_24458	YEAST03489
OG0004969	AENJA_24520	YEAST02591
OG0004970	AENJA_24573	YEAST04414
OG0004971	AENJA_24578	YEAST05364
OG0004972	AENJA_24749	YEAST03511
OG0004975	AENJA_25050	YEAST00144, YEAST01994
OG0004976	AENJA_25080	YEAST05983
OG0004977	AENJA_25085	YEAST06017
OG0004979	AENJA_25410	YEAST06027
OG0004980	AENJA_25419	YEAST05221
OG0004981	AENJA_25504	YEAST03914, YEAST04639
OG0004982	AENJA_25668	YEAST03625
OG0004985	AENJA_26124	YEAST03498
OG0004988	AENJA_26346	YEAST05990
OG0004989	AENJA_26564	YEAST04576
OG0004990	AENJA_26628	YEAST04419
OG0004992	AENJA_26724	YEAST05627
OG0005038	AENJA_00045	YEAST02861
OG0005040	AENJA_00082	YEAST04778
OG0005047	AENJA_00552	YEAST01837
OG0005053	AENJA_01012	YEAST00680
OG0005055	AENJA_01142	YEAST02159
OG0005059	AENJA_01536	YEAST03737
OG0005067	AENJA_02335	YEAST06051
OG0005069	AENJA_02390	YEAST03130
OG0005073	AENJA_02563	YEAST00873
OG0005076	AENJA_02930	YEAST04563
OG0005081	AENJA_03161	YEAST03124
OG0005083	AENJA_03370	YEAST00678, YEAST05235
OG0005084	AENJA_03378	YEAST03782
OG0005085	AENJA_03391	YEAST06159
OG0005086	AENJA_03514	YEAST00205
OG0005087	AENJA_03523	YEAST00816
OG0005088	AENJA_03643	YEAST05769, YEAST03125
OG0005089	AENJA_09868, AENJA_03710	YEAST04644
OG0005090	AENJA_03754	YEAST00338
OG0005091	AENJA_03934	YEAST05089
OG0005093	AENJA_03996	YEAST01810
OG0005095	AENJA_04110	YEAST04437
OG0005096	AENJA_04204	YEAST00667
OG0005097	AENJA_04431	YEAST05071
OG0005099	AENJA_04491	YEAST01396
OG0005100	AENJA_04820	YEAST02389
OG0005104	AENJA_05405	YEAST05248
OG0005106	AENJA_05457	YEAST06065, YEAST00421
OG0005107	AENJA_11332, AENJA_16150, AENJA_05759	YEAST06099
OG0005109	AENJA_05821	YEAST05204, YEAST00612
OG0005111	AENJA_05942	YEAST06212, YEAST04032
OG0005114	AENJA_16137, AENJA_06756	YEAST02131
OG0005117	AENJA_07237	YEAST06050
OG0005121	AENJA_07745	YEAST02052
OG0005124	AENJA_07802	YEAST04099
OG0005130	AENJA_08397	YEAST03863
OG0005139	AENJA_09924, AENJA_15622	YEAST04015
OG0005142	AENJA_10009	YEAST03890
OG0005143	AENJA_10049	YEAST00443
OG0005144	AENJA_22343, AENJA_10084	YEAST04065
OG0005146	AENJA_10342	YEAST02971
OG0005149	AENJA_10565	YEAST03025, YEAST02738
OG0005151	AENJA_11027, AENJA_18836	YEAST03382
OG0005152	AENJA_11080, AENJA_11081	YEAST00847
OG0005157	AENJA_11597	YEAST02981
OG0005160	AENJA_11799	YEAST06113
OG0005164	AENJA_12166	YEAST06283
OG0005167	AENJA_12659	YEAST03924
OG0005168	AENJA_12811	YEAST06272
OG0005169	AENJA_12818	YEAST00459
OG0005175	AENJA_13376	YEAST05445
OG0005176	AENJA_13525	YEAST00218
OG0005178	AENJA_13682	YEAST04497
OG0005179	AENJA_13683	YEAST05659
OG0005183	AENJA_14222	YEAST05308
OG0005184	AENJA_14397	YEAST00492
OG0005187	AENJA_14581	YEAST05234
OG0005188	AENJA_14606	YEAST01554
OG0005191	AENJA_14708	YEAST00993
OG0005192	AENJA_14714, AENJA_14713	YEAST05720
OG0005194	AENJA_15083	YEAST04086
OG0005196	AENJA_15512	YEAST01388
OG0005198	AENJA_15753	YEAST00327
OG0005200	AENJA_15889	YEAST01016
OG0005201	AENJA_15944	YEAST00082
OG0005203	AENJA_16058	YEAST02207
OG0005204	AENJA_16162	YEAST01178
OG0005205	AENJA_16290	YEAST01046
OG0005208	AENJA_16681	YEAST01429
OG0005212	AENJA_16938	YEAST06147
OG0005220	AENJA_18013	YEAST04357
OG0005221	AENJA_18089, AENJA_18087	YEAST03209
OG0005222	AENJA_18251	YEAST05518
OG0005224	AENJA_18467	YEAST06324
OG0005225	AENJA_18857	YEAST05094
OG0005227	AENJA_19102, AENJA_26640	YEAST05529
OG0005228	AENJA_23120, AENJA_19277	YEAST05916
OG0005229	AENJA_19358	YEAST04766
OG0005231	AENJA_19506	YEAST02681
OG0005233	AENJA_19580	YEAST00564
OG0005237	AENJA_19710	YEAST05398
OG0005238	AENJA_19721	YEAST00351
OG0005239	AENJA_19990	YEAST04499
OG0005240	AENJA_20005	YEAST03058
OG0005244	AENJA_20092	YEAST06021
OG0005247	AENJA_20373	YEAST06314
OG0005249	AENJA_20420	YEAST03446
OG0005251	AENJA_20701, AENJA_20700	YEAST00934
OG0005254	AENJA_21033	YEAST00814
OG0005259	AENJA_21569	YEAST04276
OG0005261	AENJA_21820	YEAST01831
OG0005262	AENJA_21894	YEAST05458
OG0005264	AENJA_21961	YEAST03506
OG0005267	AENJA_22355	YEAST03513
OG0005269	AENJA_22732	YEAST03314
OG0005273	AENJA_23163	YEAST04916
OG0005275	AENJA_23280	YEAST03695
OG0005277	AENJA_23499	YEAST04186
OG0005279	AENJA_23668	YEAST05219
OG0005280	AENJA_23904, AENJA_23903, AENJA_23905	YEAST00305
OG0005281	AENJA_23910	YEAST05694
OG0005285	AENJA_24684	YEAST03115
OG0005289	AENJA_25114	YEAST03438
OG0005292	AENJA_25293	YEAST01718
OG0005293	AENJA_25366	YEAST03033
OG0005294	AENJA_25605	YEAST01981
OG0005295	AENJA_25904	YEAST04584
OG0005298	AENJA_26046	YEAST03696
OG0005299	AENJA_26064	YEAST00788
OG0005300	AENJA_26263	YEAST04941
OG0005304	AENJA_26674	YEAST05397
OG0005360	AENJA_00600	YEAST05037
OG0005365	AENJA_01109	YEAST00555
OG0005366	AENJA_07344, AENJA_24633, AENJA_01145	YEAST05488
OG0005370	AENJA_01616	YEAST06092
OG0005371	AENJA_01629, AENJA_01628	YEAST06170
OG0005373	AENJA_01827	YEAST05422
OG0005374	AENJA_01955	YEAST05714
OG0005375	AENJA_01962	YEAST03962
OG0005379	AENJA_02617	YEAST03216
OG0005390	AENJA_03640	YEAST03532
OG0005391	AENJA_03952	YEAST02166
OG0005393	AENJA_03974	YEAST04280
OG0005394	AENJA_03979	YEAST00853
OG0005396	AENJA_04397	YEAST05100
OG0005399	AENJA_04615	YEAST03052
OG0005402	AENJA_07322, AENJA_05086	YEAST00454, YEAST00455
OG0005403	AENJA_05096, AENJA_05789	YEAST03894
OG0005406	AENJA_05242	YEAST00801
OG0005409	AENJA_05383	YEAST01305
OG0005412	AENJA_05564	YEAST00286
OG0005413	AENJA_05574	YEAST00212
OG0005417	AENJA_05779, AENJA_10810	YEAST02517
OG0005422	AENJA_06255	YEAST00744
OG0005430	AENJA_06529	YEAST02046
OG0005431	AENJA_06544	YEAST00653
OG0005432	AENJA_06561	YEAST00083
OG0005433	AENJA_06729	YEAST00126
OG0005435	AENJA_13965, AENJA_06761	YEAST02973
OG0005437	AENJA_06816	YEAST04554
OG0005438	AENJA_06828	YEAST03985
OG0005439	AENJA_06961	YEAST00480, YEAST02388
OG0005446	AENJA_07688	YEAST02856
OG0005448	AENJA_07878	YEAST00061
OG0005451	AENJA_08098	YEAST02174
OG0005455	AENJA_08486	YEAST01906
OG0005464	AENJA_09339	YEAST03289
OG0005465	AENJA_09364	YEAST02925
OG0005466	AENJA_09722	YEAST04413
OG0005468	AENJA_10069	YEAST03549
OG0005469	AENJA_10070	YEAST03750
OG0005470	AENJA_10194	YEAST05805
OG0005471	AENJA_10209, AENJA_12360	YEAST02704
OG0005474	AENJA_10453, AENJA_10452	YEAST05625
OG0005476	AENJA_10501	YEAST00929
OG0005479	AENJA_10855	YEAST06140
OG0005481	AENJA_10900	YEAST02988
OG0005482	AENJA_10927	YEAST06080
OG0005484	AENJA_11054	YEAST05993
OG0005488	AENJA_11403	YEAST02834
OG0005489	AENJA_11457	YEAST02006
OG0005490	AENJA_11459	YEAST02289
OG0005493	AENJA_11632	YEAST03669
OG0005495	AENJA_11935	YEAST04982
OG0005498	AENJA_12235	YEAST02944
OG0005499	AENJA_12600	YEAST00316
OG0005503	AENJA_12860	YEAST01883
OG0005504	AENJA_12889	YEAST02859
OG0005508	AENJA_22456, AENJA_13303	YEAST05735
OG0005511	AENJA_21527, AENJA_13841	YEAST04889
OG0005514	AENJA_14445	YEAST00756
OG0005524	AENJA_15449	YEAST04752
OG0005527	AENJA_15756	YEAST05177
OG0005531	AENJA_16185	YEAST02508
OG0005533	AENJA_16223	YEAST05670
OG0005535	AENJA_16599	YEAST03305
OG0005537	AENJA_17179	YEAST00932
OG0005539	AENJA_17548	YEAST01881
OG0005540	AENJA_17551	YEAST04214
OG0005545	AENJA_18372	YEAST06273
OG0005554	AENJA_18804	YEAST01003
OG0005556	AENJA_18935	YEAST01807
OG0005559	AENJA_19056	YEAST02680
OG0005560	AENJA_19248	YEAST01996
OG0005561	AENJA_19485	YEAST05048
OG0005562	AENJA_19601	YEAST02317
OG0005563	AENJA_19676	YEAST03552
OG0005564	AENJA_19698	YEAST02525
OG0005566	AENJA_19875	YEAST02934
OG0005569	AENJA_20459	YEAST01288
OG0005570	AENJA_20636	YEAST05155
OG0005572	AENJA_20678	YEAST04844
OG0005573	AENJA_20903	YEAST00059
OG0005574	AENJA_21165	YEAST02083
OG0005575	AENJA_21248	YEAST02256
OG0005580	AENJA_21973	YEAST03612
OG0005582	AENJA_22257	YEAST06134
OG0005584	AENJA_22564	YEAST03140, YEAST03524
OG0005586	AENJA_22676	YEAST00364
OG0005589	AENJA_22696	YEAST06142
OG0005590	AENJA_22743	YEAST05462
OG0005592	AENJA_22823	YEAST02743, YEAST03026, YEAST00679, YEAST05239
OG0005594	AENJA_22998	YEAST04980
OG0005595	AENJA_23087	YEAST01803
OG0005597	AENJA_23387	YEAST02753
OG0005598	AENJA_23392	YEAST01870
OG0005599	AENJA_23484	YEAST01798
OG0005600	AENJA_23486	YEAST00206
OG0005604	AENJA_23601, AENJA_23600	YEAST03276
OG0005605	AENJA_23709	YEAST01083
OG0005613	AENJA_24898	YEAST02714
OG0005617	AENJA_25373	YEAST02068
OG0005618	AENJA_25599	YEAST04830
OG0005620	AENJA_25760	YEAST04915
OG0005622	AENJA_25969	YEAST05142
OG0005623	AENJA_26090	YEAST01590
OG0005626	AENJA_26279	YEAST02896
OG0005632	AENJA_26780	YEAST01025
OG0005681	AENJA_00039, AENJA_26565	YEAST01514
OG0005694	AENJA_08020, AENJA_00499	YEAST02311
OG0005701	AENJA_00987	YEAST03349
OG0005702	AENJA_01004	YEAST02337
OG0005703	AENJA_01041	YEAST00484
OG0005707	AENJA_01197	YEAST01682
OG0005715	AENJA_02021	YEAST05111
OG0005719	AENJA_02576, AENJA_21883, AENJA_16676, AENJA_06368, AENJA_14184, AENJA_03800, AENJA_16113	YEAST01866
OG0005723	AENJA_02860	YEAST05629
OG0005724	AENJA_02979	YEAST03029
OG0005728	AENJA_03321	YEAST03877
OG0005729	AENJA_03373	YEAST04879
OG0005731	AENJA_03387	YEAST04127
OG0005732	AENJA_03425	YEAST05411, YEAST00067
OG0005734	AENJA_03577	YEAST03845
OG0005747	AENJA_04612	YEAST02338
OG0005749	AENJA_04691	YEAST00550
OG0005750	AENJA_04732	YEAST05318
OG0005758	AENJA_05774	YEAST03970
OG0005764	AENJA_06405	YEAST03256
OG0005769	AENJA_06901	YEAST05614
OG0005774	AENJA_07195	YEAST01218
OG0005775	AENJA_07400	YEAST04199
OG0005779	AENJA_22397, AENJA_07902	YEAST03322
OG0005783	AENJA_08164	YEAST04090
OG0005784	AENJA_08165	YEAST06131
OG0005787	AENJA_08283	YEAST03651
OG0005789	AENJA_08496	YEAST06245
OG0005790	AENJA_08673	YEAST01022
OG0005792	AENJA_08731	YEAST02379
OG0005793	AENJA_08802	YEAST03437
OG0005794	AENJA_08842	YEAST03999
OG0005796	AENJA_09063	YEAST02169
OG0005797	AENJA_09169	YEAST04949
OG0005799	AENJA_09278	YEAST05573
OG0005800	AENJA_09323	YEAST03278
OG0005801	AENJA_09343	YEAST00340
OG0005803	AENJA_09439	YEAST05968
OG0005805	AENJA_09663, AENJA_12528	YEAST01806
OG0005807	AENJA_09729	YEAST01275
OG0005811	AENJA_10118	YEAST01007
OG0005812	AENJA_10119	YEAST06095, YEAST02696, YEAST03626
OG0005814	AENJA_22012, AENJA_10306	YEAST01475
OG0005815	AENJA_10315	YEAST03739
OG0005819	AENJA_10488	YEAST04896
OG0005823	AENJA_10752	YEAST01415
OG0005828	AENJA_11255	YEAST00547
OG0005831	AENJA_11339	YEAST05339
OG0005832	AENJA_11664	YEAST00468
OG0005835	AENJA_12042	YEAST01714
OG0005837	AENJA_12096	YEAST02139
OG0005842	AENJA_12408	YEAST02254
OG0005843	AENJA_12497	YEAST02236
OG0005845	AENJA_14043, AENJA_12673	YEAST00903
OG0005848	AENJA_12933	YEAST01451, YEAST02858
OG0005849	AENJA_12988	YEAST01002
OG0005850	AENJA_12991	YEAST01618
OG0005860	AENJA_13676	YEAST01211
OG0005864	AENJA_13906	YEAST04171
OG0005865	AENJA_14069	YEAST02036
OG0005866	AENJA_14163	YEAST02662, YEAST00926, YEAST05389
OG0005869	AENJA_14469	YEAST04361
OG0005872	AENJA_14877	YEAST00119
OG0005874	AENJA_14913	YEAST05241
OG0005880	AENJA_19973, AENJA_15552	YEAST00456
OG0005886	AENJA_16124	YEAST01320
OG0005887	AENJA_16413	YEAST02429, YEAST01660
OG0005888	AENJA_16421	YEAST01289, YEAST02921
OG0005889	AENJA_16715	YEAST02568
OG0005893	AENJA_17245	YEAST05434
OG0005897	AENJA_17702	YEAST04730
OG0005898	AENJA_17852	YEAST04411
OG0005899	AENJA_18115	YEAST01832
OG0005901	AENJA_18246	YEAST04462
OG0005902	AENJA_18247	YEAST03800
OG0005906	AENJA_18627	YEAST01796
OG0005909	AENJA_18683	YEAST01623
OG0005919	AENJA_20070	YEAST06039
OG0005921	AENJA_20303	YEAST01856
OG0005922	AENJA_20511	YEAST03364
OG0005925	AENJA_20679	YEAST05583
OG0005928	AENJA_20891	YEAST02001
OG0005931	AENJA_21193	YEAST04950
OG0005932	AENJA_21195	YEAST02495
OG0005933	AENJA_21408	YEAST05705
OG0005936	AENJA_21972	YEAST03224
OG0005940	AENJA_22657	YEAST04035
OG0005943	AENJA_22968	YEAST00579
OG0005944	AENJA_23015	YEAST01316
OG0005946	AENJA_23033	YEAST05608
OG0005949	AENJA_23232	YEAST06253
OG0005952	AENJA_23383, AENJA_26242	YEAST03507
OG0005954	AENJA_23538	YEAST01233
OG0005955	AENJA_23541	YEAST00616
OG0005960	AENJA_24360	YEAST04608
OG0005961	AENJA_24367	YEAST00672
OG0005965	AENJA_24829	YEAST02033
OG0005966	AENJA_24862	YEAST04113
OG0005968	AENJA_25169	YEAST05417
OG0005969	AENJA_25218	YEAST04558, YEAST04559
OG0005970	AENJA_25251	YEAST05328
OG0005974	AENJA_25677	YEAST06068
OG0005976	AENJA_25735	YEAST02136
OG0005978	AENJA_25870	YEAST01891
OG0005980	AENJA_26209	YEAST06132
OG0005984	AENJA_26630	YEAST04078, YEAST01479
OG0005985	AENJA_26651, AENJA_26654	YEAST00726
OG0005986	AENJA_26777	YEAST02056
OG0005987	AENJA_26832	YEAST05748
OG0006059	AENJA_07337, AENJA_00150	YEAST03490
OG0006063	AENJA_00605	YEAST00475
OG0006064	AENJA_00650	YEAST03138
OG0006065	AENJA_00665	YEAST06018
OG0006069	AENJA_00843	YEAST00670
OG0006071	AENJA_01102	YEAST02732
OG0006072	AENJA_01190, AENJA_01191	YEAST03317
OG0006073	AENJA_01226	YEAST06328
OG0006074	AENJA_01259	YEAST00045
OG0006079	AENJA_01432	YEAST05794
OG0006084	AENJA_01643	YEAST02308
OG0006087	AENJA_01889	YEAST02260
OG0006090	AENJA_02180	YEAST03852
OG0006095	AENJA_02769	YEAST03334
OG0006096	AENJA_23191, AENJA_02802	YEAST03331
OG0006098	AENJA_02992	YEAST06192
OG0006103	AENJA_03372	YEAST01110
OG0006104	AENJA_03385	YEAST03697
OG0006106	AENJA_03554	YEAST00295
OG0006113	AENJA_03955	YEAST06164
OG0006114	AENJA_04047	YEAST05960
OG0006115	AENJA_09142, AENJA_04130	YEAST01346
OG0006116	AENJA_04216	YEAST05770
OG0006117	AENJA_04248	YEAST05899
OG0006122	AENJA_04504	YEAST05199
OG0006127	AENJA_05400	YEAST04711
OG0006134	AENJA_06166	YEAST00416
OG0006135	AENJA_06474	YEAST00161
OG0006136	AENJA_06518	YEAST05740
OG0006140	AENJA_06694	YEAST05182
OG0006141	AENJA_06732	YEAST02626
OG0006144	AENJA_06817	YEAST04770
OG0006145	AENJA_07241	YEAST01394
OG0006147	AENJA_07690	YEAST05179
OG0006149	AENJA_07795, AENJA_26742	YEAST05979
OG0006152	AENJA_08046	YEAST03796
OG0006155	AENJA_10680, AENJA_08285	YEAST04800
OG0006156	AENJA_08334	YEAST00437
OG0006157	AENJA_08379, AENJA_19364	YEAST02465
OG0006159	AENJA_08791	YEAST06098
OG0006160	AENJA_08921	YEAST01548
OG0006161	AENJA_08974	YEAST04301
OG0006168	AENJA_09279	YEAST01411
OG0006169	AENJA_09311	YEAST02933
OG0006176	AENJA_10255	YEAST03164
OG0006177	AENJA_10258	YEAST01871, YEAST01295
OG0006180	AENJA_10861	YEAST00504
OG0006181	AENJA_10967	YEAST02419
OG0006185	AENJA_11023	YEAST05986
OG0006186	AENJA_11147	YEAST01010
OG0006188	AENJA_11273	YEAST05311
OG0006189	AENJA_11334	YEAST00844, YEAST06269
OG0006191	AENJA_11447	YEAST02336
OG0006192	AENJA_11677	YEAST06153
OG0006196	AENJA_11923	YEAST03954
OG0006199	AENJA_12139	YEAST06121
OG0006200	AENJA_12153	YEAST05079
OG0006202	AENJA_12367	YEAST00362
OG0006204	AENJA_12686	YEAST02271
OG0006209	AENJA_23478, AENJA_13087	YEAST04555
OG0006210	AENJA_13227	YEAST00201
OG0006213	AENJA_13784	YEAST03554
OG0006214	AENJA_13793	YEAST04089
OG0006216	AENJA_13923	YEAST01089
OG0006217	AENJA_14066	YEAST00809
OG0006224	AENJA_15254	YEAST02751, YEAST03048
OG0006225	AENJA_15351	YEAST04875
OG0006227	AENJA_15421	YEAST00128
OG0006229	AENJA_15614	YEAST00143
OG0006230	AENJA_15684	YEAST03869
OG0006233	AENJA_15946	YEAST04247
OG0006237	AENJA_16177	YEAST02126
OG0006240	AENJA_16454	YEAST04649
OG0006245	AENJA_16829	YEAST05732
OG0006247	AENJA_17041	YEAST04977
OG0006249	AENJA_17261	YEAST00821
OG0006250	AENJA_17439	YEAST05424
OG0006251	AENJA_17441	YEAST04963
OG0006255	AENJA_17672	YEAST03350
OG0006258	AENJA_17969	YEAST05637
OG0006259	AENJA_18025	YEAST05672
OG0006260	AENJA_18129	YEAST04100
OG0006263	AENJA_18245	YEAST02521
OG0006269	AENJA_18662	YEAST03069
OG0006271	AENJA_18740	YEAST00375
OG0006275	AENJA_19065	YEAST06102
OG0006277	AENJA_19169	YEAST02811
OG0006279	AENJA_19295	YEAST04402
OG0006280	AENJA_19369	YEAST04541
OG0006281	AENJA_19582, AENJA_19578	YEAST04979
OG0006282	AENJA_19605, AENJA_20673	YEAST01445
OG0006283	AENJA_19606	YEAST00229
OG0006284	AENJA_19713	YEAST04213
OG0006288	AENJA_19866	YEAST02860
OG0006289	AENJA_19932	YEAST06209
OG0006293	AENJA_20143	YEAST05380
OG0006294	AENJA_20284	YEAST04000
OG0006295	AENJA_20394	YEAST05360
OG0006302	AENJA_21163, AENJA_21164	YEAST01852
OG0006306	AENJA_21664	YEAST00230
OG0006311	AENJA_21861	YEAST01145
OG0006313	AENJA_21937	YEAST02392
OG0006315	AENJA_22252	YEAST00489
OG0006317	AENJA_22566	YEAST02082
OG0006319	AENJA_22630	YEAST01135
OG0006320	AENJA_22758	YEAST04478
OG0006322	AENJA_22831	YEAST00815
OG0006329	AENJA_23040	YEAST01245
OG0006332	AENJA_23127	YEAST06042
OG0006334	AENJA_23288	YEAST00864
OG0006335	AENJA_23454	YEAST02588
OG0006339	AENJA_23637, AENJA_24037	YEAST06286
OG0006340	AENJA_23711	YEAST00922, YEAST05387
OG0006341	AENJA_23741, AENJA_25917	YEAST01452
OG0006344	AENJA_23992	YEAST01465
OG0006347	AENJA_24626	YEAST03436
OG0006349	AENJA_25019	YEAST05233
OG0006350	AENJA_25064	YEAST00452
OG0006357	AENJA_25611	YEAST02650
OG0006360	AENJA_25814	YEAST01556
OG0006362	AENJA_25951	YEAST05722
OG0006447	AENJA_00097	YEAST03459
OG0006448	AENJA_00147	YEAST00505, YEAST04285
OG0006449	AENJA_00161	YEAST02458
OG0006456	AENJA_18569, AENJA_00534	YEAST06224
OG0006459	AENJA_00708	YEAST00972, YEAST00245
OG0006461	AENJA_00796	YEAST05346
OG0006462	AENJA_00971	YEAST01838
OG0006464	AENJA_01149	YEAST05965
OG0006465	AENJA_01262	YEAST01875
OG0006467	AENJA_05912	YEAST02272
OG0006470	AENJA_01586	YEAST01306
OG0006474	AENJA_01839	YEAST03988
OG0006475	AENJA_02093	YEAST06223, YEAST00349
OG0006476	AENJA_02142	YEAST00315
OG0006479	AENJA_02378	YEAST05669
OG0006481	AENJA_02402	YEAST06165
OG0006488	AENJA_03064	YEAST02614
OG0006498	AENJA_03890	YEAST02291
OG0006503	AENJA_04398	YEAST06053
OG0006504	AENJA_16898, AENJA_04416	YEAST02866
OG0006507	AENJA_04788	YEAST02914
OG0006509	AENJA_04936	YEAST02252
OG0006511	AENJA_05001	YEAST01899
OG0006512	AENJA_05769, AENJA_05293	YEAST04169
OG0006514	AENJA_21274, AENJA_05458	YEAST05820
OG0006515	AENJA_14152, AENJA_05502	YEAST03195
OG0006516	AENJA_05505	YEAST02248
OG0006520	AENJA_06121	YEAST05914
OG0006523	AENJA_06540	YEAST04170
OG0006528	AENJA_07246	YEAST02276
OG0006532	AENJA_07693	YEAST05019
OG0006533	AENJA_07742	YEAST00790
OG0006536	AENJA_07956	YEAST05130
OG0006538	AENJA_08050	YEAST02168
OG0006543	AENJA_15795, AENJA_08614	YEAST03219
OG0006544	AENJA_08630	YEAST06160
OG0006550	AENJA_09213	YEAST05541
OG0006552	AENJA_09303	YEAST02016
OG0006553	AENJA_09463	YEAST05825
OG0006554	AENJA_09668	YEAST04136
OG0006561	AENJA_10164	YEAST00874
OG0006564	AENJA_10383	YEAST05934
OG0006568	AENJA_10472	YEAST03560
OG0006569	AENJA_10690	YEAST02940
OG0006571	AENJA_10794	YEAST00795
OG0006574	AENJA_11193	YEAST06163
OG0006577	AENJA_23377, AENJA_11258	YEAST03945
OG0006578	AENJA_11264	YEAST00813
OG0006580	AENJA_11583	YEAST04957
OG0006582	AENJA_12464	YEAST04615
OG0006584	AENJA_12500	YEAST01846
OG0006589	AENJA_12916	YEAST04474
OG0006594	AENJA_13414	YEAST00464
OG0006595	AENJA_13536	YEAST05577
OG0006596	AENJA_13622	YEAST03312
OG0006597	AENJA_13689	YEAST01876
OG0006598	AENJA_13737	YEAST02580
OG0006602	AENJA_14087	YEAST06259
OG0006603	AENJA_14155	YEAST05721
OG0006604	AENJA_14442	YEAST01597
OG0006607	AENJA_14537	YEAST05258
OG0006609	AENJA_14599	YEAST04231
OG0006610	AENJA_14663	YEAST04593
OG0006611	AENJA_14698	YEAST02395
OG0006613	AENJA_14809	YEAST00490
OG0006615	AENJA_14938	YEAST02695
OG0006617	AENJA_15260	YEAST02864, YEAST02189
OG0006619	AENJA_15520	YEAST03691
OG0006622	AENJA_15726	YEAST04382
OG0006625	AENJA_15915	YEAST05905
OG0006627	AENJA_16100, AENJA_16099	YEAST01553
OG0006630	AENJA_16229	YEAST05584
OG0006631	AENJA_16356	YEAST01419, YEAST04493
OG0006633	AENJA_16566	YEAST05580
OG0006636	AENJA_16904	YEAST06190
OG0006637	AENJA_16936	YEAST06011
OG0006651	AENJA_18736	YEAST03308
OG0006655	AENJA_18965	YEAST04609
OG0006658	AENJA_19247	YEAST03323
OG0006662	AENJA_19418	YEAST02707
OG0006663	AENJA_19913	YEAST04538
OG0006664	AENJA_20021	YEAST04769
OG0006667	AENJA_20411	YEAST03011
OG0006668	AENJA_20635	YEAST00040
OG0006669	AENJA_20657	YEAST05379
OG0006678	AENJA_21492	YEAST03428
OG0006681	AENJA_21662	YEAST02774
OG0006688	AENJA_22121	YEAST02298
OG0006690	AENJA_22269	YEAST00986
OG0006691	AENJA_22370, AENJA_22371	YEAST06141
OG0006692	AENJA_22551	YEAST04243
OG0006694	AENJA_22901	YEAST04074
OG0006703	AENJA_23320	YEAST04919
OG0006704	AENJA_23386	YEAST02241
OG0006706	AENJA_23532	YEAST01312
OG0006707	AENJA_23660	YEAST04448
OG0006712	AENJA_24048	YEAST01297
OG0006716	AENJA_24408	YEAST01688
OG0006717	AENJA_24478	YEAST03273, YEAST00511
OG0006722	AENJA_25021	YEAST05928
OG0006725	AENJA_25269	YEAST05141
OG0006726	AENJA_25361	YEAST01310
OG0006728	AENJA_25577	YEAST01819
OG0006730	AENJA_25804	YEAST06066
OG0006732	AENJA_25874, AENJA_25873	YEAST05092
OG0006736	AENJA_26061	YEAST03708, YEAST02845
OG0006738	AENJA_26156	YEAST03786
OG0006741	AENJA_26632	YEAST00908
OG0006826	AENJA_00120	YEAST03748
OG0006830	AENJA_00399	YEAST02320
OG0006838	AENJA_07404, AENJA_01046	YEAST01244
OG0006843	AENJA_01195	YEAST03855
OG0006846	AENJA_01258	YEAST04146
OG0006853	AENJA_01775, AENJA_26577	YEAST03500
OG0006860	AENJA_02208	YEAST03798
OG0006867	AENJA_02777	YEAST03341
OG0006869	AENJA_02815	YEAST01706
OG0006874	AENJA_03384	YEAST03449
OG0006876	AENJA_03442, AENJA_23472	YEAST00384
OG0006880	AENJA_03927	YEAST04631
OG0006881	AENJA_03938	YEAST01049
OG0006887	AENJA_04451	YEAST01983
OG0006888	AENJA_04455, AENJA_16366	YEAST00485
OG0006890	AENJA_04581	YEAST02034
OG0006891	AENJA_04660	YEAST00187
OG0006892	AENJA_04736	YEAST04820
OG0006894	AENJA_04847	YEAST01360
OG0006897	AENJA_05372	YEAST00856
OG0006901	AENJA_05820	YEAST05480
OG0006906	AENJA_06221	YEAST00746
OG0006918	AENJA_07427	YEAST05610
OG0006920	AENJA_07564	YEAST02490
OG0006924	AENJA_07755	YEAST04308
OG0006927	AENJA_07880	YEAST00921
OG0006934	AENJA_08104	YEAST02053
OG0006935	AENJA_08143	YEAST02014
OG0006936	AENJA_08149	YEAST06114
OG0006937	AENJA_08252	YEAST05537
OG0006938	AENJA_25925, AENJA_08279	YEAST02536
OG0006939	AENJA_08295	YEAST01033
OG0006940	AENJA_08348	YEAST05163
OG0006942	AENJA_08411	YEAST00190
OG0006943	AENJA_08418	YEAST02583
OG0006949	AENJA_08970	YEAST00975, YEAST00256
OG0006952	AENJA_09338	YEAST02831
OG0006953	AENJA_09368	YEAST02903, YEAST04751, YEAST05739
OG0006959	AENJA_09576	YEAST01865
OG0006964	AENJA_09897	YEAST05995
OG0006966	AENJA_10045	YEAST02544
OG0006967	AENJA_10081	YEAST06235
OG0006968	AENJA_10127	YEAST03972
OG0006969	AENJA_10132	YEAST01604
OG0006971	AENJA_10382	YEAST00044
OG0006973	AENJA_10893	YEAST03793
OG0006975	AENJA_11111	YEAST02322
OG0006977	AENJA_11169	YEAST06248
OG0006978	AENJA_11351	YEAST00696
OG0006980	AENJA_11690, AENJA_11689	YEAST02173
OG0006985	AENJA_12194	YEAST03215
OG0006989	AENJA_12558	YEAST04914
OG0006991	AENJA_12675	YEAST05066
OG0006992	AENJA_12702, AENJA_16070	YEAST04657
OG0006994	AENJA_12854	YEAST05554
OG0006995	AENJA_12859	YEAST06048
OG0006997	AENJA_12913	YEAST00664
OG0006998	AENJA_12939	YEAST02509
OG0006999	AENJA_12940	YEAST03874
OG0007003	AENJA_13349	YEAST01840
OG0007005	AENJA_13425	YEAST03907
OG0007009	AENJA_13674	YEAST05645
OG0007010	AENJA_13687	YEAST01652
OG0007012	AENJA_13835	YEAST05361
OG0007013	AENJA_13842	YEAST05971
OG0007015	AENJA_13940	YEAST03053
OG0007016	AENJA_14164	YEAST05307
OG0007020	AENJA_14431	YEAST00663
OG0007024	AENJA_14840	YEAST01864
OG0007028	AENJA_15287	YEAST06312
OG0007029	AENJA_15661	YEAST05619
OG0007030	AENJA_15706	YEAST05712
OG0007033	AENJA_15780	YEAST04002
OG0007036	AENJA_15980	YEAST04799
OG0007043	AENJA_19281, AENJA_16342	YEAST02072, YEAST01064
OG0007045	AENJA_16721	YEAST01113
OG0007046	AENJA_16840	YEAST04826
OG0007049	AENJA_17013	YEAST05930
OG0007050	AENJA_20342, AENJA_17182	YEAST05668
OG0007053	AENJA_17379	YEAST05898
OG0007055	AENJA_17474	YEAST02593
OG0007057	AENJA_17685	YEAST05673
OG0007061	AENJA_18086	YEAST03247
OG0007063	AENJA_18189	YEAST04650
OG0007065	AENJA_18236	YEAST01111
OG0007071	AENJA_18814, AENJA_20432	YEAST02162
OG0007073	AENJA_18861	YEAST03946
OG0007075	AENJA_19074, AENJA_19073	YEAST00811
OG0007084	AENJA_20378	YEAST05527
OG0007089	AENJA_20594	YEAST04132
OG0007092	AENJA_20784	YEAST01811
OG0007093	AENJA_20890	YEAST01923
OG0007095	AENJA_21007	YEAST02581
OG0007097	AENJA_21089	YEAST01699
OG0007098	AENJA_21303	YEAST03783
OG0007106	AENJA_21772	YEAST00202
OG0007112	AENJA_22684	YEAST05597
OG0007114	AENJA_22816	YEAST03493
OG0007118	AENJA_23161	YEAST01120
OG0007119	AENJA_23375	YEAST05459
OG0007120	AENJA_23378	YEAST04248
OG0007121	AENJA_23568	YEAST05746
OG0007124	AENJA_23735	YEAST04818
OG0007127	AENJA_24302	YEAST04415
OG0007130	AENJA_24363	YEAST05158
OG0007131	AENJA_24469	YEAST05874
OG0007132	AENJA_24649	YEAST06078
OG0007137	AENJA_25069	YEAST00797
OG0007138	AENJA_25134	YEAST04319
OG0007139	AENJA_25183	YEAST05259
OG0007143	AENJA_25363	YEAST02636
OG0007144	AENJA_25491	YEAST04135
OG0007150	AENJA_26056	YEAST00900
OG0007154	AENJA_26509	YEAST01439
OG0007249	AENJA_19637, AENJA_00124	YEAST00344
OG0007254	AENJA_00931	YEAST00328
OG0007258	AENJA_01436, AENJA_11453	YEAST02867
OG0007264	AENJA_02217	YEAST04093
OG0007269	AENJA_02569	YEAST04522
OG0007274	AENJA_02816	YEAST04165, YEAST05634
OG0007276	AENJA_02931	YEAST02007
OG0007279	AENJA_03339	YEAST02363
OG0007282	AENJA_03431	YEAST04912
OG0007288	AENJA_03747	YEAST02949
OG0007292	AENJA_04105	YEAST05159
OG0007303	AENJA_05104	YEAST05207
OG0007307	AENJA_05325	YEAST05606
OG0007313	AENJA_10867, AENJA_06071	YEAST02047
OG0007317	AENJA_06549	YEAST04084
OG0007321	AENJA_06818	YEAST05016
OG0007322	AENJA_06900	YEAST01090
OG0007325	AENJA_07023	YEAST03249
OG0007330	AENJA_07724	YEAST00633
OG0007332	AENJA_07980	YEAST02451
OG0007335	AENJA_08730	YEAST06084
OG0007336	AENJA_24259, AENJA_08744	YEAST03606
OG0007341	AENJA_08963	YEAST00183
OG0007342	AENJA_09009	YEAST03859
OG0007343	AENJA_09011	YEAST00383
OG0007347	AENJA_09485	YEAST02066
OG0007349	AENJA_09661	YEAST01492
OG0007354	AENJA_10138	YEAST03378
OG0007355	AENJA_10292, AENJA_10291	YEAST02682
OG0007361	AENJA_10793	YEAST02394
OG0007363	AENJA_10957, AENJA_10954	YEAST05519
OG0007364	AENJA_10959	YEAST01959
OG0007367	AENJA_11272	YEAST01013
OG0007371	AENJA_11627	YEAST04970
OG0007376	AENJA_11779	YEAST02976
OG0007379	AENJA_12106	YEAST00967
OG0007380	AENJA_12373	YEAST00785, YEAST00666
OG0007382	AENJA_12498	YEAST01108
OG0007387	AENJA_12902	YEAST06326
OG0007393	AENJA_13334	YEAST01116
OG0007394	AENJA_13338	YEAST05998
OG0007395	AENJA_13363	YEAST00603
OG0007397	AENJA_13692	YEAST03512
OG0007399	AENJA_14225	YEAST02279
OG0007401	AENJA_14395	YEAST03451
OG0007408	AENJA_15439	YEAST03401
OG0007409	AENJA_15440	YEAST05329
OG0007411	AENJA_15681	YEAST04399
OG0007412	AENJA_15771	YEAST04822
OG0007414	AENJA_16065	YEAST01970
OG0007415	AENJA_16254	YEAST01948
OG0007417	AENJA_16596	YEAST04175
OG0007419	AENJA_16935	YEAST02667
OG0007421	AENJA_17319	YEAST00762
OG0007424	AENJA_17849	YEAST05463
OG0007425	AENJA_17864	YEAST06135
OG0007427	AENJA_18085	YEAST00763
OG0007428	AENJA_18355	YEAST01536
OG0007431	AENJA_19346	YEAST00610
OG0007439	AENJA_20396	YEAST01063
OG0007442	AENJA_20655	YEAST03687
OG0007446	AENJA_20884	YEAST04647
OG0007451	AENJA_21528	YEAST02017
OG0007454	AENJA_21740	YEAST01359
OG0007456	AENJA_21979	YEAST00931
OG0007458	AENJA_22067	YEAST02196
OG0007460	AENJA_22264	YEAST04891
OG0007463	AENJA_22661	YEAST00394
OG0007466	AENJA_22881	YEAST00806
OG0007473	AENJA_23755	YEAST03408
OG0007478	AENJA_24685	YEAST02470
OG0007482	AENJA_25120	YEAST05783
OG0007483	AENJA_25192	YEAST01187
OG0007484	AENJA_25231	YEAST00517
OG0007488	AENJA_26049	YEAST04193
OG0007491	AENJA_26237	YEAST05032
OG0007495	AENJA_26715	YEAST04536
OG0007498	AENJA_26807	YEAST00593
OG0007591	AENJA_01019	YEAST02623
OG0007597	AENJA_01698	YEAST05244
OG0007605	AENJA_02353	YEAST04509
OG0007615	AENJA_03386	YEAST05127
OG0007618	AENJA_03470	YEAST02486
OG0007619	AENJA_03762	YEAST04342
OG0007622	AENJA_03944	YEAST01282
OG0007624	AENJA_04295	YEAST03901
OG0007645	AENJA_07676	YEAST05586
OG0007646	AENJA_07683	YEAST05572
OG0007648	AENJA_07744	YEAST03775
OG0007656	AENJA_08929	YEAST02935
OG0007657	AENJA_09241	YEAST01213
OG0007663	AENJA_10256	YEAST01133
OG0007673	AENJA_10620	YEAST04892
OG0007676	AENJA_10773	YEAST01965
OG0007685	AENJA_11330	YEAST00976
OG0007690	AENJA_11693	YEAST00054
OG0007692	AENJA_11895	YEAST05386
OG0007698	AENJA_13006	YEAST04526
OG0007701	AENJA_13421	YEAST04394
OG0007703	AENJA_13781, AENJA_13780	YEAST03290
OG0007704	AENJA_13789	YEAST01687
OG0007712	AENJA_14241	YEAST02916
OG0007722	AENJA_15592	YEAST06130
OG0007727	AENJA_15914	YEAST01129
OG0007739	AENJA_17580	YEAST04408
OG0007744	AENJA_18288	YEAST04303
OG0007749	AENJA_19022	YEAST02144
OG0007751	AENJA_19310	YEAST03046
OG0007754	AENJA_19398	YEAST03550
OG0007758	AENJA_19933	YEAST04336
OG0007760	AENJA_20050	YEAST02821
OG0007766	AENJA_21034	YEAST03772, YEAST02908
OG0007767	AENJA_21313	YEAST03177
OG0007769	AENJA_21372	YEAST02589
OG0007772	AENJA_21724	YEAST05211
OG0007773	AENJA_21739	YEAST05609
OG0007783	AENJA_22584, AENJA_22587	YEAST03579
OG0007784	AENJA_22600	YEAST01170
OG0007786	AENJA_22814	YEAST01347
OG0007787	AENJA_22832	YEAST03458
OG0007801	AENJA_24750	YEAST02556, YEAST00332
OG0007803	AENJA_24900	YEAST00818
OG0007810	AENJA_25829	YEAST06278
OG0007811	AENJA_26163	YEAST05686
OG0007912	AENJA_00261	YEAST04725
OG0007918	AENJA_00566	YEAST04092
OG0007941	AENJA_03147	YEAST03892
OG0007942	AENJA_03272	YEAST03545
OG0007943	AENJA_03467	YEAST03288
OG0007947	AENJA_04228	YEAST02420
OG0007958	AENJA_05678	YEAST01011
OG0007971	AENJA_07915	YEAST03990
OG0007975	AENJA_08715	YEAST01243
OG0007976	AENJA_08860	YEAST02259
OG0007978	AENJA_09030	YEAST01491
OG0007982	AENJA_09685	YEAST03186
OG0007986	AENJA_10340	YEAST01263
OG0007991	AENJA_10934	YEAST02341
OG0007993	AENJA_11287	YEAST00089
OG0007995	AENJA_11500	YEAST03463
OG0007996	AENJA_11555	YEAST04079
OG0007998	AENJA_11739, AENJA_18597	YEAST00688
OG0008008	AENJA_13549	YEAST02355
OG0008020	AENJA_14835	YEAST05433
OG0008030	AENJA_16003	YEAST00039
OG0008031	AENJA_16038	YEAST04719
OG0008038	AENJA_16974	YEAST05601
OG0008042	AENJA_18630	YEAST04557, YEAST00839
OG0008045	AENJA_19218	YEAST01345
OG0008053	AENJA_21398	YEAST05804
OG0008055	AENJA_21571	YEAST05224
OG0008056	AENJA_21612	YEAST04542
OG0008069	AENJA_23295	YEAST00959
OG0008072	AENJA_23402	YEAST00552
OG0008074	AENJA_23838	YEAST05664
OG0008079	AENJA_25100	YEAST03108
OG0008085	AENJA_25493	YEAST04107
OG0008091	AENJA_26699	YEAST06200
OG0008196	AENJA_00317	YEAST03623
OG0008201	AENJA_01208	YEAST01163
OG0008202	AENJA_01325	YEAST06186
OG0008208	AENJA_01852	YEAST04341
OG0008219	AENJA_03031	YEAST05754
OG0008244	AENJA_05897	YEAST04999
OG0008251	AENJA_06866	YEAST01472
OG0008254	AENJA_07508	YEAST04740
OG0008267	AENJA_09216	YEAST02722
OG0008273	AENJA_09471	YEAST00628
OG0008275	AENJA_09593	YEAST05358
OG0008281	AENJA_10162	YEAST01387
OG0008307	AENJA_13011	YEAST01285
OG0008323	AENJA_15382	YEAST05718
OG0008332	AENJA_16512	YEAST03366
OG0008339	AENJA_17825	YEAST03286
OG0008346	AENJA_18767	YEAST01382
OG0008348	AENJA_19233	YEAST03383
OG0008351	AENJA_19747	YEAST01276
OG0008524	AENJA_03437	YEAST02216
OG0008533	AENJA_04666	YEAST00770
OG0008540	AENJA_05568	YEAST02219
OG0008542	AENJA_05813	YEAST00506
OG0008546	AENJA_06435	YEAST03499
OG0008582	AENJA_12734	YEAST04883
OG0008601	AENJA_16193	YEAST03150
OG0008602	AENJA_16318	YEAST04166
OG0008620	AENJA_19257	YEAST00843
OG0008626	AENJA_20823	YEAST03306
OG0008645	AENJA_26189	YEAST05803
OG0008789	AENJA_05021, AENJA_09108	YEAST05903
OG0008794	AENJA_05734	YEAST01976, YEAST00168, YEAST00957
OG0008799	AENJA_06238	YEAST03377
OG0008816	AENJA_09134	YEAST01954
OG0008818	AENJA_09454	YEAST00271
OG0008823	AENJA_11424	YEAST03936
OG0008824	AENJA_11564	YEAST01698
OG0008861	AENJA_18107	YEAST04983
OG0008872	AENJA_20547	YEAST03799
OG0008873	AENJA_20898	YEAST04429
OG0008879	AENJA_21532	YEAST05579
OG0008887	AENJA_23123	YEAST00387
OG0009056	AENJA_02632	YEAST00322
OG0009066	AENJA_04891	YEAST04511
OG0009078	AENJA_07563	YEAST02676
OG0009099	AENJA_12330	YEAST05709
OG0009105	AENJA_14046	YEAST02501
OG0009115	AENJA_17120	YEAST05628, YEAST04158
OG0009118	AENJA_18120	YEAST03618
OG0009311	AENJA_03632	YEAST00623
OG0009315	AENJA_05193, AENJA_06150	YEAST04722
OG0009344	AENJA_10588	YEAST03868
OG0009361	AENJA_15655	YEAST02727
OG0009394	AENJA_21395	YEAST04927
OG0009396	AENJA_21986	YEAST03896
OG0009555	AENJA_04032, AENJA_01460	YEAST03831
OG0009582	AENJA_06562	YEAST04984
OG0009590	AENJA_08772	YEAST02138
OG0009604	AENJA_11213	YEAST04803
OG0009614	AENJA_14375	YEAST00622
OG0009630	AENJA_19166	YEAST02852
OG0009649	AENJA_23554	YEAST01825
OG0009651	AENJA_23874	YEAST04775
OG0009654	AENJA_24871	YEAST04221
OG0009892	AENJA_13449	YEAST01082
OG0009911	AENJA_20063	YEAST03388
OG0009920	AENJA_22906	YEAST05355
OG0009926	AENJA_25674	YEAST03054
OG0010139	AENJA_03273	YEAST01045
OG0010229	AENJA_26343	YEAST00880, YEAST04666, YEAST04383
OG0010481	AENJA_01731	YEAST01854
OG0010491	AENJA_03837, AENJA_07368	YEAST04603
OG0010570	AENJA_21815	YEAST03006
OG0010841	AENJA_04156	YEAST05695
OG0010858	AENJA_09035	YEAST04030, YEAST05272
OG0010876	AENJA_13415	YEAST02678
OG0011216	AENJA_06052	YEAST02293
OG0011258	AENJA_21543	YEAST02930
OG0011272	AENJA_26190	YEAST04075
OG0011734	AENJA_23389	YEAST04911
OG0011737	AENJA_24427	YEAST00219
OG0012188	AENJA_04627	YEAST02442
OG0012801	AENJA_07736	YEAST04938, YEAST04971
OG0017286	AENJA_26705	YEAST01130
OG0026769	AENJA_11691	YEAST02664
