Orthogroup	YEAST	LYTVA_ok
OG0000000	YEAST00701	LYTVA_09514, LYTVA_01679, LYTVA_23170, LYTVA_01380, LYTVA_25096, LYTVA_01827, LYTVA_18988, LYTVA_18985, LYTVA_13103, LYTVA_27688, LYTVA_21959, LYTVA_22602, LYTVA_19974, LYTVA_27704, LYTVA_08678, LYTVA_08668, LYTVA_23667, LYTVA_22477, LYTVA_22478, LYTVA_22480, LYTVA_22479, LYTVA_23047, LYTVA_14838
OG0000000	YEAST04484	LYTVA_09826
OG0000006	YEAST01430	LYTVA_27651, LYTVA_18935
OG0000007	YEAST00671	LYTVA_25288
OG0000007	YEAST01568, YEAST05134	LYTVA_12480
OG0000011	YEAST02600, YEAST01619	LYTVA_15574, LYTVA_12978, LYTVA_26033, LYTVA_13841, LYTVA_28284, LYTVA_29140, LYTVA_27141, LYTVA_25384, LYTVA_21583, LYTVA_11150, LYTVA_18878, LYTVA_18199, LYTVA_28379, LYTVA_03236, LYTVA_09817
OG0000013	YEAST04082	LYTVA_14036, LYTVA_14035, LYTVA_24263, LYTVA_16177, LYTVA_17617, LYTVA_13019, LYTVA_13020, LYTVA_03982, LYTVA_05971, LYTVA_26708, LYTVA_02518, LYTVA_13739, LYTVA_21776, LYTVA_12310, LYTVA_12309, LYTVA_22713, LYTVA_22716, LYTVA_11879, LYTVA_09546, LYTVA_28541, LYTVA_13975, LYTVA_00129, LYTVA_18668, LYTVA_18187, LYTVA_18188, LYTVA_11839, LYTVA_02943, LYTVA_27265, LYTVA_27263, LYTVA_13649, LYTVA_17421, LYTVA_15176, LYTVA_12759, LYTVA_00164, LYTVA_00165, LYTVA_15941, LYTVA_29938, LYTVA_08916, LYTVA_23579, LYTVA_15177, LYTVA_22519
OG0000014	YEAST03484, YEAST05078, YEAST05334, YEAST05768	LYTVA_29722, LYTVA_08715, LYTVA_19649, LYTVA_07770, LYTVA_25588, LYTVA_00400, LYTVA_09996, LYTVA_13955, LYTVA_08890, LYTVA_23372
OG0000016	YEAST03839, YEAST02807, YEAST03817	LYTVA_02179, LYTVA_09460, LYTVA_20745, LYTVA_14743, LYTVA_02016, LYTVA_05193
OG0000016	YEAST03870, YEAST01103	LYTVA_21831, LYTVA_18288
OG0000031	YEAST02238	LYTVA_04157, LYTVA_03000, LYTVA_07242, LYTVA_07394, LYTVA_19491, LYTVA_13645, LYTVA_05124, LYTVA_29658, LYTVA_09735, LYTVA_24172
OG0000034	YEAST04436, YEAST05550, YEAST05115	LYTVA_20191, LYTVA_09293, LYTVA_04080, LYTVA_29167, LYTVA_10612, LYTVA_11788, LYTVA_12673, LYTVA_04355, LYTVA_01145, LYTVA_06697, LYTVA_00403, LYTVA_27135
OG0000036	YEAST02545, YEAST02806	LYTVA_03325, LYTVA_20435, LYTVA_20437, LYTVA_25631, LYTVA_25629, LYTVA_25630, LYTVA_25628, LYTVA_10478, LYTVA_03947, LYTVA_14662, LYTVA_10525, LYTVA_29789, LYTVA_04431, LYTVA_20434, LYTVA_24153, LYTVA_24824, LYTVA_13908, LYTVA_15589, LYTVA_17448, LYTVA_14119, LYTVA_09824, LYTVA_28930, LYTVA_28136, LYTVA_07532, LYTVA_03326, LYTVA_18880, LYTVA_25896, LYTVA_13566, LYTVA_10871, LYTVA_09424
OG0000037	YEAST03227	LYTVA_17010, LYTVA_05257, LYTVA_19733, LYTVA_11127, LYTVA_06887, LYTVA_08523, LYTVA_24218, LYTVA_22087, LYTVA_02747, LYTVA_25050, LYTVA_25057, LYTVA_25048, LYTVA_04662
OG0000038	YEAST04422, YEAST04379	LYTVA_25636, LYTVA_09822, LYTVA_25193, LYTVA_19606, LYTVA_09821, LYTVA_19605, LYTVA_00434, LYTVA_09820, LYTVA_11687, LYTVA_19608, LYTVA_04587, LYTVA_04990, LYTVA_00437, LYTVA_14520, LYTVA_04584, LYTVA_23709, LYTVA_21694, LYTVA_05063, LYTVA_19613, LYTVA_27081, LYTVA_14519, LYTVA_00438, LYTVA_10088, LYTVA_09823, LYTVA_19607, LYTVA_09516
OG0000043	YEAST00224, YEAST01200	LYTVA_05725, LYTVA_13550, LYTVA_24763, LYTVA_20678, LYTVA_30007, LYTVA_26935, LYTVA_10735, LYTVA_00383, LYTVA_02758, LYTVA_00226, LYTVA_12710
OG0000048	YEAST05707	LYTVA_06179, LYTVA_25775, LYTVA_15043, LYTVA_26635, LYTVA_17720, LYTVA_17428, LYTVA_27999, LYTVA_08149, LYTVA_01464, LYTVA_09123, LYTVA_17485, LYTVA_17487, LYTVA_17489, LYTVA_11620
OG0000054	YEAST01385	LYTVA_22262, LYTVA_10090, LYTVA_07086, LYTVA_21421, LYTVA_17925, LYTVA_09472, LYTVA_10089, LYTVA_11502, LYTVA_10035, LYTVA_09103
OG0000055	YEAST01199, YEAST00225	LYTVA_08084, LYTVA_28790, LYTVA_05265, LYTVA_05724, LYTVA_23050, LYTVA_10558, LYTVA_00384, LYTVA_20676, LYTVA_30008, LYTVA_16090, LYTVA_10734, LYTVA_09126, LYTVA_26970, LYTVA_18344, LYTVA_18117
OG0000058	YEAST02989	LYTVA_09175, LYTVA_09177, LYTVA_25827, LYTVA_18449, LYTVA_29674
OG0000058	YEAST02120	LYTVA_14430, LYTVA_15397, LYTVA_14164, LYTVA_16698, LYTVA_01877, LYTVA_05596, LYTVA_05352, LYTVA_05598, LYTVA_13005, LYTVA_01608
OG0000069	YEAST03661	LYTVA_15781
OG0000069	YEAST05172	LYTVA_28251, LYTVA_19634, LYTVA_18557
OG0000079	YEAST05330	LYTVA_19637, LYTVA_24538, LYTVA_21250, LYTVA_05934, LYTVA_06214, LYTVA_17750
OG0000082	YEAST03287	LYTVA_25888
OG0000082	YEAST04267, YEAST01834, YEAST03359	LYTVA_18803
OG0000082	YEAST03862, YEAST00076, YEAST01992, YEAST00148	LYTVA_21157, LYTVA_15644, LYTVA_26329, LYTVA_02026, LYTVA_02027, LYTVA_02312, LYTVA_17399
OG0000095	YEAST02993	LYTVA_04385, LYTVA_29816, LYTVA_16046, LYTVA_16047, LYTVA_11749, LYTVA_09779, LYTVA_25118, LYTVA_13288, LYTVA_13853, LYTVA_24054, LYTVA_27487, LYTVA_28301
OG0000096	YEAST02643	LYTVA_28490, LYTVA_12286
OG0000096	YEAST00638	LYTVA_21388
OG0000096	YEAST05104, YEAST05564	LYTVA_10606, LYTVA_19397, LYTVA_24298, LYTVA_20858
OG0000103	YEAST02873	LYTVA_05784, LYTVA_08412
OG0000107	YEAST05173	LYTVA_12329, LYTVA_02473, LYTVA_17709, LYTVA_19232, LYTVA_06216, LYTVA_16091, LYTVA_24448
OG0000113	YEAST00378, YEAST01351, YEAST05581	LYTVA_11625, LYTVA_11752, LYTVA_11754, LYTVA_06725
OG0000116	YEAST04456	LYTVA_00275, LYTVA_00276, LYTVA_12381, LYTVA_27944, LYTVA_24429, LYTVA_13726, LYTVA_02564, LYTVA_00399, LYTVA_24857, LYTVA_11412, LYTVA_07622, LYTVA_26138, LYTVA_18915
OG0000122	YEAST04928	LYTVA_26094, LYTVA_10750, LYTVA_18458, LYTVA_18460
OG0000124	YEAST05021	LYTVA_14993
OG0000124	YEAST04122	LYTVA_27850
OG0000127	YEAST06208	LYTVA_27169, LYTVA_12856, LYTVA_21563, LYTVA_12830, LYTVA_20093
OG0000128	YEAST01398, YEAST05967, YEAST05716	LYTVA_25168
OG0000132	YEAST06016	LYTVA_01373, LYTVA_12161, LYTVA_21000, LYTVA_22030, LYTVA_12450, LYTVA_13402
OG0000137	YEAST01851, YEAST00637	LYTVA_14649, LYTVA_14169, LYTVA_05475, LYTVA_25469, LYTVA_15627
OG0000142	YEAST02122	LYTVA_04554, LYTVA_20509, LYTVA_25812, LYTVA_27034, LYTVA_20510, LYTVA_01494, LYTVA_20512, LYTVA_27041, LYTVA_04856, LYTVA_01496, LYTVA_01493
OG0000158	YEAST05568	LYTVA_06789, LYTVA_12135, LYTVA_03807
OG0000160	YEAST04194	LYTVA_09555, LYTVA_09556, LYTVA_04290, LYTVA_15927, LYTVA_15928, LYTVA_20062, LYTVA_07452, LYTVA_05524, LYTVA_11099
OG0000175	YEAST00850, YEAST04327	LYTVA_18185, LYTVA_25514, LYTVA_15383, LYTVA_23856, LYTVA_15381
OG0000179	YEAST01123, YEAST04430	LYTVA_11503
OG0000179	YEAST02911, YEAST01281	LYTVA_09715, LYTVA_09722, LYTVA_06848, LYTVA_20391, LYTVA_24933
OG0000179	YEAST04108, YEAST03346	LYTVA_21017
OG0000181	YEAST00824, YEAST00771	LYTVA_23473, LYTVA_30016, LYTVA_19542, LYTVA_21135
OG0000186	YEAST00336	LYTVA_01562, LYTVA_21568, LYTVA_08130, LYTVA_16833, LYTVA_04383, LYTVA_22654
OG0000194	YEAST01410	LYTVA_10369, LYTVA_19148, LYTVA_19770, LYTVA_19763, LYTVA_12264, LYTVA_12263, LYTVA_12262, LYTVA_24414
OG0000195	YEAST03414	LYTVA_28994, LYTVA_02735, LYTVA_11062, LYTVA_09814, LYTVA_16951
OG0000211	YEAST04964	LYTVA_13895, LYTVA_06449, LYTVA_04294, LYTVA_06557, LYTVA_26568
OG0000221	YEAST05872	LYTVA_17595, LYTVA_04768, LYTVA_08100
OG0000222	YEAST01460	LYTVA_26734, LYTVA_13738, LYTVA_24122, LYTVA_28945, LYTVA_27554, LYTVA_20917, LYTVA_23553, LYTVA_21370
OG0000225	YEAST06146	LYTVA_20688, LYTVA_20689, LYTVA_18494
OG0000227	YEAST05815	LYTVA_23655, LYTVA_07921, LYTVA_00830, LYTVA_00289, LYTVA_24191
OG0000228	YEAST04750	LYTVA_17479, LYTVA_09835, LYTVA_28978, LYTVA_02590, LYTVA_02589, LYTVA_17477, LYTVA_02497, LYTVA_21145, LYTVA_09059, LYTVA_09058, LYTVA_03892, LYTVA_05647
OG0000233	YEAST03726, YEAST03241, YEAST03242	LYTVA_06974, LYTVA_04354, LYTVA_14773, LYTVA_05981
OG0000238	YEAST06340, YEAST03834	LYTVA_04511, LYTVA_21260, LYTVA_04828, LYTVA_26584, LYTVA_07493
OG0000240	YEAST03827	LYTVA_19630, LYTVA_00509, LYTVA_15925, LYTVA_04643, LYTVA_04644, LYTVA_03055, LYTVA_27793, LYTVA_11638
OG0000242	YEAST00734	LYTVA_20520
OG0000246	YEAST01746, YEAST01747	LYTVA_19658, LYTVA_09005, LYTVA_09273, LYTVA_01924, LYTVA_25419, LYTVA_06938, LYTVA_09139, LYTVA_25259, LYTVA_00930
OG0000250	YEAST04716	LYTVA_04806, LYTVA_21908, LYTVA_27749, LYTVA_28209, LYTVA_16072, LYTVA_19814, LYTVA_07981, LYTVA_05636
OG0000255	YEAST02822	LYTVA_13936, LYTVA_14731, LYTVA_05053, LYTVA_05047, LYTVA_01200, LYTVA_21255, LYTVA_21254, LYTVA_22664, LYTVA_22659, LYTVA_22497, LYTVA_19292
OG0000256	YEAST00266	LYTVA_17873, LYTVA_25028, LYTVA_05484, LYTVA_26739, LYTVA_18612, LYTVA_19747
OG0000258	YEAST00118	LYTVA_18309, LYTVA_23522
OG0000260	YEAST04323	LYTVA_02941, LYTVA_22814
OG0000265	YEAST05674	LYTVA_16147
OG0000265	YEAST03885, YEAST03714	LYTVA_23503
OG0000272	YEAST02076, YEAST01066	LYTVA_13851, LYTVA_01003, LYTVA_27469, LYTVA_20744
OG0000273	YEAST05751	LYTVA_14211
OG0000274	YEAST02118, YEAST04573, YEAST01485	LYTVA_22032, LYTVA_22989, LYTVA_09806, LYTVA_20746, LYTVA_00583, LYTVA_00582, LYTVA_07683, LYTVA_13897, LYTVA_08405
OG0000278	YEAST04060	LYTVA_29542
OG0000284	YEAST05621	LYTVA_29164, LYTVA_15352, LYTVA_18853, LYTVA_15353, LYTVA_05389, LYTVA_20653
OG0000289	YEAST00645	LYTVA_08529, LYTVA_08530
OG0000305	YEAST04899	LYTVA_16632, LYTVA_15733
OG0000308	YEAST02548	LYTVA_17738, LYTVA_10665, LYTVA_19994, LYTVA_00091
OG0000310	YEAST02635	LYTVA_24764, LYTVA_27096, LYTVA_01202, LYTVA_01201, LYTVA_05847, LYTVA_09671, LYTVA_17316, LYTVA_12375, LYTVA_07118, LYTVA_29000
OG0000312	YEAST06260, YEAST02598, YEAST06261, YEAST02599, YEAST00807, YEAST04102	LYTVA_24273, LYTVA_13219, LYTVA_30225, LYTVA_14217
OG0000313	YEAST05106	LYTVA_13685
OG0000315	YEAST04684	LYTVA_26355
OG0000316	YEAST01673	LYTVA_01425, LYTVA_11631, LYTVA_05423, LYTVA_07908
OG0000317	YEAST01356	LYTVA_06380, LYTVA_13588, LYTVA_05960, LYTVA_06194
OG0000321	YEAST03264	LYTVA_23191, LYTVA_08758
OG0000323	YEAST02249	LYTVA_10353, LYTVA_24178, LYTVA_03400, LYTVA_14040
OG0000326	YEAST06056	LYTVA_18602
OG0000334	YEAST05626	LYTVA_05579, LYTVA_27451, LYTVA_26985, LYTVA_19447, LYTVA_14665, LYTVA_23457, LYTVA_26982, LYTVA_24482, LYTVA_14664, LYTVA_26630, LYTVA_26983, LYTVA_02495, LYTVA_02498
OG0000338	YEAST02967	LYTVA_05136, LYTVA_00791
OG0000338	YEAST04211	LYTVA_01358
OG0000345	YEAST01884	LYTVA_17527, LYTVA_03562, LYTVA_22667, LYTVA_03569, LYTVA_21102, LYTVA_10066, LYTVA_16358, LYTVA_03014, LYTVA_25222
OG0000352	YEAST04069	LYTVA_04087, LYTVA_27834, LYTVA_27474, LYTVA_04222, LYTVA_25572, LYTVA_11143, LYTVA_11144
OG0000357	YEAST01925	LYTVA_11988, LYTVA_11987, LYTVA_16315
OG0000359	YEAST02489	LYTVA_13862, LYTVA_16943, LYTVA_21076
OG0000363	YEAST04081, YEAST05870	LYTVA_19730, LYTVA_05256, LYTVA_02850, LYTVA_15234, LYTVA_19502, LYTVA_12892, LYTVA_13711, LYTVA_21653
OG0000365	YEAST05831	LYTVA_02311, LYTVA_15345, LYTVA_20090
OG0000367	YEAST02141, YEAST03746, YEAST03210	LYTVA_24456
OG0000372	YEAST05988	LYTVA_09420, LYTVA_03697, LYTVA_13806, LYTVA_09258, LYTVA_10583
OG0000373	YEAST02023	LYTVA_27427, LYTVA_08644
OG0000373	YEAST04495, YEAST01417, YEAST05964	LYTVA_11109
OG0000380	YEAST01047	LYTVA_09189
OG0000385	YEAST03496	LYTVA_24174, LYTVA_28777, LYTVA_02510, LYTVA_20464, LYTVA_23283, LYTVA_21446
OG0000393	YEAST04072, YEAST04071	LYTVA_07049, LYTVA_04769, LYTVA_02534, LYTVA_19296, LYTVA_18987
OG0000393	YEAST01302	LYTVA_29904
OG0000397	YEAST05080	LYTVA_01829
OG0000399	YEAST02160	LYTVA_10214, LYTVA_23258, LYTVA_10216
OG0000400	YEAST05911	LYTVA_21682, LYTVA_21440, LYTVA_00063
OG0000402	YEAST01657, YEAST01929	LYTVA_17451, LYTVA_17450
OG0000405	YEAST06055, YEAST00411	LYTVA_02873
OG0000412	YEAST04469	LYTVA_13235
OG0000413	YEAST04905, YEAST05340	LYTVA_30013
OG0000413	YEAST02838	LYTVA_27164
OG0000419	YEAST05989	LYTVA_16286
OG0000420	YEAST03886	LYTVA_21253, LYTVA_08019, LYTVA_16847, LYTVA_24513, LYTVA_18312, LYTVA_26593, LYTVA_25540
OG0000424	YEAST03563	LYTVA_23549, LYTVA_05964, LYTVA_25545, LYTVA_03567
OG0000426	YEAST03440	LYTVA_06898
OG0000426	YEAST03848, YEAST01121	LYTVA_02723
OG0000427	YEAST02655, YEAST02439	LYTVA_16595, LYTVA_19896
OG0000429	YEAST02285	LYTVA_08351, LYTVA_05078
OG0000431	YEAST04014	LYTVA_04640
OG0000433	YEAST06177, YEAST00117	LYTVA_26219, LYTVA_06955
OG0000437	YEAST03074, YEAST02073	LYTVA_00385, LYTVA_22885, LYTVA_00387, LYTVA_00386, LYTVA_11759, LYTVA_05214, LYTVA_25460
OG0000442	YEAST05012	LYTVA_03518, LYTVA_02198, LYTVA_11814, LYTVA_13337
OG0000444	YEAST01115, YEAST04019	LYTVA_22417, LYTVA_07815, LYTVA_19323
OG0000445	YEAST03068	LYTVA_04989, LYTVA_19669, LYTVA_09903, LYTVA_09664
OG0000450	YEAST04709, YEAST05909	LYTVA_17101
OG0000467	YEAST03162	LYTVA_22913
OG0000468	YEAST04372	LYTVA_29019, LYTVA_11992, LYTVA_25362, LYTVA_17846, LYTVA_25959, LYTVA_07913, LYTVA_09600
OG0000469	YEAST02179, YEAST05440	LYTVA_00030
OG0000469	YEAST02333, YEAST00863	LYTVA_28593
OG0000474	YEAST02384	LYTVA_27814
OG0000476	YEAST03038	LYTVA_25122, LYTVA_13391, LYTVA_29747
OG0000479	YEAST04139	LYTVA_06137, LYTVA_28172, LYTVA_05897
OG0000480	YEAST05750	LYTVA_20914, LYTVA_03386, LYTVA_28708, LYTVA_06044, LYTVA_27796, LYTVA_11906, LYTVA_02506, LYTVA_19363
OG0000481	YEAST01040	LYTVA_09160
OG0000481	YEAST00916	LYTVA_03656
OG0000484	YEAST05824	LYTVA_07250
OG0000486	YEAST03122, YEAST04270	LYTVA_11725, LYTVA_25120, LYTVA_29743, LYTVA_02899, LYTVA_15926, LYTVA_17161, LYTVA_29368, LYTVA_28063, LYTVA_14259
OG0000487	YEAST04968	LYTVA_29860
OG0000487	YEAST02728	LYTVA_10942
OG0000488	YEAST01414	LYTVA_07230, LYTVA_08628
OG0000490	YEAST04297, YEAST00894	LYTVA_11400
OG0000505	YEAST03067	LYTVA_05839
OG0000508	YEAST04626	LYTVA_12099, LYTVA_28377
OG0000510	YEAST04569, YEAST05730	LYTVA_19046, LYTVA_02807, LYTVA_16080
OG0000515	YEAST04784, YEAST05876	LYTVA_07120, LYTVA_07117, LYTVA_20113, LYTVA_20114, LYTVA_28123, LYTVA_22248, LYTVA_11079, LYTVA_15154, LYTVA_26737, LYTVA_19505, LYTVA_09455
OG0000519	YEAST04594, YEAST03616	LYTVA_06076, LYTVA_05363, LYTVA_05364, LYTVA_13323
OG0000520	YEAST02979	LYTVA_00781, LYTVA_18628
OG0000523	YEAST01952, YEAST05838, YEAST06082	LYTVA_00966
OG0000529	YEAST05790, YEAST00048	LYTVA_23566, LYTVA_23159, LYTVA_04442
OG0000534	YEAST04932	LYTVA_09901, LYTVA_21092
OG0000538	YEAST00499	LYTVA_19552
OG0000549	YEAST06280, YEAST02610, YEAST05060	LYTVA_22278, LYTVA_02950, LYTVA_20710, LYTVA_27983
OG0000552	YEAST05717	LYTVA_03254, LYTVA_15858
OG0000561	YEAST06202, YEAST00331	LYTVA_29146
OG0000562	YEAST00314	LYTVA_21948, LYTVA_27735, LYTVA_24956, LYTVA_18365, LYTVA_18318, LYTVA_21618, LYTVA_22762, LYTVA_13512, LYTVA_16236, LYTVA_18865, LYTVA_01419, LYTVA_29650, LYTVA_10850, LYTVA_06854, LYTVA_16962, LYTVA_07616, LYTVA_01404, LYTVA_19793, LYTVA_26408, LYTVA_26285, LYTVA_06744, LYTVA_06856, LYTVA_05804, LYTVA_04819
OG0000563	YEAST01406	LYTVA_08446, LYTVA_08447, LYTVA_00186, LYTVA_03052, LYTVA_07652, LYTVA_11594, LYTVA_14329, LYTVA_18410, LYTVA_14185, LYTVA_14184, LYTVA_03057, LYTVA_03056, LYTVA_01124, LYTVA_21200, LYTVA_20551, LYTVA_03054, LYTVA_16646, LYTVA_16641, LYTVA_00187
OG0000566	YEAST05789, YEAST00049	LYTVA_16321, LYTVA_16285
OG0000573	YEAST05675	LYTVA_17570
OG0000576	YEAST00470, YEAST00193	LYTVA_26208
OG0000578	YEAST01208, YEAST00759	LYTVA_22088
OG0000579	YEAST02484	LYTVA_05380
OG0000582	YEAST03615	LYTVA_16729
OG0000587	YEAST04063	LYTVA_14343, LYTVA_26577
OG0000587	YEAST03372	LYTVA_09394
OG0000588	YEAST05197	LYTVA_02313
OG0000590	YEAST05110, YEAST05552, YEAST03727	LYTVA_12360, LYTVA_14114
OG0000592	YEAST00388	LYTVA_06892
OG0000597	YEAST04330	LYTVA_08995, LYTVA_09001
OG0000609	YEAST05180	LYTVA_12338, LYTVA_28306, LYTVA_08875
OG0000612	YEAST02370	LYTVA_17035
OG0000612	YEAST03629	LYTVA_18667
OG0000613	YEAST01072	LYTVA_03372, LYTVA_03903, LYTVA_25492
OG0000623	YEAST02411	LYTVA_05482
OG0000623	YEAST05090	LYTVA_02662
OG0000627	YEAST02116, YEAST03957	LYTVA_13220
OG0000639	YEAST02015	LYTVA_07276, LYTVA_20363, LYTVA_03919
OG0000642	YEAST00618	LYTVA_03860, LYTVA_03859, LYTVA_07734, LYTVA_04785
OG0000645	YEAST04743	LYTVA_28374
OG0000647	YEAST04534	LYTVA_09133, LYTVA_17054, LYTVA_07018, LYTVA_08785
OG0000648	YEAST04178, YEAST05641	LYTVA_04746, LYTVA_13183
OG0000657	YEAST03846	LYTVA_09519, LYTVA_08984, LYTVA_11565, LYTVA_11564, LYTVA_09513
OG0000660	YEAST05150, YEAST01587	LYTVA_18194, LYTVA_29081
OG0000662	YEAST05937	LYTVA_10468, LYTVA_18798, LYTVA_15423
OG0000663	YEAST02675, YEAST03294	LYTVA_05261, LYTVA_03273
OG0000672	YEAST03771	LYTVA_02177
OG0000672	YEAST00984	LYTVA_03099
OG0000676	YEAST01503	LYTVA_14394, LYTVA_22046
OG0000676	YEAST02962	LYTVA_18544
OG0000683	YEAST03152, YEAST03537, YEAST05938	LYTVA_03132, LYTVA_12146
OG0000690	YEAST04874	LYTVA_01411, LYTVA_23445
OG0000690	YEAST02296	LYTVA_06618, LYTVA_16355
OG0000692	YEAST01969	LYTVA_10855, LYTVA_24724, LYTVA_10854
OG0000692	YEAST03487	LYTVA_29544, LYTVA_23315
OG0000694	YEAST05978	LYTVA_29379, LYTVA_26928
OG0000699	YEAST05706	LYTVA_27216, LYTVA_22923
OG0000701	YEAST02239, YEAST02223	LYTVA_09841
OG0000708	YEAST03515	LYTVA_00778
OG0000709	YEAST00057	LYTVA_00851, LYTVA_04267, LYTVA_11324, LYTVA_29562
OG0000724	YEAST02013	LYTVA_01400
OG0000732	YEAST04978	LYTVA_19768
OG0000733	YEAST05474	LYTVA_09286, LYTVA_18704
OG0000735	YEAST05945	LYTVA_27173
OG0000737	YEAST05188	LYTVA_18640
OG0000744	YEAST05951	LYTVA_11555, LYTVA_11561, LYTVA_20158
OG0000745	YEAST00539, YEAST02786, YEAST05296, YEAST03097, YEAST02781, YEAST03102	LYTVA_17679, LYTVA_10149, LYTVA_11982, LYTVA_11981, LYTVA_19578
OG0000752	YEAST01432, YEAST04483	LYTVA_18382, LYTVA_07800
OG0000753	YEAST01034, YEAST02037	LYTVA_08519, LYTVA_11275
OG0000757	YEAST01489	LYTVA_25030
OG0000758	YEAST01504	LYTVA_00031, LYTVA_17208
OG0000759	YEAST02878, YEAST05681	LYTVA_17588
OG0000768	YEAST02560, YEAST04269	LYTVA_13835, LYTVA_13832
OG0000772	YEAST04929	LYTVA_05773, LYTVA_19834
OG0000776	YEAST04571, YEAST00195, YEAST00312	LYTVA_24103, LYTVA_22432, LYTVA_27701
OG0000777	YEAST06297, YEAST02627	LYTVA_13243, LYTVA_28245, LYTVA_09488, LYTVA_01532
OG0000779	YEAST03812	LYTVA_13804, LYTVA_16614, LYTVA_13236, LYTVA_13810
OG0000782	YEAST01393, YEAST05616	LYTVA_07281
OG0000791	YEAST02375	LYTVA_30188
OG0000794	YEAST04627	LYTVA_18203, LYTVA_09726
OG0000800	YEAST03636	LYTVA_29348, LYTVA_28470
OG0000817	YEAST00389	LYTVA_09679
OG0000817	YEAST06112	LYTVA_10096
OG0000824	YEAST01319, YEAST02883	LYTVA_20926
OG0000828	YEAST00945, YEAST05476, YEAST00075	LYTVA_04924
OG0000828	YEAST02290	LYTVA_16052
OG0000837	YEAST06222	LYTVA_06689, LYTVA_07593, LYTVA_20841, LYTVA_20846
OG0000841	YEAST02416	LYTVA_03788, LYTVA_29116
OG0000847	YEAST02881, YEAST03544, YEAST06198	LYTVA_11994
OG0000847	YEAST02530, YEAST00209	LYTVA_21656
OG0000849	YEAST04475	LYTVA_12639, LYTVA_10091
OG0000850	YEAST04287	LYTVA_06441, LYTVA_26189, LYTVA_27854
OG0000852	YEAST01266	LYTVA_26709, LYTVA_24264, LYTVA_29382, LYTVA_07531
OG0000855	YEAST04755	LYTVA_06599, LYTVA_10228, LYTVA_20856, LYTVA_26570, LYTVA_26571
OG0000857	YEAST00309	LYTVA_21736
OG0000868	YEAST06157	LYTVA_29147
OG0000871	YEAST03857	LYTVA_25255, LYTVA_00078, LYTVA_13487
OG0000872	YEAST03222, YEAST03741	LYTVA_18504
OG0000875	YEAST00077	LYTVA_01072, LYTVA_12521
OG0000876	YEAST05556	LYTVA_02114
OG0000879	YEAST06123	LYTVA_08681
OG0000888	YEAST00288	LYTVA_24269
OG0000889	YEAST00175	LYTVA_27694, LYTVA_27693
OG0000894	YEAST03763	LYTVA_12588, LYTVA_19786
OG0000896	YEAST02476	LYTVA_29831
OG0000896	YEAST04923	LYTVA_08568
OG0000905	YEAST00599	LYTVA_15702, LYTVA_23197
OG0000907	YEAST02193	LYTVA_16710
OG0000913	YEAST03557, YEAST05101	LYTVA_02832, LYTVA_10765
OG0000914	YEAST04745	LYTVA_26358
OG0000921	YEAST02526	LYTVA_14375
OG0000925	YEAST05667, YEAST06025	LYTVA_00188, LYTVA_25795
OG0000932	YEAST03525	LYTVA_26139
OG0000933	YEAST06306	LYTVA_06950, LYTVA_06948, LYTVA_13372
OG0000934	YEAST05040	LYTVA_20397
OG0000943	YEAST03805	LYTVA_28974, LYTVA_14187, LYTVA_14188
OG0000944	YEAST04878	LYTVA_08967
OG0000954	YEAST05503, YEAST01249	LYTVA_18195, LYTVA_05025
OG0000955	YEAST04295	LYTVA_15857
OG0000963	YEAST03685, YEAST00482, YEAST01749	LYTVA_11219
OG0000964	YEAST04606	LYTVA_26196
OG0000965	YEAST02552	LYTVA_08512, LYTVA_30143, LYTVA_17394
OG0000965	YEAST02050	LYTVA_12319
OG0000967	YEAST05075	LYTVA_23088, LYTVA_06230, LYTVA_06235
OG0000970	YEAST04028	LYTVA_26609
OG0000982	YEAST01182	LYTVA_01090
OG0000984	YEAST01493, YEAST00575	LYTVA_20605, LYTVA_23816, LYTVA_17983
OG0000986	YEAST01481, YEAST04073	LYTVA_05339
OG0000987	YEAST04734, YEAST02734	LYTVA_29210
OG0000994	YEAST02360	LYTVA_00968, LYTVA_25056
OG0001001	YEAST00341	LYTVA_02181, LYTVA_06547, LYTVA_09209
OG0001003	YEAST00644	LYTVA_24521
OG0001006	YEAST04513	LYTVA_30116, LYTVA_11326
OG0001016	YEAST00830	LYTVA_27385, LYTVA_23205, LYTVA_10008
OG0001018	YEAST01172	LYTVA_08364, LYTVA_04534
OG0001024	YEAST01024, YEAST00308	LYTVA_13785, LYTVA_28952
OG0001064	YEAST00458	LYTVA_11261
OG0001066	YEAST06311	LYTVA_22867
OG0001075	YEAST05636	LYTVA_24384
OG0001076	YEAST01570	LYTVA_12589
OG0001081	YEAST04460	LYTVA_03364, LYTVA_09565, LYTVA_11238, LYTVA_00546, LYTVA_03368, LYTVA_08915, LYTVA_08917
OG0001082	YEAST03919, YEAST02905, YEAST05331	LYTVA_14593, LYTVA_14830, LYTVA_06685, LYTVA_11262
OG0001094	YEAST03837	LYTVA_15558, LYTVA_15559
OG0001095	YEAST00773	LYTVA_10435
OG0001096	YEAST01384	LYTVA_05948, LYTVA_03888, LYTVA_04358, LYTVA_24651
OG0001101	YEAST03434	LYTVA_28690
OG0001108	YEAST06309	LYTVA_12879
OG0001111	YEAST06003	LYTVA_21470, LYTVA_21492, LYTVA_13216, LYTVA_13217, LYTVA_19961
OG0001113	YEAST05320	LYTVA_28836
OG0001114	YEAST00036, YEAST05811	LYTVA_21386
OG0001124	YEAST02719	LYTVA_16535, LYTVA_12081
OG0001132	YEAST05421	LYTVA_01795, LYTVA_30153
OG0001133	YEAST04296	LYTVA_21722
OG0001133	YEAST03271	LYTVA_13505, LYTVA_08035
OG0001134	YEAST05015	LYTVA_23641
OG0001135	YEAST03641	LYTVA_26249
OG0001142	YEAST04001	LYTVA_17988
OG0001163	YEAST02433	LYTVA_24878, LYTVA_28270
OG0001164	YEAST03454	LYTVA_05648, LYTVA_28276, LYTVA_05650
OG0001171	YEAST04620, YEAST03578	LYTVA_23053, LYTVA_27044
OG0001175	YEAST00534	LYTVA_12386, LYTVA_24458, LYTVA_20819, LYTVA_13142, LYTVA_20054
OG0001177	YEAST06137	LYTVA_07494, LYTVA_26801, LYTVA_03786
OG0001179	YEAST00368, YEAST04831, YEAST02287	LYTVA_26628, LYTVA_09673
OG0001181	YEAST02051	LYTVA_20940, LYTVA_10373
OG0001184	YEAST01681	LYTVA_02863, LYTVA_18281, LYTVA_26638, LYTVA_24278
OG0001185	YEAST04969	LYTVA_09656
OG0001186	YEAST04605, YEAST01886	LYTVA_28926, LYTVA_01688
OG0001197	YEAST01499	LYTVA_08630
OG0001201	YEAST05452	LYTVA_16866, LYTVA_02039
OG0001204	YEAST05200	LYTVA_12790
OG0001207	YEAST04258	LYTVA_05411, LYTVA_20519, LYTVA_10763
OG0001210	YEAST05511	LYTVA_19275
OG0001210	YEAST02318	LYTVA_04311
OG0001212	YEAST03971	LYTVA_03375, LYTVA_21023
OG0001216	YEAST00145	LYTVA_09816, LYTVA_23706
OG0001219	YEAST03867	LYTVA_15579
OG0001236	YEAST03325, YEAST02687, YEAST03269	LYTVA_24738, LYTVA_21569
OG0001237	YEAST04380	LYTVA_26239, LYTVA_06734
OG0001238	YEAST04481	LYTVA_30061
OG0001241	YEAST02002	LYTVA_01648
OG0001243	YEAST00739, YEAST05004	LYTVA_04835
OG0001249	YEAST01062, YEAST02067	LYTVA_03472
OG0001250	YEAST02968, YEAST01339	LYTVA_23037
OG0001251	YEAST01707	LYTVA_12207
OG0001253	YEAST03998	LYTVA_02267
OG0001254	YEAST04309	LYTVA_26444
OG0001262	YEAST00911	LYTVA_11080, LYTVA_11634, LYTVA_11636, LYTVA_11076, LYTVA_09252, LYTVA_27431
OG0001263	YEAST00172	LYTVA_17717, LYTVA_22972, LYTVA_09084
OG0001268	YEAST03495	LYTVA_20779
OG0001270	YEAST02398	LYTVA_18319
OG0001271	YEAST05227, YEAST00662	LYTVA_09608
OG0001278	YEAST01893	LYTVA_12248, LYTVA_16623, LYTVA_15868
OG0001279	YEAST03070	LYTVA_22555
OG0001284	YEAST00567, YEAST01498	LYTVA_30054, LYTVA_01526, LYTVA_15592
OG0001286	YEAST00588, YEAST01486, YEAST03604	LYTVA_00885
OG0001291	YEAST04453, YEAST04334	LYTVA_11712
OG0001300	YEAST01098	LYTVA_05607, LYTVA_03792
OG0001302	YEAST02328	LYTVA_01979, LYTVA_15833
OG0001302	YEAST00299	LYTVA_08998
OG0001310	YEAST00887	LYTVA_08839, LYTVA_04185, LYTVA_11415
OG0001318	YEAST03712	LYTVA_16780, LYTVA_28059, LYTVA_12048
OG0001319	YEAST01678	LYTVA_24409, LYTVA_24410
OG0001322	YEAST06128	LYTVA_14240, LYTVA_03712, LYTVA_08843
OG0001324	YEAST00078	LYTVA_00291
OG0001325	YEAST00793	LYTVA_09407
OG0001326	YEAST05395	LYTVA_02897
OG0001327	YEAST03176	LYTVA_12279
OG0001332	YEAST03929, YEAST02705, YEAST00687	LYTVA_11327, LYTVA_11322
OG0001333	YEAST00728	LYTVA_22466, LYTVA_12467
OG0001341	YEAST06006	LYTVA_09303, LYTVA_05973
OG0001345	YEAST03613	LYTVA_20477
OG0001353	YEAST00020, YEAST04041	LYTVA_10030, LYTVA_22573
OG0001363	YEAST06180	LYTVA_09257, LYTVA_18119
OG0001364	YEAST06038, YEAST00402	LYTVA_09892
OG0001367	YEAST04688	LYTVA_20815
OG0001370	YEAST04067, YEAST05195, YEAST00897	LYTVA_22074
OG0001371	YEAST00532, YEAST03976	LYTVA_08478, LYTVA_25037
OG0001372	YEAST00070	LYTVA_11215
OG0001372	YEAST02226	LYTVA_06840
OG0001375	YEAST05499, YEAST05567	LYTVA_04323
OG0001378	YEAST02300	LYTVA_17384
OG0001379	YEAST04155	LYTVA_28884
OG0001386	YEAST05114	LYTVA_09276, LYTVA_15458
OG0001397	YEAST05731	LYTVA_19050, LYTVA_23784
OG0001400	YEAST02931	LYTVA_25761
OG0001409	YEAST00885, YEAST04659	LYTVA_11490
OG0001410	YEAST05046	LYTVA_26149
OG0001412	YEAST04490	LYTVA_29467
OG0001413	YEAST04294	LYTVA_11550, LYTVA_08728, LYTVA_22106, LYTVA_06579
OG0001414	YEAST06070, YEAST01920	LYTVA_18745, LYTVA_15413
OG0001415	YEAST04230	LYTVA_04754
OG0001415	YEAST00964	LYTVA_19006, LYTVA_27686
OG0001421	YEAST05252	LYTVA_26131
OG0001422	YEAST05588, YEAST01363	LYTVA_28672
OG0001424	YEAST01127	LYTVA_01086, LYTVA_05792
OG0001427	YEAST01885	LYTVA_08328
OG0001428	YEAST04862, YEAST05862, YEAST02749, YEAST03037	LYTVA_04004
OG0001430	YEAST01712	LYTVA_05538
OG0001434	YEAST03991	LYTVA_21503, LYTVA_09215, LYTVA_08418, LYTVA_11544, LYTVA_19139, LYTVA_20586
OG0001437	YEAST01264, YEAST02900	LYTVA_02456
OG0001445	YEAST01715	LYTVA_06306
OG0001449	YEAST03188	LYTVA_26829
OG0001449	YEAST05764	LYTVA_26490
OG0001449	YEAST03423	LYTVA_16874
OG0001452	YEAST05900	LYTVA_07052
OG0001454	YEAST01495, YEAST00573	LYTVA_12706
OG0001456	YEAST00365	LYTVA_29753
OG0001459	YEAST03073, YEAST03464	LYTVA_03447
OG0001461	YEAST05255	LYTVA_20044
OG0001468	YEAST03875, YEAST03904	LYTVA_26492
OG0001469	YEAST02070	LYTVA_18384
OG0001469	YEAST02765	LYTVA_06202, LYTVA_27897, LYTVA_08369
OG0001470	YEAST00369, YEAST05375	LYTVA_21458, LYTVA_05300, LYTVA_16206
OG0001472	YEAST03031	LYTVA_00674, LYTVA_18392
OG0001473	YEAST05711	LYTVA_28916, LYTVA_21049, LYTVA_07126, LYTVA_23712
OG0001474	YEAST01416, YEAST05312	LYTVA_10100, LYTVA_01292
OG0001478	YEAST01984	LYTVA_27270, LYTVA_05260
OG0001478	YEAST02078	LYTVA_16139, LYTVA_02086
OG0001479	YEAST01132	LYTVA_06390
OG0001503	YEAST03032	LYTVA_26157
OG0001503	YEAST02920	LYTVA_21678
OG0001504	YEAST05406	LYTVA_08379, LYTVA_08381
OG0001508	YEAST04143	LYTVA_06099, LYTVA_21980
OG0001520	YEAST03872	LYTVA_23857
OG0001524	YEAST03912	LYTVA_17084, LYTVA_14262, LYTVA_25311
OG0001525	YEAST00757	LYTVA_27481
OG0001527	YEAST01395	LYTVA_20326
OG0001529	YEAST01143	LYTVA_05701
OG0001530	YEAST00643	LYTVA_09311, LYTVA_19256
OG0001546	YEAST03111	LYTVA_27645, LYTVA_19517
OG0001550	YEAST02405, YEAST05953	LYTVA_01107, LYTVA_29943
OG0001551	YEAST04817	LYTVA_06090
OG0001553	YEAST05147, YEAST01586	LYTVA_29518
OG0001557	YEAST04671	LYTVA_30232
OG0001557	YEAST04551	LYTVA_23103
OG0001558	YEAST04449	LYTVA_06196
OG0001559	YEAST00445, YEAST02434	LYTVA_27028
OG0001561	YEAST06176	LYTVA_04106, LYTVA_00921
OG0001564	YEAST05390	LYTVA_04654, LYTVA_21130
OG0001570	YEAST04678	LYTVA_25305
OG0001573	YEAST03285	LYTVA_09972
OG0001578	YEAST01872	LYTVA_07447
OG0001590	YEAST03476, YEAST00717, YEAST03955	LYTVA_06446, LYTVA_02727
OG0001594	YEAST03418	LYTVA_07802
OG0001603	YEAST02584	LYTVA_09954, LYTVA_09254, LYTVA_25121, LYTVA_29742
OG0001604	YEAST01428	LYTVA_15984, LYTVA_01583
OG0001605	YEAST04101	LYTVA_28463, LYTVA_28464, LYTVA_27230
OG0001609	YEAST02739	LYTVA_06544, LYTVA_09772, LYTVA_05376
OG0001610	YEAST00596	LYTVA_15773
OG0001612	YEAST01109	LYTVA_09143
OG0001628	YEAST04790	LYTVA_28742, LYTVA_06351, LYTVA_06949
OG0001653	YEAST01151	LYTVA_15506
OG0001655	YEAST03354	LYTVA_29262
OG0001657	YEAST00101, YEAST00944	LYTVA_24520
OG0001663	YEAST05642	LYTVA_27998
OG0001676	YEAST02848	LYTVA_20615
OG0001676	YEAST06155	LYTVA_04952
OG0001679	YEAST05302, YEAST02334, YEAST02449, YEAST01523	LYTVA_17378, LYTVA_03795, LYTVA_21415, LYTVA_21417
OG0001680	YEAST01119, YEAST04022	LYTVA_06347
OG0001685	YEAST01147	LYTVA_01904
OG0001687	YEAST05279	LYTVA_18610, LYTVA_22058
OG0001691	YEAST01315	LYTVA_29941
OG0001704	YEAST01293	LYTVA_03750, LYTVA_28208
OG0001706	YEAST03424	LYTVA_16433
OG0001707	YEAST06049, YEAST00407, YEAST04739	LYTVA_02742
OG0001708	YEAST05744, YEAST05745	LYTVA_08755
OG0001709	YEAST04440	LYTVA_16435
OG0001713	YEAST04039	LYTVA_19902, LYTVA_16987
OG0001718	YEAST01537	LYTVA_06728
OG0001721	YEAST04881, YEAST05253, YEAST00698	LYTVA_12881
OG0001723	YEAST01435	LYTVA_03137
OG0001727	YEAST04543	LYTVA_25387, LYTVA_24852
OG0001728	YEAST03347	LYTVA_14622
OG0001730	YEAST00177	LYTVA_03839
OG0001739	YEAST03760	LYTVA_10491
OG0001745	YEAST01431	LYTVA_07144
OG0001750	YEAST03628	LYTVA_17680
OG0001754	YEAST03682	LYTVA_06403
OG0001756	YEAST00620	LYTVA_10472, LYTVA_10467, LYTVA_03013
OG0001769	YEAST04726	LYTVA_02387, LYTVA_30216
OG0001770	YEAST02590	LYTVA_06471
OG0001774	YEAST05166	LYTVA_28479
OG0001775	YEAST05594	LYTVA_06438, LYTVA_21968
OG0001780	YEAST03768	LYTVA_17770
OG0001781	YEAST01882	LYTVA_04782, LYTVA_08353
OG0001782	YEAST02421	LYTVA_16503, LYTVA_03019
OG0001785	YEAST02713	LYTVA_20637
OG0001787	YEAST03546	LYTVA_09866, LYTVA_22457
OG0001792	YEAST04595	LYTVA_23803
OG0001793	YEAST02466	LYTVA_01173, LYTVA_03112
OG0001805	YEAST05496, YEAST01242	LYTVA_23931, LYTVA_16203, LYTVA_10280
OG0001807	YEAST05464	LYTVA_27089
OG0001808	YEAST01298	LYTVA_09711
OG0001818	YEAST05902, YEAST04712	LYTVA_09386
OG0001822	YEAST04378, YEAST01659	LYTVA_22413
OG0001826	YEAST04777, YEAST01697, YEAST05781	LYTVA_26574, LYTVA_18547
OG0001829	YEAST01613, YEAST00136, YEAST02008	LYTVA_05903
OG0001831	YEAST00024	LYTVA_25792
OG0001832	YEAST05376	LYTVA_10649, LYTVA_10011
OG0001846	YEAST05067	LYTVA_14692
OG0001850	YEAST01913	LYTVA_12037
OG0001852	YEAST03121	LYTVA_04485
OG0001853	YEAST05176	LYTVA_24547, LYTVA_00729
OG0001857	YEAST04741	LYTVA_17991, LYTVA_09748, LYTVA_09742
OG0001860	YEAST00188	LYTVA_22471
OG0001861	YEAST05779, YEAST04773	LYTVA_25197
OG0001863	YEAST03017	LYTVA_00865
OG0001865	YEAST02919	LYTVA_11377
OG0001866	YEAST05095, YEAST05570	LYTVA_12972
OG0001867	YEAST01669	LYTVA_13864
OG0001873	YEAST00981, YEAST00267	LYTVA_12057, LYTVA_19029, LYTVA_27237
OG0001875	YEAST04137	LYTVA_28164, LYTVA_13281, LYTVA_09408
OG0001877	YEAST04134	LYTVA_14689, LYTVA_10974
OG0001886	YEAST03260	LYTVA_13389
OG0001888	YEAST05749, YEAST01573	LYTVA_14493
OG0001893	YEAST01023	LYTVA_11404, LYTVA_17834
OG0001894	YEAST00433	LYTVA_28553
OG0001899	YEAST01210, YEAST04466	LYTVA_29145
OG0001900	YEAST05053	LYTVA_08676
OG0001900	YEAST00581	LYTVA_14560, LYTVA_06350, LYTVA_13466, LYTVA_06292, LYTVA_14546, LYTVA_07011, LYTVA_10831
OG0001903	YEAST06020	LYTVA_08067, LYTVA_26061, LYTVA_26671
OG0001913	YEAST05520	LYTVA_08539, LYTVA_15655
OG0001915	YEAST04791	LYTVA_29625
OG0001917	YEAST01859	LYTVA_02307
OG0001923	YEAST05881	LYTVA_02896, LYTVA_06842
OG0001926	YEAST02948	LYTVA_19317
OG0001932	YEAST03770, YEAST03179	LYTVA_19885
OG0001934	YEAST00877	LYTVA_10941
OG0001938	YEAST03931	LYTVA_28843, LYTVA_11073, LYTVA_27179
OG0001940	YEAST04188, YEAST05646	LYTVA_10392
OG0001943	YEAST02393, YEAST05966	LYTVA_09619
OG0001945	YEAST01671	LYTVA_02199
OG0001951	YEAST00941, YEAST05396	LYTVA_24979
OG0001952	YEAST04673, YEAST01990, YEAST00155	LYTVA_02568, LYTVA_01610, LYTVA_03403, LYTVA_05983
OG0001965	YEAST04582	LYTVA_23024, LYTVA_04012
OG0001968	YEAST04910	LYTVA_11013, LYTVA_26170, LYTVA_25074, LYTVA_14019
OG0001969	YEAST06173	LYTVA_26700, LYTVA_02053
OG0001972	YEAST01822, YEAST03363	LYTVA_12401
OG0001985	YEAST04959	LYTVA_25021
OG0001992	YEAST02679	LYTVA_21528
OG0001998	YEAST00890	LYTVA_28153
OG0002001	YEAST00502, YEAST03944	LYTVA_06621, LYTVA_24060
OG0002003	YEAST02826, YEAST03671	LYTVA_27403
OG0002008	YEAST00768	LYTVA_11348, LYTVA_17615
OG0002010	YEAST00609	LYTVA_26220
OG0002013	YEAST03040	LYTVA_17597, LYTVA_21821
OG0002014	YEAST02422	LYTVA_01257
OG0002015	YEAST05525	LYTVA_23511, LYTVA_03784
OG0002025	YEAST03650	LYTVA_24851
OG0002026	YEAST01247	LYTVA_00656, LYTVA_03670
OG0002029	YEAST02646	LYTVA_21393
OG0002031	YEAST02752	LYTVA_03393, LYTVA_03117
OG0002032	YEAST01221	LYTVA_25138
OG0002042	YEAST02880	LYTVA_09497
OG0002059	YEAST05893, YEAST04718	LYTVA_07033
OG0002062	YEAST05454	LYTVA_29599
OG0002067	YEAST03444	LYTVA_08828
OG0002069	YEAST05962	LYTVA_18095, LYTVA_10776
OG0002073	YEAST04552	LYTVA_26326
OG0002076	YEAST02206	LYTVA_20709
OG0002078	YEAST06232	LYTVA_27383, LYTVA_06878, LYTVA_05678
OG0002079	YEAST05765, YEAST00483	LYTVA_05859, LYTVA_28645
OG0002080	YEAST05220, YEAST04736	LYTVA_01538, LYTVA_26517
OG0002084	YEAST04529	LYTVA_00594
OG0002087	YEAST05702	LYTVA_13703, LYTVA_16316, LYTVA_02024
OG0002090	YEAST02246	LYTVA_05021, LYTVA_12331, LYTVA_28014, LYTVA_08648, LYTVA_24037
OG0002093	YEAST02255	LYTVA_06495, LYTVA_22821, LYTVA_20195
OG0002097	YEAST02697	LYTVA_25591
OG0002101	YEAST03902	LYTVA_13887, LYTVA_28735
OG0002106	YEAST03654	LYTVA_17556
OG0002107	YEAST05313	LYTVA_22349
OG0002108	YEAST03715	LYTVA_01699
OG0002123	YEAST02444	LYTVA_03805
OG0002125	YEAST05183	LYTVA_00336
OG0002131	YEAST04275	LYTVA_29216, LYTVA_05431
OG0002137	YEAST04320	LYTVA_23578, LYTVA_27219, LYTVA_00323
OG0002138	YEAST02406	LYTVA_18624, LYTVA_18618
OG0002144	YEAST02673	LYTVA_10170
OG0002146	YEAST04333, YEAST00109, YEAST03088, YEAST04454	LYTVA_00027
OG0002147	YEAST04532, YEAST01219	LYTVA_11017
OG0002148	YEAST02060	LYTVA_19940, LYTVA_19729
OG0002152	YEAST05624	LYTVA_27158, LYTVA_09044
OG0002156	YEAST03007	LYTVA_15609, LYTVA_11872, LYTVA_12702
OG0002160	YEAST03960	LYTVA_18232
OG0002165	YEAST04504	LYTVA_22362
OG0002169	YEAST02258	LYTVA_19343, LYTVA_09425
OG0002175	YEAST04956	LYTVA_12093
OG0002184	YEAST00242	LYTVA_09182, LYTVA_03835
OG0002185	YEAST05212	LYTVA_13990
OG0002188	YEAST04638, YEAST03913	LYTVA_26546
OG0002189	YEAST02882, YEAST04447	LYTVA_28734, LYTVA_13891
OG0002213	YEAST01241, YEAST05495	LYTVA_26644
OG0002216	YEAST06040	LYTVA_29111, LYTVA_20156, LYTVA_15318, LYTVA_08313, LYTVA_03027
OG0002217	YEAST06033	LYTVA_24396
OG0002222	YEAST03240	LYTVA_17080, LYTVA_02223, LYTVA_06028
OG0002224	YEAST01574	LYTVA_28937, LYTVA_24337, LYTVA_20299
OG0002225	YEAST04939	LYTVA_07379
OG0002228	YEAST04154, YEAST05632	LYTVA_13148
OG0002233	YEAST00277	LYTVA_25994, LYTVA_27709, LYTVA_19570
OG0002239	YEAST03509	LYTVA_24268
OG0002239	YEAST01621	LYTVA_02728, LYTVA_24845
OG0002243	YEAST04599, YEAST03601, YEAST04600	LYTVA_18791, LYTVA_26266
OG0002244	YEAST02768	LYTVA_15294
OG0002261	YEAST00472	LYTVA_06648, LYTVA_24946
OG0002264	YEAST01705	LYTVA_10571, LYTVA_20438, LYTVA_10569
OG0002279	YEAST05800	LYTVA_19962
OG0002282	YEAST00881	LYTVA_16722
OG0002288	YEAST01591, YEAST05154	LYTVA_14290
OG0002312	YEAST06295	LYTVA_12025, LYTVA_26175
OG0002316	YEAST01805	LYTVA_10500
OG0002318	YEAST02923	LYTVA_19919, LYTVA_16601
OG0002321	YEAST02461	LYTVA_29675
OG0002324	YEAST02615, YEAST06287	LYTVA_04784, LYTVA_18196
OG0002326	YEAST00310, YEAST02699	LYTVA_23144
OG0002327	YEAST00346, YEAST06217	LYTVA_13830
OG0002331	YEAST01653	LYTVA_28456
OG0002332	YEAST01606, YEAST05184, YEAST00285	LYTVA_15960
OG0002341	YEAST03640, YEAST04562	LYTVA_02833
OG0002344	YEAST02312, YEAST02019	LYTVA_11170
OG0002346	YEAST02012	LYTVA_02392
OG0002355	YEAST00016	LYTVA_10530, LYTVA_23668
OG0002356	YEAST00259	LYTVA_15548
OG0002361	YEAST01027	LYTVA_05317, LYTVA_09958
OG0002367	YEAST01179	LYTVA_25642
OG0002369	YEAST03766	LYTVA_27387, LYTVA_07441
OG0002374	YEAST02010, YEAST00133	LYTVA_09672
OG0002377	YEAST05000	LYTVA_21348
OG0002406	YEAST05509	LYTVA_16025
OG0002407	YEAST00012	LYTVA_05902, LYTVA_09107
OG0002409	YEAST05834	LYTVA_23246
OG0002409	YEAST02027	LYTVA_26911
OG0002411	YEAST05950, YEAST02407	LYTVA_05420
OG0002412	YEAST06171	LYTVA_11984
OG0002413	YEAST01196	LYTVA_03837, LYTVA_28770, LYTVA_16733
OG0002415	YEAST01271	LYTVA_19723
OG0002422	YEAST05026	LYTVA_25109, LYTVA_03043
OG0002426	YEAST00184	LYTVA_04606
OG0002441	YEAST00068, YEAST02278, YEAST05821	LYTVA_03213
OG0002442	YEAST05932	LYTVA_29246
OG0002443	YEAST04906	LYTVA_18888
OG0002446	YEAST04254	LYTVA_23950
OG0002448	YEAST03419	LYTVA_28130
OG0002450	YEAST04575	LYTVA_25811, LYTVA_04325
OG0002453	YEAST00512	LYTVA_16565
OG0002476	YEAST05799	LYTVA_18571, LYTVA_29232
OG0002486	YEAST01433	LYTVA_12364
OG0002492	YEAST01624	LYTVA_04881, LYTVA_20142, LYTVA_20143
OG0002494	YEAST02402	LYTVA_08528, LYTVA_06135
OG0002495	YEAST02772	LYTVA_15838
OG0002497	YEAST02747	LYTVA_20099, LYTVA_19407, LYTVA_09946
OG0002500	YEAST05648	LYTVA_12795, LYTVA_02797
OG0002505	YEAST02959	LYTVA_15145
OG0002510	YEAST04753	LYTVA_28382, LYTVA_12781
OG0002518	YEAST02890	LYTVA_09891
OG0002520	YEAST05256	LYTVA_21261, LYTVA_12939
OG0002523	YEAST06234	LYTVA_00333
OG0002527	YEAST01639	LYTVA_12191
OG0002528	YEAST00372	LYTVA_05185
OG0002530	YEAST05530, YEAST03790	LYTVA_27968
OG0002532	YEAST03235	LYTVA_11495, LYTVA_10842
OG0002533	YEAST04525	LYTVA_10911
OG0002543	YEAST00527	LYTVA_05546, LYTVA_29378
OG0002557	YEAST06243	LYTVA_11893
OG0002561	YEAST04438, YEAST02106	LYTVA_06324
OG0002562	YEAST03992	LYTVA_23408
OG0002564	YEAST02186	LYTVA_01413
OG0002570	YEAST00592	LYTVA_08742, LYTVA_21570
OG0002594	YEAST06174	LYTVA_09902
OG0002598	YEAST04621, YEAST03577	LYTVA_19110
OG0002605	YEAST06332	LYTVA_01282
OG0002608	YEAST03716, YEAST02846	LYTVA_13159
OG0002609	YEAST01355	LYTVA_01416
OG0002610	YEAST01078, YEAST03973	LYTVA_11229
OG0002612	YEAST03508	LYTVA_13837, LYTVA_08081
OG0002621	YEAST05551	LYTVA_12838, LYTVA_23317
OG0002629	YEAST05919	LYTVA_00984, LYTVA_00974
OG0002630	YEAST05943, YEAST02413	LYTVA_01004
OG0002632	YEAST02755	LYTVA_05249
OG0002633	YEAST04206	LYTVA_24405
OG0002636	YEAST01664, YEAST06215	LYTVA_13092, LYTVA_12071
OG0002638	YEAST00919, YEAST04703	LYTVA_23794, LYTVA_24615
OG0002643	YEAST01938	LYTVA_22934
OG0002644	YEAST00724	LYTVA_00752
OG0002645	YEAST01436	LYTVA_24176, LYTVA_23649, LYTVA_19152
OG0002646	YEAST01946	LYTVA_13560, LYTVA_13618
OG0002651	YEAST02868	LYTVA_11913, LYTVA_10914
OG0002652	YEAST04937	LYTVA_14696, LYTVA_00100
OG0002656	YEAST05701	LYTVA_17513
OG0002659	YEAST06290	LYTVA_20057
OG0002666	YEAST02507	LYTVA_04715
OG0002668	YEAST02324	LYTVA_18089, LYTVA_00341
OG0002677	YEAST05210	LYTVA_05849
OG0002683	YEAST03676	LYTVA_20068
OG0002705	YEAST00553	LYTVA_29948
OG0002717	YEAST02430	LYTVA_09780
OG0002718	YEAST03380, YEAST03502	LYTVA_17119, LYTVA_10644, LYTVA_22419
OG0002720	YEAST01914	LYTVA_16984, LYTVA_04741
OG0002722	YEAST04059	LYTVA_27149, LYTVA_06328
OG0002726	YEAST02958	LYTVA_12627
OG0002729	YEAST01155	LYTVA_24879, LYTVA_12941
OG0002739	YEAST01877	LYTVA_03350, LYTVA_16185
OG0002742	YEAST03713	LYTVA_18075, LYTVA_17178
OG0002743	YEAST01824, YEAST03362	LYTVA_20017, LYTVA_29489
OG0002745	YEAST04244	LYTVA_23293
OG0002746	YEAST04902, YEAST05332	LYTVA_01662
OG0002747	YEAST05617	LYTVA_07301, LYTVA_06613
OG0002749	YEAST02810	LYTVA_13617
OG0002750	YEAST04952	LYTVA_11674
OG0002752	YEAST03686	LYTVA_13590, LYTVA_16228
OG0002756	YEAST04058	LYTVA_16840
OG0002758	YEAST04409	LYTVA_20249
OG0002760	YEAST01927	LYTVA_26292, LYTVA_13642
OG0002761	YEAST03261	LYTVA_10840
OG0002763	YEAST00260	LYTVA_11931, LYTVA_00169
OG0002764	YEAST00423	LYTVA_12077
OG0002765	YEAST01667, YEAST05523	LYTVA_13397, LYTVA_07528
OG0002766	YEAST05357	LYTVA_02144, LYTVA_02143, LYTVA_11825
OG0002767	YEAST04591	LYTVA_15615
OG0002771	YEAST02043	LYTVA_30010
OG0002772	YEAST03384	LYTVA_07041, LYTVA_20067
OG0002773	YEAST03677	LYTVA_17377
OG0002774	YEAST03575	LYTVA_02098, LYTVA_29513
OG0002781	YEAST05450	LYTVA_20154
OG0002782	YEAST02121	LYTVA_01104
OG0002785	YEAST06106, YEAST01228	LYTVA_29142
OG0002788	YEAST02578, YEAST01232	LYTVA_12524, LYTVA_24529
OG0002789	YEAST05269	LYTVA_25707, LYTVA_23902, LYTVA_25704, LYTVA_25705, LYTVA_23903
OG0002793	YEAST01371	LYTVA_11185, LYTVA_11186
OG0002799	YEAST01461	LYTVA_23324
OG0002817	YEAST01189, YEAST04922	LYTVA_20180
OG0002824	YEAST02137	LYTVA_03461
OG0002826	YEAST00174	LYTVA_08491
OG0002827	YEAST05976	LYTVA_10087
OG0002828	YEAST00227, YEAST00963	LYTVA_14096
OG0002831	YEAST03282	LYTVA_17877, LYTVA_02081
OG0002835	YEAST02656	LYTVA_03279
OG0002837	YEAST01987, YEAST00157	LYTVA_04424
OG0002839	YEAST03148	LYTVA_09274
OG0002843	YEAST04737	LYTVA_17224, LYTVA_25426
OG0002844	YEAST05563	LYTVA_02450
OG0002847	YEAST02294	LYTVA_05132
OG0002851	YEAST04951	LYTVA_07801
OG0002855	YEAST00137	LYTVA_25406, LYTVA_21416
OG0002860	YEAST02712	LYTVA_06421, LYTVA_06422
OG0002866	YEAST01136	LYTVA_01160
OG0002876	YEAST02348	LYTVA_07817, LYTVA_03623
OG0002883	YEAST03027	LYTVA_07247
OG0002891	YEAST03205	LYTVA_09791, LYTVA_12147
OG0002895	YEAST01471, YEAST05353, YEAST05456	LYTVA_26396
OG0002897	YEAST06308	LYTVA_21966
OG0002899	YEAST00283	LYTVA_26043
OG0002900	YEAST05306	LYTVA_01085, LYTVA_01793
OG0002910	YEAST00223	LYTVA_27131, LYTVA_11896
OG0002915	YEAST02264	LYTVA_04120
OG0002917	YEAST03703	LYTVA_12457, LYTVA_05198
OG0002920	YEAST04043, YEAST04055	LYTVA_11279
OG0002921	YEAST06254	LYTVA_27879
OG0002947	YEAST00232	LYTVA_12540
OG0002948	YEAST03584	LYTVA_06849, LYTVA_06850, LYTVA_11784
OG0002949	YEAST00419, YEAST06063	LYTVA_16087
OG0002952	YEAST05257	LYTVA_11677
OG0002953	YEAST03034	LYTVA_24232
OG0002957	YEAST03253	LYTVA_02020
OG0002966	YEAST06059	LYTVA_04762
OG0002969	YEAST00655	LYTVA_21133, LYTVA_18655
OG0002982	YEAST02471	LYTVA_23766
OG0002984	YEAST00961, YEAST01144	LYTVA_29653
OG0002985	YEAST02147	LYTVA_15482, LYTVA_08966
OG0002987	YEAST02970, YEAST00081, YEAST02488	LYTVA_03673
OG0002991	YEAST03345, YEAST01842	LYTVA_08511, LYTVA_10060
OG0002997	YEAST02374	LYTVA_11217
OG0003001	YEAST01497	LYTVA_10762
OG0003004	YEAST02183	LYTVA_18695, LYTVA_16717
OG0003006	YEAST00899	LYTVA_29828
OG0003010	YEAST03035	LYTVA_08548, LYTVA_02560, LYTVA_02047
OG0003016	YEAST04810	LYTVA_27110, LYTVA_09030
OG0003017	YEAST02213	LYTVA_19123
OG0003018	YEAST01635, YEAST01949	LYTVA_21456
OG0003020	YEAST04851	LYTVA_21575, LYTVA_21923, LYTVA_26820
OG0003027	YEAST05498	LYTVA_14207
OG0003028	YEAST05822	LYTVA_26826
OG0003029	YEAST04523	LYTVA_18674
OG0003033	YEAST02457, YEAST02640	LYTVA_09117
OG0003039	YEAST00055	LYTVA_26569
OG0003043	YEAST02551	LYTVA_21296
OG0003046	YEAST01632	LYTVA_11309, LYTVA_01962
OG0003054	YEAST04909, YEAST05341	LYTVA_02503
OG0003056	YEAST02257	LYTVA_27575, LYTVA_15255
OG0003059	YEAST02832, YEAST03675	LYTVA_28530
OG0003063	YEAST00204	LYTVA_13937
OG0003066	YEAST00969	LYTVA_18475, LYTVA_18168
OG0003072	YEAST05076	LYTVA_05083
OG0003073	YEAST00167	LYTVA_10379, LYTVA_23184
OG0003079	YEAST01019	LYTVA_18034
OG0003105	YEAST04282	LYTVA_11036, LYTVA_19535
OG0003106	YEAST03619	LYTVA_02338
OG0003107	YEAST00029	LYTVA_08803
OG0003108	YEAST00796	LYTVA_01209
OG0003110	YEAST02197	LYTVA_00846
OG0003114	YEAST00453, YEAST02426	LYTVA_24574
OG0003119	YEAST00778	LYTVA_04583
OG0003119	YEAST00736	LYTVA_29017
OG0003121	YEAST03190	LYTVA_26398
OG0003131	YEAST04435, YEAST04350	LYTVA_22393, LYTVA_00785, LYTVA_19188
OG0003135	YEAST02069	LYTVA_25688, LYTVA_09090
OG0003138	YEAST01790, YEAST00784	LYTVA_08319
OG0003145	YEAST06012	LYTVA_18564
OG0003147	YEAST03729	LYTVA_29462
OG0003151	YEAST03910	LYTVA_15917
OG0003153	YEAST05438	LYTVA_03003
OG0003154	YEAST00694	LYTVA_02322
OG0003157	YEAST01203	LYTVA_21022
OG0003169	YEAST04410	LYTVA_23879
OG0003172	YEAST06030	LYTVA_20354, LYTVA_07071
OG0003174	YEAST06178	LYTVA_25932
OG0003178	YEAST05823	LYTVA_19101
OG0003179	YEAST00905	LYTVA_04455
OG0003189	YEAST00820	LYTVA_15037, LYTVA_03261
OG0003190	YEAST02550	LYTVA_00219, LYTVA_10159, LYTVA_29362, LYTVA_28760
OG0003191	YEAST01068	LYTVA_04471, LYTVA_10768
OG0003193	YEAST02494	LYTVA_19147
OG0003199	YEAST04961	LYTVA_14841
OG0003207	YEAST04056	LYTVA_15862
OG0003212	YEAST05531	LYTVA_21928
OG0003214	YEAST03701	LYTVA_25327, LYTVA_22874
OG0003215	YEAST04373	LYTVA_05541
OG0003218	YEAST04068	LYTVA_24470, LYTVA_25657
OG0003219	YEAST01656	LYTVA_03705
OG0003220	YEAST03417, YEAST00186	LYTVA_16356
OG0003221	YEAST05064	LYTVA_24463
OG0003223	YEAST04472	LYTVA_01295
OG0003228	YEAST06187	LYTVA_12062
OG0003230	YEAST05487	LYTVA_17038
OG0003234	YEAST01985, YEAST00162	LYTVA_19458
OG0003234	YEAST00760	LYTVA_29645, LYTVA_00303, LYTVA_07989, LYTVA_16996, LYTVA_07481, LYTVA_24015, LYTVA_15403, LYTVA_05454, LYTVA_17107, LYTVA_02073, LYTVA_12901, LYTVA_07700, LYTVA_28681, LYTVA_29461, LYTVA_29992, LYTVA_09022, LYTVA_12924, LYTVA_18391, LYTVA_21485
OG0003235	YEAST06282	LYTVA_21510
OG0003251	YEAST05338, YEAST04904	LYTVA_05050
OG0003254	YEAST03911	LYTVA_09955, LYTVA_19250
OG0003257	YEAST02741	LYTVA_21941
OG0003266	YEAST05585	LYTVA_04525
OG0003267	YEAST02516	LYTVA_15112
OG0003270	YEAST01372, YEAST05351, YEAST01476	LYTVA_13699
OG0003277	YEAST03706	LYTVA_01672
OG0003283	YEAST02779	LYTVA_19055
OG0003284	YEAST02184	LYTVA_07395
OG0003287	YEAST00166	LYTVA_04035
OG0003288	YEAST05062	LYTVA_05759
OG0003293	YEAST04930	LYTVA_23172
OG0003295	YEAST06127	LYTVA_27062
OG0003300	YEAST03316	LYTVA_08691, LYTVA_06659, LYTVA_18142
OG0003301	YEAST03267	LYTVA_23817
OG0003302	YEAST04633	LYTVA_14810
OG0003303	YEAST05878	LYTVA_24993
OG0003304	YEAST01018	LYTVA_14305
OG0003316	YEAST04887	LYTVA_10053, LYTVA_14152
OG0003317	YEAST03051	LYTVA_16088, LYTVA_24011, LYTVA_05382
OG0003318	YEAST02158	LYTVA_12509
OG0003332	YEAST02945, YEAST00447	LYTVA_18115
OG0003335	YEAST01260	LYTVA_09092
OG0003340	YEAST04972	LYTVA_13141
OG0003341	YEAST00990	LYTVA_16037
OG0003343	YEAST04356, YEAST06258	LYTVA_11177
OG0003344	YEAST04764	LYTVA_00862
OG0003345	YEAST02133	LYTVA_14037, LYTVA_04588, LYTVA_15485
OG0003348	YEAST02844	LYTVA_06310
OG0003349	YEAST00235, YEAST04798	LYTVA_10341, LYTVA_20619
OG0003356	YEAST02937	LYTVA_06879
OG0003357	YEAST04240, YEAST02522	LYTVA_19490, LYTVA_06743, LYTVA_11630, LYTVA_02906
OG0003364	YEAST00730	LYTVA_03516, LYTVA_25779
OG0003366	YEAST05276, YEAST03075	LYTVA_15074
OG0003373	YEAST03755	LYTVA_27185, LYTVA_10709, LYTVA_17994, LYTVA_22268, LYTVA_11970
OG0003374	YEAST03627	LYTVA_08104
OG0003375	YEAST03722	LYTVA_28328, LYTVA_27365
OG0003377	YEAST03340	LYTVA_19125
OG0003380	YEAST00529	LYTVA_05440
OG0003381	YEAST03447, YEAST01380	LYTVA_07008, LYTVA_17658
OG0003382	YEAST01627	LYTVA_16589, LYTVA_00823
OG0003386	YEAST02725	LYTVA_26042
OG0003425	YEAST05084	LYTVA_04392
OG0003426	YEAST05251	LYTVA_15668, LYTVA_06081, LYTVA_02069, LYTVA_27843, LYTVA_21216, LYTVA_03865, LYTVA_23251, LYTVA_21445, LYTVA_22520
OG0003428	YEAST04550, YEAST01154	LYTVA_15286
OG0003429	YEAST05921	LYTVA_20604, LYTVA_26105
OG0003434	YEAST02689	LYTVA_01169
OG0003435	YEAST05483	LYTVA_08543
OG0003441	YEAST05981	LYTVA_19056
OG0003443	YEAST06032	LYTVA_22146
OG0003454	YEAST04088	LYTVA_02948
OG0003458	YEAST00169	LYTVA_03618
OG0003461	YEAST05752, YEAST04759	LYTVA_14255
OG0003463	YEAST02371	LYTVA_30127
OG0003464	YEAST05120	LYTVA_06647
OG0003465	YEAST02874	LYTVA_23986, LYTVA_07116
OG0003467	YEAST01278	LYTVA_25547, LYTVA_21585
OG0003477	YEAST03665	LYTVA_09865
OG0003483	YEAST06074	LYTVA_09501
OG0003487	YEAST03066	LYTVA_22813
OG0003491	YEAST03514	LYTVA_11242, LYTVA_18975
OG0003493	YEAST01076	LYTVA_03266
OG0003497	YEAST00758	LYTVA_24897
OG0003498	YEAST05680	LYTVA_06432
OG0003500	YEAST03303, YEAST02683	LYTVA_25392
OG0003501	YEAST01421	LYTVA_00202
OG0003502	YEAST02519	LYTVA_01228, LYTVA_20788
OG0003503	YEAST00400	LYTVA_13641
OG0003505	YEAST00697	LYTVA_07063, LYTVA_28433, LYTVA_23504
OG0003509	YEAST02850	LYTVA_02422
OG0003515	YEAST00923	LYTVA_04862
OG0003518	YEAST04809	LYTVA_18666
OG0003523	YEAST05393	LYTVA_11260
OG0003531	YEAST00465	LYTVA_03603
OG0003532	YEAST05810	LYTVA_14462
OG0003539	YEAST03774	LYTVA_02480
OG0003541	YEAST01314	LYTVA_21300
OG0003543	YEAST01290	LYTVA_04479
OG0003544	YEAST00251	LYTVA_29003, LYTVA_27728, LYTVA_23809
OG0003550	YEAST06166	LYTVA_30065
OG0003552	YEAST04163	LYTVA_11397
OG0003560	YEAST02357, YEAST05925	LYTVA_05811
OG0003562	YEAST00960	LYTVA_15863
OG0003565	YEAST03392	LYTVA_17701, LYTVA_23177, LYTVA_15392
OG0003567	YEAST04838	LYTVA_13855
OG0003568	YEAST04328	LYTVA_25025
OG0003570	YEAST03562, YEAST04635	LYTVA_16300
OG0003571	YEAST05553	LYTVA_08422
OG0003573	YEAST00597	LYTVA_12228
OG0003578	YEAST05031	LYTVA_14123
OG0003579	YEAST05446	LYTVA_21586, LYTVA_25548
OG0003598	YEAST00803	LYTVA_20119
OG0003599	YEAST04133	LYTVA_25495, LYTVA_28141
OG0003603	YEAST03529	LYTVA_20098
OG0003610	YEAST02573	LYTVA_07203, LYTVA_24955
OG0003611	YEAST01054	LYTVA_25213
OG0003612	YEAST00808	LYTVA_13314, LYTVA_13319
OG0003613	YEAST02366	LYTVA_26048, LYTVA_10701
OG0003615	YEAST01638	LYTVA_26591
OG0003617	YEAST01843	LYTVA_08952, LYTVA_11704
OG0003618	YEAST00747	LYTVA_08987
OG0003619	YEAST04756	LYTVA_29115, LYTVA_05151
OG0003624	YEAST00147	LYTVA_16657
OG0003630	YEAST04845	LYTVA_11059, LYTVA_22109
OG0003632	YEAST02125	LYTVA_06045
OG0003638	YEAST00956	LYTVA_26670
OG0003641	YEAST04061, YEAST01158	LYTVA_11566
OG0003643	YEAST03144	LYTVA_23976, LYTVA_22914
OG0003644	YEAST01545	LYTVA_19920
OG0003645	YEAST05809, YEAST05493	LYTVA_01752
OG0003646	YEAST02349	LYTVA_05796
OG0003647	YEAST04352, YEAST04433	LYTVA_17942
OG0003649	YEAST00203	LYTVA_12300, LYTVA_23539
OG0003650	YEAST00737, YEAST04997	LYTVA_04212, LYTVA_28562, LYTVA_28561
OG0003661	YEAST02758	LYTVA_05212
OG0003664	YEAST03791	LYTVA_05022, LYTVA_15946
OG0003668	YEAST06168	LYTVA_23185
OG0003669	YEAST02813	LYTVA_20979, LYTVA_00369
OG0003672	YEAST03137	LYTVA_28748
OG0003676	YEAST03110	LYTVA_11057
OG0003678	YEAST02330	LYTVA_13504
OG0003682	YEAST00571	LYTVA_10459
OG0003688	YEAST01333, YEAST05362, YEAST00376	LYTVA_24642
OG0003690	YEAST01162	LYTVA_15125
OG0003692	YEAST00692	LYTVA_16704
OG0003693	YEAST05304	LYTVA_10292
OG0003694	YEAST01453	LYTVA_21490
OG0003696	YEAST05704	LYTVA_10724
OG0003697	YEAST04962	LYTVA_24825
OG0003698	YEAST03764, YEAST03185	LYTVA_00449, LYTVA_00450
OG0003703	YEAST00683	LYTVA_15204, LYTVA_25249
OG0003710	YEAST02077	LYTVA_01367
OG0003712	YEAST02114	LYTVA_13639, LYTVA_13640
OG0003713	YEAST01549, YEAST03807	LYTVA_12799, LYTVA_06866, LYTVA_18223
OG0003716	YEAST02390	LYTVA_00505
OG0003718	YEAST05772	LYTVA_22052
OG0003719	YEAST06338	LYTVA_16501
OG0003721	YEAST04960	LYTVA_29839
OG0003724	YEAST02365, YEAST06120	LYTVA_28771
OG0003729	YEAST01543	LYTVA_20503
OG0003731	YEAST04486	LYTVA_05810
OG0003733	YEAST03492	LYTVA_13502, LYTVA_08036
OG0003734	YEAST02809, YEAST03842	LYTVA_19044, LYTVA_23146
OG0003735	YEAST06115	LYTVA_11688, LYTVA_28003
OG0003738	YEAST05605	LYTVA_24822
OG0003740	YEAST01029	LYTVA_26296, LYTVA_17293, LYTVA_16340
OG0003741	YEAST01379	LYTVA_18369, LYTVA_00346
OG0003743	YEAST06008, YEAST05688	LYTVA_26127, LYTVA_26126
OG0003744	YEAST01207	LYTVA_06947
OG0003749	YEAST04441	LYTVA_18850
OG0003750	YEAST00149	LYTVA_02287, LYTVA_01689
OG0003758	YEAST06133	LYTVA_17109
OG0003759	YEAST03315	LYTVA_26967
OG0003766	YEAST03336	LYTVA_05953
OG0003767	YEAST01933, YEAST01650	LYTVA_08194
OG0003769	YEAST01999	LYTVA_18678
OG0003770	YEAST01234, YEAST03860	LYTVA_21288, LYTVA_11378
OG0003778	YEAST05796	LYTVA_11821
OG0003779	YEAST04431	LYTVA_10521
OG0003806	YEAST02367	LYTVA_30001
OG0003807	YEAST04265, YEAST03128	LYTVA_29933
OG0003808	YEAST01201	LYTVA_19229
OG0003811	YEAST00417	LYTVA_01732
OG0003813	YEAST00254	LYTVA_00532
OG0003818	YEAST04318	LYTVA_09712
OG0003824	YEAST01468	LYTVA_20107, LYTVA_06706
OG0003828	YEAST02448	LYTVA_13423
OG0003829	YEAST02032, YEAST01031	LYTVA_18420
OG0003831	YEAST03010, YEAST05137, YEAST02344	LYTVA_24443
OG0003834	YEAST06322	LYTVA_28662
OG0003837	YEAST02586	LYTVA_29929
OG0003838	YEAST03413	LYTVA_17094
OG0003839	YEAST01736	LYTVA_23937, LYTVA_14573
OG0003844	YEAST06054	LYTVA_23802
OG0003846	YEAST00356	LYTVA_03898, LYTVA_08542
OG0003848	YEAST01654	LYTVA_12543
OG0003850	YEAST00228	LYTVA_06404
OG0003851	YEAST06169	LYTVA_27115, LYTVA_26448
OG0003852	YEAST03296	LYTVA_02920
OG0003853	YEAST06251	LYTVA_09397
OG0003855	YEAST04936	LYTVA_19474
OG0003856	YEAST03934, YEAST02710	LYTVA_25797
OG0003858	YEAST01401	LYTVA_01327, LYTVA_27055
OG0003860	YEAST01412	LYTVA_18534
OG0003866	YEAST01895	LYTVA_29703
OG0003867	YEAST03558	LYTVA_19438, LYTVA_29419
OG0003868	YEAST01448	LYTVA_16042
OG0003869	YEAST02771	LYTVA_12197
OG0003875	YEAST05070	LYTVA_02952
OG0003876	YEAST02423	LYTVA_08885
OG0003877	YEAST04860, YEAST05867, YEAST03825	LYTVA_07189, LYTVA_05818
OG0003879	YEAST00463	LYTVA_26740
OG0003881	YEAST03851	LYTVA_02265
OG0003882	YEAST03663	LYTVA_18048
OG0003886	YEAST06023	LYTVA_00295
OG0003887	YEAST00028	LYTVA_29205, LYTVA_19626, LYTVA_04461
OG0003893	YEAST05028	LYTVA_17888, LYTVA_12620, LYTVA_25794, LYTVA_09128
OG0003897	YEAST01270	LYTVA_01009, LYTVA_18263, LYTVA_04579
OG0003899	YEAST04954	LYTVA_01604
OG0003904	YEAST01732	LYTVA_08407
OG0003907	YEAST02999, YEAST02288	LYTVA_27049, LYTVA_26600, LYTVA_25769
OG0003908	YEAST01362	LYTVA_01934, LYTVA_01565
OG0003908	YEAST06330	LYTVA_23240
OG0003910	YEAST03780	LYTVA_15956
OG0003911	YEAST00032	LYTVA_13769
OG0003913	YEAST03258	LYTVA_01876, LYTVA_18035, LYTVA_17952, LYTVA_20575
OG0003918	YEAST00058	LYTVA_03867
OG0003921	YEAST06181	LYTVA_29296
OG0003926	YEAST04138	LYTVA_00309
OG0003929	YEAST04489, YEAST01422	LYTVA_28675
OG0003930	YEAST03969	LYTVA_25579, LYTVA_23488
OG0003931	YEAST01142	LYTVA_22630
OG0003938	YEAST01566, YEAST05133	LYTVA_07799
OG0003939	YEAST03211	LYTVA_03990, LYTVA_08883
OG0003946	YEAST03220	LYTVA_00597
OG0003947	YEAST06266, YEAST05428	LYTVA_21166
OG0003949	YEAST01888	LYTVA_06512, LYTVA_01213
OG0003950	YEAST01409	LYTVA_22866
OG0003954	YEAST02764	LYTVA_08587
OG0003961	YEAST01991	LYTVA_18404
OG0003967	YEAST05935	LYTVA_21341
OG0003971	YEAST00520	LYTVA_12905
OG0003972	YEAST06331	LYTVA_26756
OG0003973	YEAST06329	LYTVA_08780
OG0003999	YEAST05604	LYTVA_02706
OG0004000	YEAST06060	LYTVA_13016
OG0004007	YEAST01456	LYTVA_16332
OG0004012	YEAST00755	LYTVA_26169
OG0004017	YEAST03019	LYTVA_26976
OG0004023	YEAST04349	LYTVA_16983
OG0004035	YEAST02134	LYTVA_24098
OG0004037	YEAST03371	LYTVA_20546
OG0004042	YEAST05578	LYTVA_08337
OG0004044	YEAST05367	LYTVA_04278
OG0004047	YEAST02496	LYTVA_22628
OG0004052	YEAST03705	LYTVA_04921
OG0004057	YEAST05620	LYTVA_23851, LYTVA_02242
OG0004059	YEAST00030	LYTVA_13931
OG0004065	YEAST00772	LYTVA_23835, LYTVA_06332
OG0004067	YEAST02665	LYTVA_14146
OG0004068	YEAST03461	LYTVA_11542
OG0004071	YEAST02893	LYTVA_15303
OG0004072	YEAST02440	LYTVA_02954
OG0004076	YEAST05461	LYTVA_03921
OG0004079	YEAST04385	LYTVA_06671
OG0004080	YEAST00812	LYTVA_29208
OG0004082	YEAST00063, YEAST05409	LYTVA_06311, LYTVA_06309
OG0004090	YEAST02301, YEAST02021	LYTVA_01996
OG0004091	YEAST04715	LYTVA_21438, LYTVA_09473
OG0004092	YEAST03564, YEAST06307	LYTVA_11252, LYTVA_08054
OG0004096	YEAST00160	LYTVA_24655
OG0004097	YEAST05039	LYTVA_03615
OG0004101	YEAST03547, YEAST02901	LYTVA_16379
OG0004102	YEAST05787	LYTVA_22604
OG0004103	YEAST05061	LYTVA_10838, LYTVA_14405, LYTVA_25911
OG0004110	YEAST02825	LYTVA_17391
OG0004113	YEAST02059	LYTVA_23980, LYTVA_20632
OG0004115	YEAST00325	LYTVA_26409
OG0004116	YEAST00481	LYTVA_11277, LYTVA_16339
OG0004118	YEAST01855	LYTVA_28391
OG0004119	YEAST02170	LYTVA_18575
OG0004123	YEAST04761	LYTVA_16672
OG0004124	YEAST01139	LYTVA_08766, LYTVA_03931
OG0004127	YEAST06097	LYTVA_25845, LYTVA_00859
OG0004130	YEAST03149	LYTVA_10134
OG0004134	YEAST05611	LYTVA_23721, LYTVA_17051
OG0004136	YEAST01084	LYTVA_29265, LYTVA_10739, LYTVA_15507
OG0004142	YEAST05774	LYTVA_07168
OG0004148	YEAST00867	LYTVA_28754
OG0004150	YEAST04690	LYTVA_10446, LYTVA_04771
OG0004151	YEAST04284	LYTVA_22027, LYTVA_29972, LYTVA_22026
OG0004153	YEAST05958, YEAST04386, YEAST00290	LYTVA_24977, LYTVA_14935
OG0004154	YEAST05587	LYTVA_21247
OG0004158	YEAST03379	LYTVA_10767
OG0004161	YEAST04124	LYTVA_23742
OG0004162	YEAST04517	LYTVA_06423, LYTVA_27144, LYTVA_06424, LYTVA_04255, LYTVA_13582
OG0004166	YEAST00189	LYTVA_05496
OG0004168	YEAST03028	LYTVA_10352
OG0004169	YEAST05813	LYTVA_22122, LYTVA_17881
OG0004170	YEAST05906	LYTVA_03467
OG0004171	YEAST04501	LYTVA_12650, LYTVA_12649, LYTVA_07825
OG0004181	YEAST03406	LYTVA_28184, LYTVA_29381
OG0004182	YEAST03699	LYTVA_02516, LYTVA_26684
OG0004184	YEAST00127	LYTVA_27243
OG0004186	YEAST04981	LYTVA_13218
OG0004188	YEAST02761	LYTVA_09818
OG0004198	YEAST02869, YEAST03548	LYTVA_17837
OG0004215	YEAST04590	LYTVA_17521, LYTVA_20252
OG0004217	YEAST01257	LYTVA_10684
OG0004219	YEAST00912	LYTVA_13015
OG0004222	YEAST05826	LYTVA_04664
OG0004230	YEAST02220	LYTVA_03884, LYTVA_24896
OG0004232	YEAST05931	LYTVA_02493, LYTVA_16476
OG0004236	YEAST05432	LYTVA_29541
OG0004237	YEAST04445, YEAST04344	LYTVA_10415
OG0004239	YEAST05144	LYTVA_15516, LYTVA_12963
OG0004243	YEAST00306	LYTVA_09481
OG0004245	YEAST00859	LYTVA_24279, LYTVA_26637, LYTVA_24281
OG0004248	YEAST03678	LYTVA_23168
OG0004249	YEAST02740	LYTVA_11288, LYTVA_11290
OG0004254	YEAST03900	LYTVA_15962
OG0004258	YEAST00665	LYTVA_05034
OG0004259	YEAST03730	LYTVA_21802
OG0004261	YEAST02564	LYTVA_25179, LYTVA_25178, LYTVA_11226, LYTVA_21721
OG0004262	YEAST02368	LYTVA_18711
OG0004269	YEAST04758	LYTVA_07560, LYTVA_28413
OG0004273	YEAST02547	LYTVA_03846
OG0004278	YEAST00243	LYTVA_21762, LYTVA_19997
OG0004280	YEAST05895	LYTVA_00315, LYTVA_29508
OG0004282	YEAST02575, YEAST06242	LYTVA_16737
OG0004283	YEAST04184	LYTVA_07813, LYTVA_10414
OG0004287	YEAST01708	LYTVA_30135
OG0004289	YEAST05719	LYTVA_15304, LYTVA_08621
OG0004291	YEAST00852	LYTVA_26380
OG0004292	YEAST02537	LYTVA_29633
OG0004295	YEAST05946	LYTVA_10836
OG0004297	YEAST01463	LYTVA_26470, LYTVA_14136
OG0004301	YEAST03850	LYTVA_17218
OG0004302	YEAST05203	LYTVA_27877
OG0004303	YEAST02492	LYTVA_05571
OG0004304	YEAST02425, YEAST05929	LYTVA_08021
OG0004305	YEAST02123	LYTVA_04211, LYTVA_07884
OG0004307	YEAST04592	LYTVA_23176
OG0004308	YEAST04835	LYTVA_27577, LYTVA_15253
OG0004309	YEAST05924	LYTVA_20861
OG0004310	YEAST05001	LYTVA_21824
OG0004312	YEAST03330	LYTVA_13567, LYTVA_05872
OG0004314	YEAST00500	LYTVA_09224
OG0004324	YEAST04322	LYTVA_01961
OG0004331	YEAST06230	LYTVA_27302, LYTVA_21103
OG0004333	YEAST01391	LYTVA_21119
OG0004335	YEAST01057	LYTVA_05831, LYTVA_03828
OG0004338	YEAST05023	LYTVA_14064
OG0004345	YEAST04894	LYTVA_15243
OG0004348	YEAST03956	LYTVA_06128
OG0004350	YEAST04742	LYTVA_13333
OG0004351	YEAST04167	LYTVA_20511
OG0004353	YEAST05143	LYTVA_00606, LYTVA_13736
OG0004356	YEAST02877	LYTVA_23236
OG0004357	YEAST02304	LYTVA_09241
OG0004358	YEAST01304	LYTVA_17523
OG0004359	YEAST01873	LYTVA_02266
OG0004364	YEAST00647	LYTVA_02485
OG0004366	YEAST01097	LYTVA_06643, LYTVA_27515
OG0004369	YEAST04013	LYTVA_09883
OG0004370	YEAST02378	LYTVA_30229
OG0004374	YEAST00556	LYTVA_22107
OG0004377	YEAST05181	LYTVA_23335
OG0004378	YEAST03291	LYTVA_15604
OG0004379	YEAST02180, YEAST04152	LYTVA_28643
OG0004382	YEAST03218	LYTVA_18561
OG0004394	YEAST00619	LYTVA_30193, LYTVA_14506
OG0004396	YEAST01668	LYTVA_05452
OG0004400	YEAST03238, YEAST03731	LYTVA_11350
OG0004401	YEAST04219	LYTVA_06522
OG0004402	YEAST03617	LYTVA_17681
OG0004404	YEAST00833, YEAST00883	LYTVA_29981
OG0004417	YEAST03358	LYTVA_08260
OG0004425	YEAST04958	LYTVA_04158
OG0004460	YEAST06162	LYTVA_05295, LYTVA_29632
OG0004462	YEAST03397	LYTVA_20076
OG0004468	YEAST04439	LYTVA_02592, LYTVA_18913
OG0004472	YEAST06199	LYTVA_08562
OG0004479	YEAST00474	LYTVA_00476, LYTVA_04117, LYTVA_07724
OG0004484	YEAST01989	LYTVA_00935
OG0004486	YEAST00968	LYTVA_17364
OG0004490	YEAST02887	LYTVA_28558
OG0004494	YEAST03738	LYTVA_00181
OG0004495	YEAST00946	LYTVA_01540
OG0004498	YEAST02716	LYTVA_12145, LYTVA_00159, LYTVA_28363
OG0004500	YEAST04651	LYTVA_20358
OG0004503	YEAST02385	LYTVA_09532, LYTVA_13945
OG0004505	YEAST01701	LYTVA_20170
OG0004506	YEAST06061	LYTVA_19692
OG0004507	YEAST04994	LYTVA_06354, LYTVA_26743
OG0004512	YEAST01510	LYTVA_20700
OG0004513	YEAST04235	LYTVA_19138
OG0004515	YEAST05737	LYTVA_03119, LYTVA_29185, LYTVA_17033
OG0004519	YEAST01596	LYTVA_25742
OG0004520	YEAST06001, YEAST05696	LYTVA_16032
OG0004525	YEAST03937	LYTVA_04264, LYTVA_18553
OG0004529	YEAST03981	LYTVA_01959
OG0004535	YEAST02221	LYTVA_01326
OG0004538	YEAST02750	LYTVA_26379
OG0004541	YEAST02645, YEAST03788, YEAST04781	LYTVA_00634, LYTVA_17093, LYTVA_28009, LYTVA_08647, LYTVA_17092
OG0004542	YEAST04816, YEAST04623	LYTVA_17843
OG0004545	YEAST02071	LYTVA_25949, LYTVA_02321
OG0004546	YEAST04485	LYTVA_26469
OG0004551	YEAST00426	LYTVA_08055
OG0004554	YEAST05640, YEAST04172	LYTVA_17490
OG0004563	YEAST04325	LYTVA_23594, LYTVA_13340
OG0004566	YEAST02192	LYTVA_11051, LYTVA_17110
OG0004567	YEAST05747	LYTVA_18454, LYTVA_08904
OG0004571	YEAST02127	LYTVA_14576
OG0004573	YEAST00677	LYTVA_17192, LYTVA_07834
OG0004577	YEAST02283	LYTVA_11608
OG0004579	YEAST00134	LYTVA_18859
OG0004581	YEAST03583, YEAST04618	LYTVA_28885
OG0004582	YEAST04377	LYTVA_19263
OG0004583	YEAST05833	LYTVA_15816
OG0004584	YEAST03457	LYTVA_28504
OG0004585	YEAST01153	LYTVA_04116
OG0004590	YEAST03622, YEAST00886	LYTVA_05932
OG0004593	YEAST01231	LYTVA_10440, LYTVA_06299
OG0004609	YEAST05326	LYTVA_25027
OG0004610	YEAST04487, YEAST01427	LYTVA_15593
OG0004611	YEAST04613	LYTVA_03557
OG0004612	YEAST02359	LYTVA_14652
OG0004616	YEAST00250, YEAST02830	LYTVA_00918
OG0004619	YEAST03531	LYTVA_04247
OG0004621	YEAST00178	LYTVA_28481
OG0004623	YEAST04421	LYTVA_23275, LYTVA_00416, LYTVA_02350, LYTVA_10953
OG0004626	YEAST00427	LYTVA_13913, LYTVA_09916
OG0004630	YEAST01322, YEAST02951	LYTVA_20130
OG0004633	YEAST03510	LYTVA_19530
OG0004634	YEAST00262, YEAST00249	LYTVA_18328, LYTVA_15495
OG0004635	YEAST02703	LYTVA_00293, LYTVA_15165
OG0004639	YEAST02924	LYTVA_06644, LYTVA_25887
OG0004648	YEAST04721, YEAST05892	LYTVA_03524
OG0004649	YEAST02284	LYTVA_10236
OG0004651	YEAST01146	LYTVA_06969, LYTVA_00062
OG0004654	YEAST00988	LYTVA_21675
OG0004655	YEAST01640	LYTVA_08466
OG0004656	YEAST04281	LYTVA_18760
OG0004657	YEAST00473	LYTVA_18672
OG0004658	YEAST04140	LYTVA_20135
OG0004659	YEAST02251	LYTVA_02279
OG0004660	YEAST06221, YEAST00721	LYTVA_12983
OG0004663	YEAST01161	LYTVA_05938
OG0004664	YEAST05162	LYTVA_20638
OG0004668	YEAST01610	LYTVA_20199, LYTVA_13399
OG0004671	YEAST02606	LYTVA_21221
OG0004674	YEAST05448	LYTVA_04839, LYTVA_28228
OG0004675	YEAST05072, YEAST02983	LYTVA_29989, LYTVA_25113
OG0004676	YEAST05785, YEAST00056, YEAST02694	LYTVA_25246
OG0004678	YEAST02777, YEAST04846	LYTVA_19924
OG0004682	YEAST02876	LYTVA_24734
OG0004683	YEAST00676	LYTVA_20336
OG0004684	YEAST05643	LYTVA_23257
OG0004685	YEAST04200	LYTVA_06896
OG0004687	YEAST00982	LYTVA_17898
OG0004699	YEAST05453	LYTVA_11171
OG0004702	YEAST03387	LYTVA_26536
OG0004703	YEAST06071	LYTVA_23120
OG0004703	YEAST00841	LYTVA_20677
OG0004705	YEAST05591	LYTVA_23090, LYTVA_23089
OG0004708	YEAST04540	LYTVA_09002
OG0004711	YEAST03281	LYTVA_14580, LYTVA_27491
OG0004728	YEAST04662, YEAST00882	LYTVA_11232, LYTVA_03716
OG0004733	YEAST06337	LYTVA_08122, LYTVA_00358
OG0004739	YEAST01817	LYTVA_00536, LYTVA_25049
OG0004740	YEAST04029	LYTVA_03548
OG0004743	YEAST04299	LYTVA_29733, LYTVA_09642, LYTVA_20623
OG0004747	YEAST01134	LYTVA_23129
OG0004748	YEAST03942	LYTVA_15315
OG0004749	YEAST05904	LYTVA_25597, LYTVA_15360
OG0004753	YEAST04746	LYTVA_19840
OG0004755	YEAST03690	LYTVA_25664, LYTVA_22436
OG0004756	YEAST03704	LYTVA_19213
OG0004759	YEAST02912	LYTVA_27240
OG0004760	YEAST01847	LYTVA_10449
OG0004764	YEAST04443, YEAST04345	LYTVA_01192, LYTVA_02309
OG0004765	YEAST02487	LYTVA_14721
OG0004766	YEAST01053	LYTVA_11836
OG0004767	YEAST03559	LYTVA_09965
OG0004768	YEAST02666	LYTVA_09373
OG0004769	YEAST06228	LYTVA_25262
OG0004770	YEAST03432	LYTVA_07797
OG0004774	YEAST06062	LYTVA_09584, LYTVA_01531
OG0004785	YEAST04153	LYTVA_15886, LYTVA_26181
OG0004787	YEAST02164	LYTVA_29060
OG0004792	YEAST02299	LYTVA_29937
OG0004795	YEAST02163	LYTVA_22825, LYTVA_00644
OG0004797	YEAST00371	LYTVA_04693, LYTVA_15847
OG0004805	YEAST03570	LYTVA_07641
OG0004808	YEAST02354	LYTVA_29396
OG0004811	YEAST01683	LYTVA_15091
OG0004814	YEAST05710	LYTVA_12805
OG0004816	YEAST04664	LYTVA_26235
OG0004819	YEAST00279	LYTVA_19480
OG0004820	YEAST05404	LYTVA_28665
OG0004822	YEAST03199	LYTVA_26300
OG0004833	YEAST01309	LYTVA_24781
OG0004840	YEAST01399	LYTVA_08791, LYTVA_13386
OG0004841	YEAST01375	LYTVA_07534
OG0004842	YEAST05083	LYTVA_20536
OG0004843	YEAST03163	LYTVA_03951
OG0004844	YEAST01571	LYTVA_20432
OG0004848	YEAST02387	LYTVA_14758
OG0004849	YEAST06335	LYTVA_06399
OG0004850	YEAST05082, YEAST02977	LYTVA_00007
OG0004851	YEAST02907	LYTVA_06855
OG0004852	YEAST00825	LYTVA_12192
OG0004855	YEAST03252	LYTVA_15181
OG0004856	YEAST05973	LYTVA_02436
OG0004858	YEAST04268	LYTVA_12887
OG0004863	YEAST00862	LYTVA_24197
OG0004864	YEAST00264	LYTVA_18864
OG0004874	YEAST04564	LYTVA_25312
OG0004875	YEAST02491	LYTVA_04305
OG0004877	YEAST05247	LYTVA_01744
OG0004879	YEAST01311	LYTVA_01845
OG0004880	YEAST06046	LYTVA_30106
OG0004881	YEAST00141	LYTVA_12397
OG0004886	YEAST05077	LYTVA_28084, LYTVA_28081
OG0004887	YEAST05734	LYTVA_16765, LYTVA_23110
OG0004893	YEAST04667	LYTVA_22575
OG0004896	YEAST06193	LYTVA_14134
OG0004897	YEAST03127, YEAST00642	LYTVA_04150
OG0004898	YEAST01269	LYTVA_27619
OG0004902	YEAST00933	LYTVA_05303
OG0004903	YEAST03539	LYTVA_08798
OG0004906	YEAST02770	LYTVA_15393
OG0004911	YEAST04765	LYTVA_04944
OG0004913	YEAST01636	LYTVA_03275, LYTVA_09461
OG0004914	YEAST03369	LYTVA_24514
OG0004917	YEAST00244	LYTVA_27783, LYTVA_27787
OG0004922	YEAST03302	LYTVA_07877
OG0004924	YEAST03555, YEAST03277	LYTVA_15379
OG0004928	YEAST00311	LYTVA_07781
OG0004932	YEAST04654	LYTVA_07355
OG0004935	YEAST02167	LYTVA_06910
OG0004940	YEAST05107, YEAST05559	LYTVA_00861
OG0004941	YEAST03194	LYTVA_17261
OG0004947	YEAST05164	LYTVA_10586
OG0004948	YEAST02275	LYTVA_26298, LYTVA_18476
OG0004949	YEAST04201	LYTVA_17618, LYTVA_17623
OG0004952	YEAST02477	LYTVA_18703
OG0004954	YEAST06058	LYTVA_13647
OG0004962	YEAST04400	LYTVA_20013, LYTVA_11942
OG0004963	YEAST04940	LYTVA_11708, LYTVA_13526, LYTVA_11711
OG0004964	YEAST04104	LYTVA_05433
OG0004968	YEAST03489	LYTVA_28812, LYTVA_21468
OG0004969	YEAST02591	LYTVA_28485
OG0004970	YEAST04414	LYTVA_02200
OG0004971	YEAST05364	LYTVA_21887, LYTVA_21886, LYTVA_01157
OG0004972	YEAST03511	LYTVA_08815
OG0004975	YEAST00144, YEAST01994	LYTVA_12144
OG0004976	YEAST05983	LYTVA_09782, LYTVA_29015
OG0004977	YEAST06017	LYTVA_04246
OG0004979	YEAST06027	LYTVA_02189
OG0004980	YEAST05221	LYTVA_11342
OG0004981	YEAST03914, YEAST04639	LYTVA_04981, LYTVA_04980
OG0004982	YEAST03625	LYTVA_04774, LYTVA_04776
OG0004985	YEAST03498	LYTVA_23048
OG0004988	YEAST05990	LYTVA_17216
OG0004989	YEAST04576	LYTVA_04727, LYTVA_02393
OG0004990	YEAST04419	LYTVA_12280
OG0004992	YEAST05627	LYTVA_25774, LYTVA_17651
OG0004996	YEAST04793	LYTVA_27105, LYTVA_02271
OG0004997	YEAST01342	LYTVA_17036
OG0005002	YEAST05414	LYTVA_14355
OG0005003	YEAST02467, YEAST00216	LYTVA_29350
OG0005006	YEAST06096	LYTVA_24629
OG0005014	YEAST02538	LYTVA_05362
OG0005015	YEAST01649, YEAST01932	LYTVA_02386, LYTVA_15052
OG0005038	YEAST02861	LYTVA_28907
OG0005040	YEAST04778	LYTVA_23868
OG0005053	YEAST00680	LYTVA_28457
OG0005055	YEAST02159	LYTVA_27000
OG0005059	YEAST03737	LYTVA_15242
OG0005067	YEAST06051	LYTVA_20703
OG0005069	YEAST03130	LYTVA_05605
OG0005073	YEAST00873	LYTVA_29173, LYTVA_01002
OG0005076	YEAST04563	LYTVA_24637
OG0005081	YEAST03124	LYTVA_15839
OG0005083	YEAST00678, YEAST05235	LYTVA_19890, LYTVA_17325, LYTVA_19891
OG0005084	YEAST03782	LYTVA_01666
OG0005085	YEAST06159	LYTVA_03151
OG0005086	YEAST00205	LYTVA_19054
OG0005087	YEAST00816	LYTVA_18921
OG0005088	YEAST05769, YEAST03125	LYTVA_28508
OG0005089	YEAST04644	LYTVA_04803
OG0005095	YEAST04437	LYTVA_14778, LYTVA_12505
OG0005096	YEAST00667	LYTVA_08413
OG0005097	YEAST05071	LYTVA_29826
OG0005099	YEAST01396	LYTVA_26028
OG0005100	YEAST02389	LYTVA_13181
OG0005104	YEAST05248	LYTVA_11553
OG0005106	YEAST06065, YEAST00421	LYTVA_14257
OG0005107	YEAST06099	LYTVA_02082
OG0005109	YEAST05204, YEAST00612	LYTVA_26183
OG0005111	YEAST06212, YEAST04032	LYTVA_07538
OG0005114	YEAST02131	LYTVA_16644, LYTVA_04766
OG0005117	YEAST06050	LYTVA_00508
OG0005121	YEAST02052	LYTVA_18334
OG0005124	YEAST04099	LYTVA_11000
OG0005130	YEAST03863	LYTVA_14060
OG0005139	YEAST04015	LYTVA_16571
OG0005142	YEAST03890	LYTVA_00109
OG0005143	YEAST00443	LYTVA_19150
OG0005144	YEAST04065	LYTVA_12742
OG0005146	YEAST02971	LYTVA_15977
OG0005151	YEAST03382	LYTVA_27792
OG0005152	YEAST00847	LYTVA_01178, LYTVA_16705
OG0005157	YEAST02981	LYTVA_05346, LYTVA_07627
OG0005160	YEAST06113	LYTVA_15115, LYTVA_00792
OG0005168	YEAST06272	LYTVA_13195, LYTVA_03102
OG0005169	YEAST00459	LYTVA_07382
OG0005175	YEAST05445	LYTVA_29725
OG0005176	YEAST00218	LYTVA_10907
OG0005178	YEAST04497	LYTVA_03900
OG0005179	YEAST05659	LYTVA_10937
OG0005183	YEAST05308	LYTVA_03203
OG0005187	YEAST05234	LYTVA_06957
OG0005188	YEAST01554	LYTVA_13117
OG0005191	YEAST00993	LYTVA_16417
OG0005192	YEAST05720	LYTVA_11320, LYTVA_26786
OG0005194	YEAST04086	LYTVA_08214, LYTVA_00664
OG0005196	YEAST01388	LYTVA_18001
OG0005198	YEAST00327	LYTVA_14757
OG0005200	YEAST01016	LYTVA_06030
OG0005201	YEAST00082	LYTVA_29977
OG0005203	YEAST02207	LYTVA_24412
OG0005204	YEAST01178	LYTVA_25886
OG0005205	YEAST01046	LYTVA_15919, LYTVA_05306
OG0005208	YEAST01429	LYTVA_02654, LYTVA_23924
OG0005212	YEAST06147	LYTVA_00382
OG0005220	YEAST04357	LYTVA_29256, LYTVA_19384, LYTVA_24525
OG0005221	YEAST03209	LYTVA_19059
OG0005222	YEAST05518	LYTVA_07525
OG0005224	YEAST06324	LYTVA_03224
OG0005225	YEAST05094	LYTVA_16819, LYTVA_18486
OG0005227	YEAST05529	LYTVA_07721
OG0005228	YEAST05916	LYTVA_18639, LYTVA_12908
OG0005229	YEAST04766	LYTVA_09465
OG0005231	YEAST02681	LYTVA_25304
OG0005233	YEAST00564	LYTVA_12404
OG0005237	YEAST05398	LYTVA_08657, LYTVA_05258, LYTVA_08658
OG0005238	YEAST00351	LYTVA_06616
OG0005239	YEAST04499	LYTVA_26773
OG0005240	YEAST03058	LYTVA_15443
OG0005244	YEAST06021	LYTVA_14000
OG0005247	YEAST06314	LYTVA_00342
OG0005249	YEAST03446	LYTVA_14003
OG0005251	YEAST00934	LYTVA_09515
OG0005254	YEAST00814	LYTVA_04592
OG0005259	YEAST04276	LYTVA_21962
OG0005261	YEAST01831	LYTVA_23858, LYTVA_24509
OG0005262	YEAST05458	LYTVA_18059
OG0005264	YEAST03506	LYTVA_07871
OG0005267	YEAST03513	LYTVA_17789
OG0005269	YEAST03314	LYTVA_22373
OG0005273	YEAST04916	LYTVA_11483, LYTVA_18611, LYTVA_27459, LYTVA_29670
OG0005275	YEAST03695	LYTVA_05085
OG0005277	YEAST04186	LYTVA_11648, LYTVA_11655
OG0005279	YEAST05219	LYTVA_07318, LYTVA_17464
OG0005280	YEAST00305	LYTVA_22605
OG0005281	YEAST05694	LYTVA_22608
OG0005285	YEAST03115	LYTVA_00413, LYTVA_16537
OG0005289	YEAST03438	LYTVA_16946
OG0005292	YEAST01718	LYTVA_01033, LYTVA_09485
OG0005293	YEAST03033	LYTVA_15778
OG0005294	YEAST01981	LYTVA_03149
OG0005298	YEAST03696	LYTVA_06195
OG0005299	YEAST00788	LYTVA_09505
OG0005300	YEAST04941	LYTVA_15734
OG0005304	YEAST05397	LYTVA_24754, LYTVA_23395
OG0005309	YEAST03670	LYTVA_27907
OG0005312	YEAST05201, YEAST04689	LYTVA_17559
OG0005314	YEAST05231, YEAST01835	LYTVA_19497
OG0005316	YEAST02690	LYTVA_28938
OG0005317	YEAST03232	LYTVA_15712, LYTVA_04846, LYTVA_00157
OG0005318	YEAST02932	LYTVA_04038
OG0005319	YEAST00507	LYTVA_06762
OG0005323	YEAST01809	LYTVA_25277
OG0005324	YEAST02894	LYTVA_28372
OG0005360	YEAST05037	LYTVA_14304
OG0005365	YEAST00555	LYTVA_05201, LYTVA_27525
OG0005366	YEAST05488	LYTVA_27363
OG0005370	YEAST06092	LYTVA_13652, LYTVA_12163
OG0005373	YEAST05422	LYTVA_26529
OG0005390	YEAST03532	LYTVA_25943
OG0005391	YEAST02166	LYTVA_13901
OG0005393	YEAST04280	LYTVA_11222
OG0005396	YEAST05100	LYTVA_09809, LYTVA_25787
OG0005399	YEAST03052	LYTVA_29394
OG0005402	YEAST00454, YEAST00455	LYTVA_05886, LYTVA_17568
OG0005403	YEAST03894	LYTVA_23999
OG0005406	YEAST00801	LYTVA_22936
OG0005409	YEAST01305	LYTVA_25970
OG0005412	YEAST00286	LYTVA_13943
OG0005417	YEAST02517	LYTVA_06653
OG0005422	YEAST00744	LYTVA_13766
OG0005430	YEAST02046	LYTVA_23130, LYTVA_04574
OG0005431	YEAST00653	LYTVA_23117
OG0005432	YEAST00083	LYTVA_10903
OG0005433	YEAST00126	LYTVA_25281
OG0005435	YEAST02973	LYTVA_12898
OG0005437	YEAST04554	LYTVA_10033
OG0005438	YEAST03985	LYTVA_15406
OG0005439	YEAST00480, YEAST02388	LYTVA_01768
OG0005446	YEAST02856	LYTVA_26690
OG0005448	YEAST00061	LYTVA_12421, LYTVA_19835, LYTVA_30219
OG0005451	YEAST02174	LYTVA_10961, LYTVA_16307
OG0005455	YEAST01906	LYTVA_05016
OG0005465	YEAST02925	LYTVA_07849
OG0005468	YEAST03549	LYTVA_11556
OG0005469	YEAST03750	LYTVA_01972
OG0005471	YEAST02704	LYTVA_21654
OG0005474	YEAST05625	LYTVA_06418
OG0005476	YEAST00929	LYTVA_21960
OG0005479	YEAST06140	LYTVA_13568, LYTVA_05870
OG0005481	YEAST02988	LYTVA_11545
OG0005482	YEAST06080	LYTVA_18408, LYTVA_19946
OG0005484	YEAST05993	LYTVA_10340, LYTVA_20849
OG0005488	YEAST02834	LYTVA_14332
OG0005489	YEAST02006	LYTVA_15646
OG0005490	YEAST02289	LYTVA_10748
OG0005493	YEAST03669	LYTVA_05656
OG0005495	YEAST04982	LYTVA_04882
OG0005498	YEAST02944	LYTVA_30189, LYTVA_17259
OG0005499	YEAST00316	LYTVA_02987
OG0005503	YEAST01883	LYTVA_15235, LYTVA_11509
OG0005504	YEAST02859	LYTVA_27112, LYTVA_10026
OG0005508	YEAST05735	LYTVA_04730
OG0005511	YEAST04889	LYTVA_24722
OG0005514	YEAST00756	LYTVA_09050
OG0005524	YEAST04752	LYTVA_06419
OG0005527	YEAST05177	LYTVA_28795
OG0005531	YEAST02508	LYTVA_16825
OG0005533	YEAST05670	LYTVA_08029, LYTVA_20427
OG0005537	YEAST00932	LYTVA_25196
OG0005539	YEAST01881	LYTVA_02417
OG0005540	YEAST04214	LYTVA_04890
OG0005545	YEAST06273	LYTVA_03487
OG0005554	YEAST01003	LYTVA_20016
OG0005556	YEAST01807	LYTVA_26009
OG0005559	YEAST02680	LYTVA_29586
OG0005561	YEAST05048	LYTVA_11792, LYTVA_17363
OG0005562	YEAST02317	LYTVA_03975, LYTVA_15162
OG0005563	YEAST03552	LYTVA_10416
OG0005564	YEAST02525	LYTVA_13234
OG0005566	YEAST02934	LYTVA_28317
OG0005569	YEAST01288	LYTVA_22491
OG0005570	YEAST05155	LYTVA_01092
OG0005572	YEAST04844	LYTVA_21172
OG0005574	YEAST02083	LYTVA_07278
OG0005575	YEAST02256	LYTVA_15940
OG0005580	YEAST03612	LYTVA_01951
OG0005582	YEAST06134	LYTVA_09282
OG0005584	YEAST03140, YEAST03524	LYTVA_25058, LYTVA_27961
OG0005589	YEAST06142	LYTVA_30062
OG0005590	YEAST05462	LYTVA_15819, LYTVA_03871
OG0005592	YEAST02743, YEAST03026, YEAST00679, YEAST05239	LYTVA_18676
OG0005594	YEAST04980	LYTVA_23833
OG0005595	YEAST01803	LYTVA_16699
OG0005597	YEAST02753	LYTVA_27673
OG0005598	YEAST01870	LYTVA_24243, LYTVA_28420
OG0005599	YEAST01798	LYTVA_21820
OG0005600	YEAST00206	LYTVA_02910
OG0005604	YEAST03276	LYTVA_17227
OG0005605	YEAST01083	LYTVA_03868
OG0005613	YEAST02714	LYTVA_07852
OG0005617	YEAST02068	LYTVA_16568, LYTVA_28710
OG0005618	YEAST04830	LYTVA_19319, LYTVA_20585
OG0005620	YEAST04915	LYTVA_08517
OG0005622	YEAST05142	LYTVA_11126, LYTVA_29546
OG0005626	YEAST02896	LYTVA_00789
OG0005632	YEAST01025	LYTVA_16258
OG0005636	YEAST04250, YEAST02533	LYTVA_10391
OG0005643	YEAST05368	LYTVA_27836, LYTVA_26975
OG0005645	YEAST03386	LYTVA_08432, LYTVA_26710
OG0005649	YEAST03683	LYTVA_08041, LYTVA_16003
OG0005652	YEAST02748	LYTVA_21904
OG0005656	YEAST05558	LYTVA_08560, LYTVA_26753
OG0005660	YEAST04813	LYTVA_27368
OG0005694	YEAST02311	LYTVA_11621
OG0005701	YEAST03349	LYTVA_30025, LYTVA_10789, LYTVA_15178
OG0005702	YEAST02337	LYTVA_14131
OG0005703	YEAST00484	LYTVA_09645
OG0005707	YEAST01682	LYTVA_05626
OG0005715	YEAST05111	LYTVA_18376, LYTVA_09846
OG0005719	YEAST01866	LYTVA_24607
OG0005724	YEAST03029	LYTVA_25094, LYTVA_25099
OG0005728	YEAST03877	LYTVA_23545
OG0005729	YEAST04879	LYTVA_11991
OG0005731	YEAST04127	LYTVA_25832
OG0005732	YEAST05411, YEAST00067	LYTVA_00395
OG0005734	YEAST03845	LYTVA_20923, LYTVA_11108
OG0005747	YEAST02338	LYTVA_00501
OG0005749	YEAST00550	LYTVA_28764, LYTVA_28670
OG0005750	YEAST05318	LYTVA_26693
OG0005758	YEAST03970	LYTVA_12445
OG0005764	YEAST03256	LYTVA_19354
OG0005769	YEAST05614	LYTVA_09632
OG0005774	YEAST01218	LYTVA_05829
OG0005775	YEAST04199	LYTVA_01882
OG0005779	YEAST03322	LYTVA_09970
OG0005783	YEAST04090	LYTVA_06702, LYTVA_07994
OG0005784	YEAST06131	LYTVA_23789
OG0005787	YEAST03651	LYTVA_29596
OG0005789	YEAST06245	LYTVA_16262
OG0005790	YEAST01022	LYTVA_09414
OG0005792	YEAST02379	LYTVA_21525, LYTVA_24913
OG0005796	YEAST02169	LYTVA_29526
OG0005799	YEAST05573	LYTVA_20338, LYTVA_26495, LYTVA_20337
OG0005805	YEAST01806	LYTVA_12880, LYTVA_28912
OG0005807	YEAST01275	LYTVA_00635
OG0005811	YEAST01007	LYTVA_29272
OG0005812	YEAST06095, YEAST02696, YEAST03626	LYTVA_03605
OG0005814	YEAST01475	LYTVA_03829
OG0005815	YEAST03739	LYTVA_03059
OG0005819	YEAST04896	LYTVA_25458
OG0005823	YEAST01415	LYTVA_26580
OG0005828	YEAST00547	LYTVA_12356
OG0005831	YEAST05339	LYTVA_10805
OG0005832	YEAST00468	LYTVA_26803
OG0005835	YEAST01714	LYTVA_14917
OG0005837	YEAST02139	LYTVA_13503
OG0005842	YEAST02254	LYTVA_23316, LYTVA_06956
OG0005843	YEAST02236	LYTVA_25522
OG0005845	YEAST00903	LYTVA_08424
OG0005848	YEAST01451, YEAST02858	LYTVA_11161
OG0005849	YEAST01002	LYTVA_27507
OG0005850	YEAST01618	LYTVA_27504
OG0005860	YEAST01211	LYTVA_19471, LYTVA_04729
OG0005864	YEAST04171	LYTVA_22593, LYTVA_20239
OG0005865	YEAST02036	LYTVA_00504
OG0005866	YEAST02662, YEAST00926, YEAST05389	LYTVA_20927
OG0005869	YEAST04361	LYTVA_24545
OG0005872	YEAST00119	LYTVA_04969, LYTVA_13115
OG0005874	YEAST05241	LYTVA_14589
OG0005880	YEAST00456	LYTVA_29784
OG0005887	YEAST02429, YEAST01660	LYTVA_11995
OG0005888	YEAST01289, YEAST02921	LYTVA_17874
OG0005889	YEAST02568	LYTVA_23762
OG0005893	YEAST05434	LYTVA_26850
OG0005897	YEAST04730	LYTVA_04870
OG0005898	YEAST04411	LYTVA_28914
OG0005899	YEAST01832	LYTVA_09884
OG0005901	YEAST04462	LYTVA_02043, LYTVA_03382
OG0005902	YEAST03800	LYTVA_17361
OG0005906	YEAST01796	LYTVA_20439
OG0005909	YEAST01623	LYTVA_21799
OG0005919	YEAST06039	LYTVA_11082
OG0005921	YEAST01856	LYTVA_04979
OG0005922	YEAST03364	LYTVA_01669
OG0005925	YEAST05583	LYTVA_23459, LYTVA_06907
OG0005928	YEAST02001	LYTVA_12739
OG0005932	YEAST02495	LYTVA_08514
OG0005940	YEAST04035	LYTVA_29936
OG0005943	YEAST00579	LYTVA_22458
OG0005944	YEAST01316	LYTVA_09413
OG0005946	YEAST05608	LYTVA_01427
OG0005949	YEAST06253	LYTVA_10384, LYTVA_05162
OG0005952	YEAST03507	LYTVA_17037
OG0005955	YEAST00616	LYTVA_05398, LYTVA_05388
OG0005960	YEAST04608	LYTVA_11624
OG0005961	YEAST00672	LYTVA_08515
OG0005966	YEAST04113	LYTVA_13151
OG0005968	YEAST05417	LYTVA_28809, LYTVA_21469
OG0005970	YEAST05328	LYTVA_25945
OG0005974	YEAST06068	LYTVA_06635
OG0005976	YEAST02136	LYTVA_02397
OG0005978	YEAST01891	LYTVA_01508
OG0005980	YEAST06132	LYTVA_04977
OG0005984	YEAST04078, YEAST01479	LYTVA_11061
OG0005985	YEAST00726	LYTVA_27703
OG0005987	YEAST05748	LYTVA_11885
OG0005989	YEAST04850	LYTVA_09025
OG0005991	YEAST06034	LYTVA_03669
OG0005993	YEAST04496	LYTVA_25557
OG0005995	YEAST01813	LYTVA_00158, LYTVA_27679
OG0005996	YEAST02670	LYTVA_05056, LYTVA_28237, LYTVA_28138, LYTVA_13646
OG0005998	YEAST04034	LYTVA_09503
OG0006001	YEAST02335	LYTVA_08499
OG0006005	YEAST05024	LYTVA_19078
OG0006011	YEAST02553	LYTVA_02858
OG0006059	YEAST03490	LYTVA_29231, LYTVA_24599
OG0006063	YEAST00475	LYTVA_24714, LYTVA_04813
OG0006064	YEAST03138	LYTVA_21245
OG0006065	YEAST06018	LYTVA_02603, LYTVA_14093
OG0006069	YEAST00670	LYTVA_15424, LYTVA_22313
OG0006071	YEAST02732	LYTVA_06703
OG0006072	YEAST03317	LYTVA_08125
OG0006074	YEAST00045	LYTVA_06317
OG0006079	YEAST05794	LYTVA_19299
OG0006084	YEAST02308	LYTVA_03984, LYTVA_09057
OG0006087	YEAST02260	LYTVA_18008
OG0006090	YEAST03852	LYTVA_03604
OG0006095	YEAST03334	LYTVA_10853
OG0006098	YEAST06192	LYTVA_22365
OG0006103	YEAST01110	LYTVA_29588
OG0006104	YEAST03697	LYTVA_10546
OG0006106	YEAST00295	LYTVA_02926
OG0006113	YEAST06164	LYTVA_05051
OG0006114	YEAST05960	LYTVA_10473, LYTVA_25053
OG0006115	YEAST01346	LYTVA_27463
OG0006116	YEAST05770	LYTVA_27235, LYTVA_06464
OG0006117	YEAST05899	LYTVA_27244
OG0006122	YEAST05199	LYTVA_04659, LYTVA_10846, LYTVA_27299
OG0006127	YEAST04711	LYTVA_18329
OG0006134	YEAST00416	LYTVA_15355
OG0006135	YEAST00161	LYTVA_08555
OG0006136	YEAST05740	LYTVA_13009
OG0006140	YEAST05182	LYTVA_08265
OG0006144	YEAST04770	LYTVA_24031, LYTVA_24305
OG0006145	YEAST01394	LYTVA_21368
OG0006152	YEAST03796	LYTVA_06919
OG0006155	YEAST04800	LYTVA_00694, LYTVA_03469
OG0006156	YEAST00437	LYTVA_16773
OG0006157	YEAST02465	LYTVA_09464, LYTVA_00195, LYTVA_17549, LYTVA_25982
OG0006159	YEAST06098	LYTVA_03345
OG0006160	YEAST01548	LYTVA_03489
OG0006161	YEAST04301	LYTVA_27508
OG0006168	YEAST01411	LYTVA_04359
OG0006169	YEAST02933	LYTVA_04789
OG0006176	YEAST03164	LYTVA_16691, LYTVA_26008
OG0006177	YEAST01871, YEAST01295	LYTVA_27891
OG0006180	YEAST00504	LYTVA_23322
OG0006185	YEAST05986	LYTVA_06858
OG0006186	YEAST01010	LYTVA_29152
OG0006188	YEAST05311	LYTVA_16418
OG0006189	YEAST00844, YEAST06269	LYTVA_29896
OG0006191	YEAST02336	LYTVA_01224
OG0006192	YEAST06153	LYTVA_12518
OG0006196	YEAST03954	LYTVA_08398, LYTVA_07816, LYTVA_02015
OG0006199	YEAST06121	LYTVA_14501
OG0006200	YEAST05079	LYTVA_11343, LYTVA_11344
OG0006202	YEAST00362	LYTVA_22359
OG0006204	YEAST02271	LYTVA_08879, LYTVA_08880
OG0006209	YEAST04555	LYTVA_24210
OG0006210	YEAST00201	LYTVA_22429
OG0006213	YEAST03554	LYTVA_13202
OG0006214	YEAST04089	LYTVA_24527, LYTVA_03579
OG0006216	YEAST01089	LYTVA_18233
OG0006217	YEAST00809	LYTVA_00503
OG0006224	YEAST02751, YEAST03048	LYTVA_01497
OG0006225	YEAST04875	LYTVA_08304
OG0006227	YEAST00128	LYTVA_28417
OG0006229	YEAST00143	LYTVA_30192
OG0006230	YEAST03869	LYTVA_00537
OG0006233	YEAST04247	LYTVA_28768, LYTVA_06160
OG0006237	YEAST02126	LYTVA_21082
OG0006240	YEAST04649	LYTVA_24901
OG0006245	YEAST05732	LYTVA_19353
OG0006247	YEAST04977	LYTVA_07282
OG0006249	YEAST00821	LYTVA_20075
OG0006250	YEAST05424	LYTVA_10575
OG0006251	YEAST04963	LYTVA_22113
OG0006255	YEAST03350	LYTVA_18641
OG0006259	YEAST05672	LYTVA_12249
OG0006260	YEAST04100	LYTVA_24680
OG0006263	YEAST02521	LYTVA_05073, LYTVA_30238
OG0006269	YEAST03069	LYTVA_15934
OG0006271	YEAST00375	LYTVA_00237, LYTVA_22321, LYTVA_19165
OG0006275	YEAST06102	LYTVA_06690
OG0006279	YEAST04402	LYTVA_00639
OG0006280	YEAST04541	LYTVA_19738
OG0006281	YEAST04979	LYTVA_10059
OG0006283	YEAST00229	LYTVA_14837
OG0006284	YEAST04213	LYTVA_13767
OG0006288	YEAST02860	LYTVA_02481
OG0006289	YEAST06209	LYTVA_24452
OG0006293	YEAST05380	LYTVA_10380
OG0006294	YEAST04000	LYTVA_29965
OG0006295	YEAST05360	LYTVA_15601
OG0006302	YEAST01852	LYTVA_12764
OG0006311	YEAST01145	LYTVA_02260
OG0006313	YEAST02392	LYTVA_29847
OG0006315	YEAST00489	LYTVA_03118
OG0006317	YEAST02082	LYTVA_18482
OG0006319	YEAST01135	LYTVA_29168
OG0006320	YEAST04478	LYTVA_01264
OG0006322	YEAST00815	LYTVA_00779
OG0006329	YEAST01245	LYTVA_23431
OG0006332	YEAST06042	LYTVA_15890
OG0006334	YEAST00864	LYTVA_14718
OG0006339	YEAST06286	LYTVA_06468
OG0006340	YEAST00922, YEAST05387	LYTVA_15371
OG0006341	YEAST01452	LYTVA_19336
OG0006347	YEAST03436	LYTVA_07810, LYTVA_08976
OG0006350	YEAST00452	LYTVA_23710
OG0006357	YEAST02650	LYTVA_14657, LYTVA_13374, LYTVA_16608
OG0006360	YEAST01556	LYTVA_03777
OG0006362	YEAST05722	LYTVA_26128
OG0006370	YEAST02350	LYTVA_04206
OG0006372	YEAST05423	LYTVA_21306
OG0006375	YEAST05198	LYTVA_06882
OG0006377	YEAST04974	LYTVA_15590
OG0006378	YEAST01924	LYTVA_22931, LYTVA_06148
OG0006381	YEAST01058	LYTVA_17000
OG0006382	YEAST03313	LYTVA_18772
OG0006385	YEAST04806	LYTVA_20203
OG0006387	YEAST05324	LYTVA_05267
OG0006392	YEAST01246	LYTVA_17324
OG0006395	YEAST03605	LYTVA_00686
OG0006396	YEAST02453	LYTVA_07105
OG0006398	YEAST04420, YEAST03553	LYTVA_04064, LYTVA_28542
OG0006407	YEAST02250	LYTVA_27289
OG0006447	YEAST03459	LYTVA_19506
OG0006448	YEAST00505, YEAST04285	LYTVA_05233, LYTVA_18934
OG0006449	YEAST02458	LYTVA_14385
OG0006456	YEAST06224	LYTVA_06983
OG0006459	YEAST00972, YEAST00245	LYTVA_17229
OG0006461	YEAST05346	LYTVA_16875
OG0006462	YEAST01838	LYTVA_25038
OG0006464	YEAST05965	LYTVA_09677
OG0006465	YEAST01875	LYTVA_24854
OG0006470	YEAST01306	LYTVA_03499, LYTVA_17710
OG0006474	YEAST03988	LYTVA_05368
OG0006475	YEAST06223, YEAST00349	LYTVA_25848
OG0006476	YEAST00315	LYTVA_26882, LYTVA_25653
OG0006479	YEAST05669	LYTVA_26821
OG0006488	YEAST02614	LYTVA_20193
OG0006498	YEAST02291	LYTVA_28147
OG0006503	YEAST06053	LYTVA_26898, LYTVA_05750
OG0006504	YEAST02866	LYTVA_09504
OG0006509	YEAST02252	LYTVA_15412
OG0006512	YEAST04169	LYTVA_30128
OG0006514	YEAST05820	LYTVA_01073
OG0006516	YEAST02248	LYTVA_11733
OG0006520	YEAST05914	LYTVA_21292
OG0006523	YEAST04170	LYTVA_08627
OG0006528	YEAST02276	LYTVA_09484
OG0006532	YEAST05019	LYTVA_17206, LYTVA_14261
OG0006533	YEAST00790	LYTVA_27011, LYTVA_15714
OG0006536	YEAST05130	LYTVA_00601
OG0006538	YEAST02168	LYTVA_09279, LYTVA_09562
OG0006543	YEAST03219	LYTVA_04135
OG0006544	YEAST06160	LYTVA_14693
OG0006550	YEAST05541	LYTVA_13032
OG0006552	YEAST02016	LYTVA_26407, LYTVA_24481
OG0006553	YEAST05825	LYTVA_29930
OG0006554	YEAST04136	LYTVA_12888
OG0006561	YEAST00874	LYTVA_24027
OG0006564	YEAST05934	LYTVA_17098
OG0006568	YEAST03560	LYTVA_06190
OG0006569	YEAST02940	LYTVA_03300
OG0006571	YEAST00795	LYTVA_08745, LYTVA_10211
OG0006574	YEAST06163	LYTVA_00840
OG0006578	YEAST00813	LYTVA_22950
OG0006580	YEAST04957	LYTVA_10761
OG0006582	YEAST04615	LYTVA_13105
OG0006584	YEAST01846	LYTVA_16648, LYTVA_29363, LYTVA_01051
OG0006589	YEAST04474	LYTVA_06627
OG0006595	YEAST05577	LYTVA_09564
OG0006596	YEAST03312	LYTVA_20385
OG0006598	YEAST02580	LYTVA_06758
OG0006602	YEAST06259	LYTVA_05608
OG0006603	YEAST05721	LYTVA_08641, LYTVA_04115
OG0006604	YEAST01597	LYTVA_12633
OG0006607	YEAST05258	LYTVA_15137
OG0006609	YEAST04231	LYTVA_22539, LYTVA_17868
OG0006610	YEAST04593	LYTVA_13093
OG0006611	YEAST02395	LYTVA_27380
OG0006613	YEAST00490	LYTVA_10927
OG0006615	YEAST02695	LYTVA_28757
OG0006619	YEAST03691	LYTVA_15850
OG0006622	YEAST04382	LYTVA_03022
OG0006625	YEAST05905	LYTVA_28210, LYTVA_28205
OG0006627	YEAST01553	LYTVA_27904, LYTVA_23869
OG0006630	YEAST05584	LYTVA_19052
OG0006631	YEAST01419, YEAST04493	LYTVA_04170
OG0006633	YEAST05580	LYTVA_27702
OG0006636	YEAST06190	LYTVA_25039
OG0006637	YEAST06011	LYTVA_27827
OG0006651	YEAST03308	LYTVA_15341
OG0006655	YEAST04609	LYTVA_26567
OG0006658	YEAST03323	LYTVA_06859
OG0006662	YEAST02707	LYTVA_17398, LYTVA_22679
OG0006663	YEAST04538	LYTVA_20322
OG0006664	YEAST04769	LYTVA_14742, LYTVA_25776
OG0006668	YEAST00040	LYTVA_18468
OG0006669	YEAST05379	LYTVA_22893, LYTVA_02320
OG0006678	YEAST03428	LYTVA_15419, LYTVA_15428
OG0006681	YEAST02774	LYTVA_17496, LYTVA_30119
OG0006688	YEAST02298	LYTVA_14540
OG0006691	YEAST06141	LYTVA_07985
OG0006692	YEAST04243	LYTVA_23399
OG0006694	YEAST04074	LYTVA_24646, LYTVA_15455
OG0006703	YEAST04919	LYTVA_11046
OG0006704	YEAST02241	LYTVA_21918, LYTVA_05361
OG0006706	YEAST01312	LYTVA_06256
OG0006707	YEAST04448	LYTVA_21353, LYTVA_05353
OG0006712	YEAST01297	LYTVA_17236
OG0006716	YEAST01688	LYTVA_15879
OG0006722	YEAST05928	LYTVA_11244
OG0006725	YEAST05141	LYTVA_04515
OG0006726	YEAST01310	LYTVA_14167
OG0006728	YEAST01819	LYTVA_22872
OG0006730	YEAST06066	LYTVA_26842, LYTVA_09573
OG0006732	YEAST05092	LYTVA_27994
OG0006736	YEAST03708, YEAST02845	LYTVA_29486
OG0006741	YEAST00908	LYTVA_07167
OG0006752	YEAST01605	LYTVA_28315
OG0006753	YEAST06210	LYTVA_13933
OG0006757	YEAST02585	LYTVA_23576
OG0006758	YEAST00132	LYTVA_06304
OG0006766	YEAST01711	LYTVA_28194
OG0006769	YEAST04955	LYTVA_29698
OG0006772	YEAST05602	LYTVA_12214, LYTVA_14428
OG0006775	YEAST01095	LYTVA_15090
OG0006776	YEAST02455	LYTVA_22877
OG0006777	YEAST05242	LYTVA_13418
OG0006826	YEAST03748	LYTVA_11589
OG0006830	YEAST02320	LYTVA_03690
OG0006838	YEAST01244	LYTVA_08816
OG0006846	YEAST04146	LYTVA_05173
OG0006853	YEAST03500	LYTVA_07171
OG0006860	YEAST03798	LYTVA_03678
OG0006867	YEAST03341	LYTVA_03041, LYTVA_04798
OG0006869	YEAST01706	LYTVA_28620, LYTVA_01897
OG0006874	YEAST03449	LYTVA_28249
OG0006876	YEAST00384	LYTVA_02849
OG0006887	YEAST01983	LYTVA_13116
OG0006888	YEAST00485	LYTVA_00517, LYTVA_00518
OG0006890	YEAST02034	LYTVA_18386
OG0006892	YEAST04820	LYTVA_15888, LYTVA_26192
OG0006894	YEAST01360	LYTVA_09646
OG0006901	YEAST05480	LYTVA_26182
OG0006906	YEAST00746	LYTVA_06059, LYTVA_24234
OG0006918	YEAST05610	LYTVA_08198
OG0006924	YEAST04308	LYTVA_28512
OG0006934	YEAST02053	LYTVA_28488
OG0006935	YEAST02014	LYTVA_00871, LYTVA_12955
OG0006936	YEAST06114	LYTVA_18797
OG0006937	YEAST05537	LYTVA_10646
OG0006938	YEAST02536	LYTVA_24454
OG0006939	YEAST01033	LYTVA_09864
OG0006940	YEAST05163	LYTVA_03459, LYTVA_25735
OG0006942	YEAST00190	LYTVA_27753
OG0006943	YEAST02583	LYTVA_03946, LYTVA_08311
OG0006949	YEAST00975, YEAST00256	LYTVA_21246
OG0006953	YEAST02903, YEAST04751, YEAST05739	LYTVA_06163, LYTVA_00099
OG0006964	YEAST05995	LYTVA_06159
OG0006966	YEAST02544	LYTVA_20757
OG0006967	YEAST06235	LYTVA_21312
OG0006968	YEAST03972	LYTVA_08012
OG0006971	YEAST00044	LYTVA_20324
OG0006973	YEAST03793	LYTVA_29631
OG0006975	YEAST02322	LYTVA_12975
OG0006977	YEAST06248	LYTVA_13712
OG0006985	YEAST03215	LYTVA_25748
OG0006989	YEAST04914	LYTVA_20012
OG0006991	YEAST05066	LYTVA_02424
OG0006992	YEAST04657	LYTVA_18795
OG0006994	YEAST05554	LYTVA_20166
OG0006995	YEAST06048	LYTVA_16401
OG0006997	YEAST00664	LYTVA_17736
OG0006999	YEAST03874	LYTVA_28772
OG0007003	YEAST01840	LYTVA_05469
OG0007005	YEAST03907	LYTVA_24522
OG0007009	YEAST05645	LYTVA_21384
OG0007012	YEAST05361	LYTVA_14288
OG0007013	YEAST05971	LYTVA_08506
OG0007020	YEAST00663	LYTVA_13475
OG0007024	YEAST01864	LYTVA_19875
OG0007028	YEAST06312	LYTVA_14210
OG0007029	YEAST05619	LYTVA_04037
OG0007030	YEAST05712	LYTVA_01479, LYTVA_10244
OG0007033	YEAST04002	LYTVA_03101, LYTVA_13194
OG0007036	YEAST04799	LYTVA_23010
OG0007043	YEAST02072, YEAST01064	LYTVA_28853
OG0007045	YEAST01113	LYTVA_13338
OG0007046	YEAST04826	LYTVA_19166, LYTVA_13334
OG0007049	YEAST05930	LYTVA_03854
OG0007053	YEAST05898	LYTVA_18588
OG0007055	YEAST02593	LYTVA_09990
OG0007057	YEAST05673	LYTVA_15614, LYTVA_29163
OG0007061	YEAST03247	LYTVA_00448
OG0007063	YEAST04650	LYTVA_03435, LYTVA_04569
OG0007071	YEAST02162	LYTVA_30209
OG0007073	YEAST03946	LYTVA_27421
OG0007084	YEAST05527	LYTVA_15149
OG0007092	YEAST01811	LYTVA_30009
OG0007093	YEAST01923	LYTVA_02317
OG0007095	YEAST02581	LYTVA_26694
OG0007097	YEAST01699	LYTVA_18947
OG0007106	YEAST00202	LYTVA_18310
OG0007112	YEAST05597	LYTVA_21113, LYTVA_17175
OG0007114	YEAST03493	LYTVA_10798
OG0007118	YEAST01120	LYTVA_06751
OG0007120	YEAST04248	LYTVA_01280
OG0007121	YEAST05746	LYTVA_23219
OG0007131	YEAST05874	LYTVA_16333
OG0007132	YEAST06078	LYTVA_07096, LYTVA_10959
OG0007137	YEAST00797	LYTVA_09390
OG0007138	YEAST04319	LYTVA_03653
OG0007139	YEAST05259	LYTVA_25562
OG0007143	YEAST02636	LYTVA_15805
OG0007144	YEAST04135	LYTVA_10155
OG0007150	YEAST00900	LYTVA_25594, LYTVA_18677
OG0007154	YEAST01439	LYTVA_07855, LYTVA_07854
OG0007164	YEAST05557	LYTVA_21647
OG0007165	YEAST04228, YEAST02514	LYTVA_27280
OG0007166	YEAST05384	LYTVA_08751, LYTVA_25662
OG0007168	YEAST02929	LYTVA_13106
OG0007182	YEAST00042	LYTVA_13310
OG0007186	YEAST00761	LYTVA_19820
OG0007192	YEAST00860	LYTVA_12538
OG0007201	YEAST01721	LYTVA_25108
OG0007249	YEAST00344	LYTVA_04104
OG0007254	YEAST00328	LYTVA_17075
OG0007258	YEAST02867	LYTVA_04807
OG0007264	YEAST04093	LYTVA_15357
OG0007274	YEAST04165, YEAST05634	LYTVA_00331
OG0007282	YEAST04912	LYTVA_20254
OG0007303	YEAST05207	LYTVA_10989
OG0007307	YEAST05606	LYTVA_18744
OG0007313	YEAST02047	LYTVA_02867
OG0007317	YEAST04084	LYTVA_22574
OG0007321	YEAST05016	LYTVA_14764
OG0007322	YEAST01090	LYTVA_23565
OG0007325	YEAST03249	LYTVA_13185, LYTVA_25303
OG0007330	YEAST00633	LYTVA_26367
OG0007332	YEAST02451	LYTVA_10319
OG0007336	YEAST03606	LYTVA_26129
OG0007341	YEAST00183	LYTVA_06630
OG0007342	YEAST03859	LYTVA_13753
OG0007343	YEAST00383	LYTVA_03841
OG0007347	YEAST02066	LYTVA_01386
OG0007349	YEAST01492	LYTVA_12788
OG0007354	YEAST03378	LYTVA_23171
OG0007355	YEAST02682	LYTVA_09986
OG0007361	YEAST02394	LYTVA_06556
OG0007363	YEAST05519	LYTVA_06669
OG0007364	YEAST01959	LYTVA_15849
OG0007367	YEAST01013	LYTVA_04852
OG0007371	YEAST04970	LYTVA_08968
OG0007376	YEAST02976	LYTVA_19972
OG0007379	YEAST00967	LYTVA_05996, LYTVA_05995
OG0007380	YEAST00785, YEAST00666	LYTVA_29427
OG0007382	YEAST01108	LYTVA_04728
OG0007387	YEAST06326	LYTVA_11399
OG0007393	YEAST01116	LYTVA_16834
OG0007394	YEAST05998	LYTVA_29547
OG0007395	YEAST00603	LYTVA_10851
OG0007397	YEAST03512	LYTVA_06439
OG0007399	YEAST02279	LYTVA_24113
OG0007401	YEAST03451	LYTVA_25998, LYTVA_24442
OG0007408	YEAST03401	LYTVA_17573
OG0007409	YEAST05329	LYTVA_06962
OG0007412	YEAST04822	LYTVA_13953
OG0007414	YEAST01970	LYTVA_02207
OG0007415	YEAST01948	LYTVA_24128, LYTVA_22964
OG0007417	YEAST04175	LYTVA_01637
OG0007421	YEAST00762	LYTVA_21519
OG0007424	YEAST05463	LYTVA_28915
OG0007425	YEAST06135	LYTVA_25706
OG0007428	YEAST01536	LYTVA_18257
OG0007439	YEAST01063	LYTVA_15776
OG0007446	YEAST04647	LYTVA_20327
OG0007451	YEAST02017	LYTVA_21924, LYTVA_18802
OG0007454	YEAST01359	LYTVA_28426
OG0007456	YEAST00931	LYTVA_23476
OG0007458	YEAST02196	LYTVA_22841
OG0007460	YEAST04891	LYTVA_08625
OG0007466	YEAST00806	LYTVA_10130
OG0007473	YEAST03408	LYTVA_05234
OG0007478	YEAST02470	LYTVA_19699
OG0007482	YEAST05783	LYTVA_29492
OG0007483	YEAST01187	LYTVA_15083
OG0007484	YEAST00517	LYTVA_07505
OG0007499	YEAST03994	LYTVA_14874
OG0007504	YEAST02642	LYTVA_16801
OG0007509	YEAST03229	LYTVA_00585, LYTVA_20658
OG0007528	YEAST02438	LYTVA_17660, LYTVA_13424
OG0007591	YEAST02623	LYTVA_15821
OG0007597	YEAST05244	LYTVA_04975
OG0007605	YEAST04509	LYTVA_23223
OG0007615	YEAST05127	LYTVA_01668
OG0007618	YEAST02486	LYTVA_17818
OG0007619	YEAST04342	LYTVA_16958
OG0007624	YEAST03901	LYTVA_26685
OG0007645	YEAST05586	LYTVA_22625
OG0007646	YEAST05572	LYTVA_11672
OG0007648	YEAST03775	LYTVA_16410
OG0007656	YEAST02935	LYTVA_03488
OG0007657	YEAST01213	LYTVA_24805
OG0007663	YEAST01133	LYTVA_06307
OG0007673	YEAST04892	LYTVA_06130
OG0007676	YEAST01965	LYTVA_12495
OG0007685	YEAST00976	LYTVA_02760
OG0007690	YEAST00054	LYTVA_28416
OG0007692	YEAST05386	LYTVA_24951
OG0007701	YEAST04394	LYTVA_21781
OG0007703	YEAST03290	LYTVA_27223, LYTVA_22526
OG0007704	YEAST01687	LYTVA_08360
OG0007712	YEAST02916	LYTVA_10828
OG0007722	YEAST06130	LYTVA_18125
OG0007727	YEAST01129	LYTVA_12845, LYTVA_28212
OG0007739	YEAST04408	LYTVA_25107
OG0007744	YEAST04303	LYTVA_19072
OG0007749	YEAST02144	LYTVA_25973
OG0007751	YEAST03046	LYTVA_20108
OG0007754	YEAST03550	LYTVA_02556, LYTVA_22115
OG0007758	YEAST04336	LYTVA_02245
OG0007760	YEAST02821	LYTVA_22853
OG0007766	YEAST03772, YEAST02908	LYTVA_16803
OG0007767	YEAST03177	LYTVA_18171
OG0007769	YEAST02589	LYTVA_15736
OG0007772	YEAST05211	LYTVA_28492
OG0007773	YEAST05609	LYTVA_28425
OG0007783	YEAST03579	LYTVA_18320
OG0007784	YEAST01170	LYTVA_09607
OG0007786	YEAST01347	LYTVA_30038
OG0007787	YEAST03458	LYTVA_17596, LYTVA_14314
OG0007801	YEAST02556, YEAST00332	LYTVA_25330
OG0007803	YEAST00818	LYTVA_01593
OG0007810	YEAST06278	LYTVA_14635
OG0007816	YEAST00605	LYTVA_20731
OG0007823	YEAST03887	LYTVA_16470
OG0007825	YEAST05054	LYTVA_10012
OG0007827	YEAST01279	LYTVA_28200
OG0007829	YEAST02649	LYTVA_07496, LYTVA_18844
OG0007830	YEAST03594	LYTVA_21502
OG0007831	YEAST03693	LYTVA_18643
OG0007838	YEAST04312	LYTVA_02755
OG0007840	YEAST02829	LYTVA_25217
OG0007843	YEAST04794	LYTVA_19142, LYTVA_10686
OG0007848	YEAST03711	LYTVA_21280
OG0007849	YEAST01915	LYTVA_16742
OG0007850	YEAST01418	LYTVA_11256
OG0007866	YEAST06036	LYTVA_29112
OG0007912	YEAST04725	LYTVA_21780
OG0007942	YEAST03545	LYTVA_02894
OG0007943	YEAST03288	LYTVA_23768
OG0007947	YEAST02420	LYTVA_18731
OG0007958	YEAST01011	LYTVA_21325
OG0007975	YEAST01243	LYTVA_06387
OG0007976	YEAST02259	LYTVA_13154
OG0007986	YEAST01263	LYTVA_07433, LYTVA_01799
OG0007991	YEAST02341	LYTVA_08633
OG0007993	YEAST00089	LYTVA_13051, LYTVA_05314
OG0007995	YEAST03463	LYTVA_26873
OG0007998	YEAST00688	LYTVA_09482, LYTVA_23806
OG0008008	YEAST02355	LYTVA_16089
OG0008020	YEAST05433	LYTVA_13930
OG0008030	YEAST00039	LYTVA_03976
OG0008038	YEAST05601	LYTVA_17026
OG0008042	YEAST04557, YEAST00839	LYTVA_21358, LYTVA_14078
OG0008053	YEAST05804	LYTVA_19326
OG0008055	YEAST05224	LYTVA_23231
OG0008069	YEAST00959	LYTVA_23137
OG0008072	YEAST00552	LYTVA_03849
OG0008079	YEAST03108	LYTVA_20493
OG0008085	YEAST04107	LYTVA_02942
OG0008100	YEAST03959	LYTVA_27720
OG0008103	YEAST05352	LYTVA_11735
OG0008104	YEAST06240	LYTVA_16469
OG0008110	YEAST00121	LYTVA_29515
OG0008111	YEAST06004, YEAST05693	LYTVA_17929
OG0008115	YEAST05684, YEAST06009	LYTVA_10998
OG0008122	YEAST01663	LYTVA_00681
OG0008136	YEAST02756	LYTVA_14477, LYTVA_14048
OG0008196	YEAST03623	LYTVA_21241
OG0008201	YEAST01163	LYTVA_12601
OG0008202	YEAST06186	LYTVA_03218
OG0008208	YEAST04341	LYTVA_19071
OG0008244	YEAST04999	LYTVA_13153
OG0008254	YEAST04740	LYTVA_07719
OG0008267	YEAST02722	LYTVA_07910
OG0008273	YEAST00628	LYTVA_15469, LYTVA_11433
OG0008275	YEAST05358	LYTVA_16000
OG0008307	YEAST01285	LYTVA_11174
OG0008323	YEAST05718	LYTVA_24411
OG0008332	YEAST03366	LYTVA_15415
OG0008339	YEAST03286	LYTVA_12223
OG0008346	YEAST01382	LYTVA_14453
OG0008351	YEAST01276	LYTVA_19823
OG0008401	YEAST02115	LYTVA_17404
OG0008403	YEAST01318	LYTVA_10992
OG0008404	YEAST02842	LYTVA_04357
OG0008432	YEAST01317	LYTVA_02153
OG0008524	YEAST02216	LYTVA_14325
OG0008540	YEAST02219	LYTVA_14448
OG0008542	YEAST00506	LYTVA_01792
OG0008582	YEAST04883	LYTVA_03893
OG0008602	YEAST04166	LYTVA_18709
OG0008620	YEAST00843	LYTVA_25757
OG0008626	YEAST03306	LYTVA_22858
OG0008654	YEAST03590	LYTVA_25065
OG0008664	YEAST05851	LYTVA_26861
OG0008681	YEAST04884	LYTVA_25571, LYTVA_25570
OG0008789	YEAST05903	LYTVA_14608
OG0008794	YEAST01976, YEAST00168, YEAST00957	LYTVA_15613
OG0008816	YEAST01954	LYTVA_24032
OG0008818	YEAST00271	LYTVA_08955
OG0008861	YEAST04983	LYTVA_22428
OG0008872	YEAST03799	LYTVA_24674
OG0008879	YEAST05579	LYTVA_30173, LYTVA_04198
OG0008887	YEAST00387	LYTVA_09051
OG0008923	YEAST01739	LYTVA_17052, LYTVA_14228
OG0009066	YEAST04511	LYTVA_28154
OG0009099	YEAST05709	LYTVA_07676
OG0009118	YEAST03618	LYTVA_03636
OG0009165	YEAST05085, YEAST01742	LYTVA_24801
OG0009166	YEAST03055	LYTVA_25516
OG0009172	YEAST02854	LYTVA_21612
OG0009182	YEAST03621	LYTVA_00424
OG0009225	YEAST01052	LYTVA_02705
OG0009232	YEAST04731	LYTVA_18060
OG0009311	YEAST00623	LYTVA_02831
OG0009315	YEAST04722	LYTVA_11717, LYTVA_07021
OG0009361	YEAST02727	LYTVA_10764
OG0009394	YEAST04927	LYTVA_00425
OG0009451	YEAST05755, YEAST04763	LYTVA_12555, LYTVA_19985
OG0009472	YEAST01737	LYTVA_18782, LYTVA_06110
OG0009497	YEAST03830	LYTVA_17785
OG0009555	YEAST03831	LYTVA_28453
OG0009582	YEAST04984	LYTVA_17187
OG0009630	YEAST02852	LYTVA_25245
OG0009651	YEAST04775	LYTVA_08655, LYTVA_06936
OG0009654	YEAST04221	LYTVA_29751
OG0009920	YEAST05355	LYTVA_27980, LYTVA_25357
OG0010054	YEAST01026	LYTVA_01098
OG0010139	YEAST01045	LYTVA_25223
OG0010229	YEAST00880, YEAST04666, YEAST04383	LYTVA_11169
OG0010271	YEAST03656	LYTVA_09157
OG0010323	YEAST04943	LYTVA_21336
OG0010369	YEAST01224	LYTVA_08144
OG0010481	YEAST01854	LYTVA_26433
OG0010491	YEAST04603	LYTVA_22827, LYTVA_18824
OG0010841	YEAST05695	LYTVA_10221
OG0010858	YEAST04030, YEAST05272	LYTVA_06270
OG0010980	YEAST00370	LYTVA_19495
OG0011272	YEAST04075	LYTVA_16651
OG0011737	YEAST00219	LYTVA_20169
OG0012188	YEAST02442	LYTVA_19318, LYTVA_19315
OG0012498	YEAST04109	LYTVA_15982
OG0012922	YEAST02277	LYTVA_02677
OG0013796	YEAST05401	LYTVA_00443
OG0015999	YEAST05348, YEAST04920	LYTVA_01612
OG0017286	YEAST01130	LYTVA_02856
OG0017605	YEAST01334, YEAST02966	LYTVA_27106
OG0018378	YEAST03228, YEAST05359	LYTVA_00156
OG0044231	YEAST05121	LYTVA_01099
