Orthogroup	YEAST	AENJA_ok
OG0000000	YEAST00701	AENJA_00110, AENJA_23461, AENJA_26081, AENJA_24355, AENJA_09148, AENJA_23544, AENJA_09172, AENJA_06471, AENJA_01537, AENJA_00111, AENJA_09519, AENJA_01531, AENJA_05531, AENJA_07481, AENJA_25905, AENJA_15854, AENJA_12748, AENJA_15858, AENJA_15855, AENJA_12751, AENJA_05807, AENJA_05798, AENJA_15859, AENJA_15861, AENJA_05799, AENJA_22692, AENJA_20015
OG0000000	YEAST04484	AENJA_05805
OG0000006	YEAST01430	AENJA_11699, AENJA_18239, AENJA_21365, AENJA_22159
OG0000007	YEAST00671	AENJA_07512, AENJA_11851
OG0000007	YEAST01568, YEAST05134	AENJA_11277
OG0000011	YEAST02600, YEAST01619	AENJA_16502, AENJA_19273, AENJA_01290, AENJA_08483, AENJA_20159, AENJA_01152, AENJA_04598, AENJA_03543, AENJA_24193, AENJA_17587, AENJA_15118, AENJA_06710, AENJA_08607, AENJA_10319, AENJA_18099, AENJA_11078, AENJA_01925, AENJA_24659, AENJA_13168, AENJA_25796, AENJA_10554, AENJA_20178, AENJA_19192, AENJA_02877, AENJA_17352, AENJA_20291, AENJA_06516, AENJA_22650, AENJA_14414, AENJA_17241, AENJA_22685, AENJA_26020, AENJA_21439, AENJA_21547, AENJA_23170, AENJA_23691, AENJA_08871, AENJA_09595, AENJA_20150, AENJA_13507, AENJA_21384, AENJA_24664, AENJA_01682, AENJA_22850, AENJA_21026, AENJA_26050, AENJA_09100, AENJA_24133, AENJA_12015, AENJA_00474, AENJA_17934, AENJA_02962, AENJA_15977, AENJA_12186
OG0000013	YEAST04082	AENJA_14640, AENJA_11516, AENJA_23415
OG0000014	YEAST03484, YEAST05078, YEAST05334, YEAST05768	AENJA_09518, AENJA_09012, AENJA_17358, AENJA_16625, AENJA_12276, AENJA_23299, AENJA_25536, AENJA_02819, AENJA_17724, AENJA_13039, AENJA_13036, AENJA_17723, AENJA_02820, AENJA_17722, AENJA_02818
OG0000016	YEAST03839, YEAST02807, YEAST03817	AENJA_04784, AENJA_04814, AENJA_14549, AENJA_07664, AENJA_15459, AENJA_26670
OG0000016	YEAST03870, YEAST01103	AENJA_11513
OG0000031	YEAST02238	AENJA_15821, AENJA_09856, AENJA_09858, AENJA_20966, AENJA_08759, AENJA_10722, AENJA_02955, AENJA_05740, AENJA_14258, AENJA_15917, AENJA_14260, AENJA_15028
OG0000034	YEAST04436, YEAST05550, YEAST05115	AENJA_09849, AENJA_02790, AENJA_09850, AENJA_21749, AENJA_26717, AENJA_09845, AENJA_02791, AENJA_23686, AENJA_13785, AENJA_15701, AENJA_24919, AENJA_16616
OG0000036	YEAST02545, YEAST02806	AENJA_22120, AENJA_22191, AENJA_22190, AENJA_26206, AENJA_19267, AENJA_16633, AENJA_06167, AENJA_03477, AENJA_19964, AENJA_15639, AENJA_09986, AENJA_15638, AENJA_15641, AENJA_15644, AENJA_21299, AENJA_21302, AENJA_21301, AENJA_09983, AENJA_16634, AENJA_26207, AENJA_16107
OG0000037	YEAST03227	AENJA_19419, AENJA_19141, AENJA_21842, AENJA_00885, AENJA_06908, AENJA_02989, AENJA_17768, AENJA_10696, AENJA_20944, AENJA_05483, AENJA_06274, AENJA_13632, AENJA_06403, AENJA_22611, AENJA_22610
OG0000038	YEAST04422, YEAST04379	AENJA_09926, AENJA_09925, AENJA_05691, AENJA_00416, AENJA_26313, AENJA_05694, AENJA_05695, AENJA_05692, AENJA_02876, AENJA_05698, AENJA_09724, AENJA_16130, AENJA_05693, AENJA_05697, AENJA_05700, AENJA_05696, AENJA_05701
OG0000043	YEAST00224, YEAST01200	AENJA_11260, AENJA_12781, AENJA_18038, AENJA_19392
OG0000048	YEAST05707	AENJA_11619, AENJA_23226, AENJA_21270, AENJA_21713, AENJA_09360, AENJA_16735, AENJA_16736, AENJA_25506
OG0000054	YEAST01385	AENJA_06676, AENJA_23371, AENJA_12232, AENJA_06677
OG0000055	YEAST01199, YEAST00225	AENJA_19390, AENJA_19388, AENJA_19387
OG0000058	YEAST02989	AENJA_23345
OG0000058	YEAST02120	AENJA_12354, AENJA_14024, AENJA_26534, AENJA_10634
OG0000069	YEAST03661	AENJA_15982
OG0000079	YEAST05330	AENJA_16186, AENJA_02482, AENJA_17442, AENJA_11789, AENJA_10507, AENJA_05095
OG0000082	YEAST04267, YEAST01834, YEAST03359	AENJA_25747
OG0000082	YEAST04992, YEAST00735	AENJA_11460
OG0000095	YEAST02993	AENJA_19114, AENJA_16573, AENJA_22915, AENJA_07479, AENJA_11792, AENJA_11795, AENJA_02518, AENJA_18173, AENJA_25126, AENJA_11793, AENJA_23676
OG0000096	YEAST02643	AENJA_25727
OG0000096	YEAST05104, YEAST05564	AENJA_21947, AENJA_08423, AENJA_09240, AENJA_14053
OG0000103	YEAST02873	AENJA_10812, AENJA_14367
OG0000113	YEAST00378, YEAST01351, YEAST05581	AENJA_14458, AENJA_02203, AENJA_09826
OG0000116	YEAST04456	AENJA_23563, AENJA_23564, AENJA_17822
OG0000122	YEAST04928	AENJA_09263, AENJA_26721, AENJA_14198, AENJA_09459, AENJA_22788
OG0000124	YEAST05021	AENJA_03116, AENJA_25792
OG0000124	YEAST04122	AENJA_09769, AENJA_03187
OG0000127	YEAST06208	AENJA_11132, AENJA_20308, AENJA_04153, AENJA_17569, AENJA_00497, AENJA_11687
OG0000128	YEAST01398, YEAST05967, YEAST05716	AENJA_21735
OG0000132	YEAST06016	AENJA_18042
OG0000137	YEAST01851, YEAST00637	AENJA_26083, AENJA_25528, AENJA_11173, AENJA_09533, AENJA_20614
OG0000142	YEAST02122	AENJA_25989, AENJA_18497, AENJA_26251, AENJA_06608, AENJA_26249, AENJA_21733, AENJA_26417, AENJA_16857, AENJA_18146
OG0000157	YEAST02851	AENJA_07142
OG0000158	YEAST05568	AENJA_06739, AENJA_12334
OG0000160	YEAST04194	AENJA_20383, AENJA_06959, AENJA_13005
OG0000175	YEAST00850, YEAST04327	AENJA_10259, AENJA_12556, AENJA_06264, AENJA_00936, AENJA_00556, AENJA_05120, AENJA_10260
OG0000179	YEAST01123, YEAST04430	AENJA_05305
OG0000179	YEAST02911, YEAST01281	AENJA_25279, AENJA_14465
OG0000179	YEAST04108, YEAST03346	AENJA_09174, AENJA_18216
OG0000181	YEAST00824, YEAST00771	AENJA_08843, AENJA_22272, AENJA_05116, AENJA_18867, AENJA_18892, AENJA_04368, AENJA_08840
OG0000186	YEAST00336	AENJA_22491, AENJA_16129, AENJA_06752, AENJA_06753, AENJA_16122, AENJA_22490
OG0000194	YEAST01410	AENJA_10642, AENJA_01834
OG0000195	YEAST03414	AENJA_16048, AENJA_12573, AENJA_10227, AENJA_02703
OG0000211	YEAST04964	AENJA_25447, AENJA_09895, AENJA_19821, AENJA_00791, AENJA_02934, AENJA_21143, AENJA_10795
OG0000221	YEAST05872	AENJA_18945, AENJA_16769, AENJA_12084
OG0000222	YEAST01460	AENJA_10919, AENJA_15540
OG0000225	YEAST06146	AENJA_04793, AENJA_18668
OG0000227	YEAST05815	AENJA_15989, AENJA_15987, AENJA_15991
OG0000228	YEAST04750	AENJA_00460, AENJA_20374, AENJA_10515
OG0000233	YEAST03726, YEAST03241, YEAST03242	AENJA_15984, AENJA_01071, AENJA_13806, AENJA_04371
OG0000238	YEAST06340, YEAST03834	AENJA_24755, AENJA_14161, AENJA_03329, AENJA_17228
OG0000240	YEAST03827	AENJA_19535, AENJA_20534, AENJA_20529, AENJA_20532
OG0000240	YEAST04973	AENJA_09344
OG0000242	YEAST00734	AENJA_14245, AENJA_12414, AENJA_02018, AENJA_25996
OG0000246	YEAST01746, YEAST01747	AENJA_23370, AENJA_10538, AENJA_10539, AENJA_20530, AENJA_11679, AENJA_05856, AENJA_05857, AENJA_05854, AENJA_23980, AENJA_21766
OG0000250	YEAST04716	AENJA_21466, AENJA_01564, AENJA_18922, AENJA_05431, AENJA_25579
OG0000255	YEAST02822	AENJA_11302, AENJA_23771, AENJA_05199, AENJA_03525, AENJA_17033, AENJA_10693, AENJA_10691, AENJA_10694, AENJA_20407, AENJA_04940, AENJA_17159, AENJA_07356
OG0000256	YEAST00266	AENJA_24528, AENJA_04595, AENJA_22679, AENJA_05370, AENJA_07601, AENJA_13004
OG0000258	YEAST00118	AENJA_04201, AENJA_21764, AENJA_08669
OG0000260	YEAST04323	AENJA_02917, AENJA_18084, AENJA_23444
OG0000265	YEAST03885, YEAST03714	AENJA_02918
OG0000272	YEAST02076, YEAST01066	AENJA_04696, AENJA_04697, AENJA_25855, AENJA_06572, AENJA_24245, AENJA_24884, AENJA_06955
OG0000274	YEAST02118, YEAST04573, YEAST01485	AENJA_08883, AENJA_19422, AENJA_13452, AENJA_15148, AENJA_15151, AENJA_06609, AENJA_16582, AENJA_02680, AENJA_09511, AENJA_09513, AENJA_09516, AENJA_20225
OG0000278	YEAST03847	AENJA_24084
OG0000278	YEAST04060	AENJA_12104
OG0000284	YEAST05621	AENJA_03153, AENJA_16460, AENJA_16457, AENJA_23940, AENJA_23553, AENJA_12800, AENJA_09635, AENJA_14116, AENJA_03847, AENJA_00883, AENJA_14484, AENJA_03142, AENJA_20326
OG0000289	YEAST00645	AENJA_13824, AENJA_25023, AENJA_15869, AENJA_15870
OG0000305	YEAST04899	AENJA_01524, AENJA_20012, AENJA_20013, AENJA_23458
OG0000308	YEAST02548	AENJA_23339, AENJA_15829, AENJA_04225, AENJA_18481
OG0000310	YEAST02635	AENJA_12510, AENJA_19334, AENJA_10979, AENJA_16718, AENJA_13920, AENJA_20912, AENJA_20756
OG0000312	YEAST06260, YEAST02598, YEAST06261, YEAST02599, YEAST00807, YEAST04102	AENJA_11345, AENJA_19966, AENJA_05337
OG0000313	YEAST05106	AENJA_16242, AENJA_16057
OG0000315	YEAST04684	AENJA_20619
OG0000316	YEAST01673	AENJA_23705, AENJA_08472
OG0000317	YEAST01356	AENJA_15981, AENJA_16154, AENJA_18053
OG0000321	YEAST03264	AENJA_07424, AENJA_02624, AENJA_23362, AENJA_07423
OG0000323	YEAST02249	AENJA_15690, AENJA_22664, AENJA_20126
OG0000326	YEAST06268, YEAST05286	AENJA_25612, AENJA_08013
OG0000326	YEAST03472, YEAST00720, YEAST00712, YEAST04873, YEAST02103, YEAST02102	AENJA_25861
OG0000327	YEAST01354	AENJA_09087, AENJA_11801, AENJA_16140, AENJA_13471, AENJA_26486, AENJA_12542
OG0000334	YEAST05626	AENJA_18674, AENJA_08078, AENJA_20172, AENJA_19540, AENJA_16534, AENJA_18675, AENJA_11653, AENJA_06892, AENJA_10669, AENJA_22797, AENJA_22796, AENJA_24850, AENJA_10667, AENJA_10668
OG0000338	YEAST02967	AENJA_13192
OG0000338	YEAST04211	AENJA_22299
OG0000343	YEAST03024, YEAST02736	AENJA_04274
OG0000345	YEAST01884	AENJA_12976, AENJA_23748
OG0000352	YEAST04069	AENJA_13697, AENJA_04782, AENJA_25500, AENJA_11315
OG0000357	YEAST01925	AENJA_16412, AENJA_04794
OG0000359	YEAST02489	AENJA_14005, AENJA_07464, AENJA_09269
OG0000363	YEAST04081, YEAST05870	AENJA_12906, AENJA_18208, AENJA_26154, AENJA_03399
OG0000365	YEAST05831	AENJA_22716, AENJA_08243, AENJA_08242
OG0000367	YEAST02141, YEAST03746, YEAST03210	AENJA_21570, AENJA_21567, AENJA_15749
OG0000372	YEAST05988	AENJA_14610, AENJA_10537, AENJA_22918, AENJA_10254
OG0000373	YEAST02023	AENJA_10744, AENJA_18516
OG0000373	YEAST04495, YEAST01417, YEAST05964	AENJA_11897
OG0000380	YEAST01047	AENJA_15073, AENJA_11238, AENJA_23591, AENJA_06533, AENJA_00574, AENJA_17802, AENJA_15072, AENJA_07033, AENJA_02537, AENJA_08753, AENJA_20573, AENJA_13328, AENJA_08875, AENJA_15737
OG0000385	YEAST03496	AENJA_16044, AENJA_12666, AENJA_12667, AENJA_16346
OG0000393	YEAST04072, YEAST04071	AENJA_20824
OG0000393	YEAST01302	AENJA_11660
OG0000397	YEAST05080	AENJA_26085
OG0000399	YEAST02160	AENJA_09258, AENJA_25908, AENJA_11784, AENJA_23430, AENJA_13359, AENJA_24563, AENJA_03668, AENJA_14143
OG0000400	YEAST05911	AENJA_05665
OG0000402	YEAST01657, YEAST01929	AENJA_01108, AENJA_20115
OG0000405	YEAST06055, YEAST00411	AENJA_21234
OG0000412	YEAST04469	AENJA_26231, AENJA_11362
OG0000413	YEAST04905, YEAST05340	AENJA_18235
OG0000413	YEAST02838	AENJA_12102
OG0000419	YEAST05989	AENJA_02942, AENJA_25245, AENJA_25372, AENJA_25244
OG0000420	YEAST03886	AENJA_05214, AENJA_14372, AENJA_14000, AENJA_14371, AENJA_25418, AENJA_12757, AENJA_24304
OG0000424	YEAST03563	AENJA_15205, AENJA_15202, AENJA_26752
OG0000426	YEAST03440	AENJA_16516
OG0000426	YEAST03848, YEAST01121	AENJA_15653
OG0000427	YEAST02655, YEAST02439	AENJA_16219, AENJA_26175
OG0000429	YEAST02285	AENJA_21410, AENJA_01381
OG0000431	YEAST04014	AENJA_03019, AENJA_19097, AENJA_17426
OG0000433	YEAST06177, YEAST00117	AENJA_24860, AENJA_10323
OG0000437	YEAST03074, YEAST02073	AENJA_24488, AENJA_24489
OG0000442	YEAST05012	AENJA_21364, AENJA_20819, AENJA_08940
OG0000444	YEAST01115, YEAST04019	AENJA_22469
OG0000445	YEAST03068	AENJA_02867, AENJA_01957, AENJA_03366, AENJA_08087, AENJA_03365
OG0000450	YEAST04709, YEAST05909	AENJA_18743, AENJA_10311
OG0000461	YEAST00120	AENJA_10288
OG0000467	YEAST03162	AENJA_24285
OG0000468	YEAST04372	AENJA_06943, AENJA_02883, AENJA_02878, AENJA_08672, AENJA_12636
OG0000469	YEAST02179, YEAST05440	AENJA_19006
OG0000469	YEAST02333, YEAST00863	AENJA_05512
OG0000474	YEAST02384	AENJA_20251, AENJA_17737
OG0000476	YEAST03038	AENJA_25489, AENJA_12956, AENJA_25847, AENJA_03795, AENJA_24295, AENJA_10203, AENJA_21455, AENJA_20022, AENJA_00742
OG0000479	YEAST04139	AENJA_09587, AENJA_09588, AENJA_20878
OG0000480	YEAST05750	AENJA_10027, AENJA_23584, AENJA_25610, AENJA_14480, AENJA_23244
OG0000481	YEAST01040	AENJA_16592
OG0000481	YEAST00916	AENJA_22951
OG0000481	YEAST00827, YEAST00774	AENJA_11417
OG0000484	YEAST05824	AENJA_00628
OG0000486	YEAST03122, YEAST04270	AENJA_24911, AENJA_01412, AENJA_01364, AENJA_22874
OG0000487	YEAST04968	AENJA_25094, AENJA_24881, AENJA_24880
OG0000487	YEAST02728	AENJA_02732
OG0000488	YEAST01414	AENJA_10931
OG0000490	YEAST04297, YEAST00894	AENJA_13962
OG0000505	YEAST03067	AENJA_11465
OG0000508	YEAST04626	AENJA_05447, AENJA_18700, AENJA_18701
OG0000510	YEAST04569, YEAST05730	AENJA_13229, AENJA_13230
OG0000519	YEAST04594, YEAST03616	AENJA_13197, AENJA_00264
OG0000520	YEAST02979	AENJA_19532, AENJA_00693
OG0000523	YEAST01952, YEAST05838, YEAST06082	AENJA_23211, AENJA_01429
OG0000529	YEAST05790, YEAST00048	AENJA_13079
OG0000534	YEAST04932	AENJA_07190
OG0000538	YEAST00499	AENJA_23758
OG0000549	YEAST06280, YEAST02610, YEAST05060	AENJA_17344, AENJA_17342, AENJA_17318, AENJA_21943
OG0000552	YEAST05717	AENJA_18702, AENJA_23603
OG0000561	YEAST06202, YEAST00331	AENJA_01455, AENJA_18412
OG0000562	YEAST00314	AENJA_21496, AENJA_25856, AENJA_02716
OG0000563	YEAST01406	AENJA_25022, AENJA_03438
OG0000566	YEAST05789, YEAST00049	AENJA_14810, AENJA_20531, AENJA_16653
OG0000573	YEAST05675	AENJA_05835, AENJA_03220
OG0000576	YEAST00470, YEAST00193	AENJA_05569
OG0000578	YEAST01208, YEAST00759	AENJA_09428
OG0000579	YEAST02484	AENJA_18819, AENJA_12593, AENJA_20737, AENJA_22778
OG0000582	YEAST03615	AENJA_17591
OG0000588	YEAST05197	AENJA_02286, AENJA_21633
OG0000590	YEAST05110, YEAST05552, YEAST03727	AENJA_19774, AENJA_07046
OG0000592	YEAST00388	AENJA_12392, AENJA_13611
OG0000597	YEAST04330	AENJA_10748, AENJA_01626
OG0000609	YEAST05180	AENJA_03157
OG0000612	YEAST02370	AENJA_06346
OG0000613	YEAST01072	AENJA_08922, AENJA_20929
OG0000623	YEAST02411	AENJA_02871
OG0000623	YEAST05090	AENJA_17960
OG0000627	YEAST02116, YEAST03957	AENJA_13466
OG0000639	YEAST02015	AENJA_10965, AENJA_22126
OG0000642	YEAST00618	AENJA_02487, AENJA_00389, AENJA_26018
OG0000645	YEAST05140	AENJA_00673
OG0000645	YEAST04743	AENJA_22405
OG0000647	YEAST04534	AENJA_07172, AENJA_01826
OG0000648	YEAST04178, YEAST05641	AENJA_04823, AENJA_04819
OG0000657	YEAST03846	AENJA_06847, AENJA_01439, AENJA_14948, AENJA_01442
OG0000660	YEAST05150, YEAST01587	AENJA_07533, AENJA_06621
OG0000662	YEAST05937	AENJA_08142, AENJA_09173, AENJA_21495
OG0000663	YEAST02675, YEAST03294	AENJA_26290, AENJA_19588, AENJA_10413
OG0000672	YEAST03771	AENJA_11032
OG0000672	YEAST00984	AENJA_02173
OG0000676	YEAST01503	AENJA_15570
OG0000676	YEAST02962	AENJA_04404
OG0000683	YEAST03152, YEAST03537, YEAST05938	AENJA_18458, AENJA_20329
OG0000690	YEAST04874	AENJA_04544
OG0000692	YEAST01969	AENJA_17363, AENJA_13840
OG0000692	YEAST03487	AENJA_02403, AENJA_00938
OG0000694	YEAST05978	AENJA_02666, AENJA_15805
OG0000699	YEAST05706	AENJA_12577, AENJA_20559, AENJA_12576
OG0000701	YEAST02239, YEAST02223	AENJA_18091
OG0000703	YEAST05314	AENJA_26753, AENJA_26449
OG0000708	YEAST05997	AENJA_10491, AENJA_00725, AENJA_04787
OG0000709	YEAST00057	AENJA_11142, AENJA_19288, AENJA_01143
OG0000724	YEAST02013	AENJA_08671
OG0000732	YEAST04978	AENJA_23886, AENJA_07798, AENJA_12389
OG0000733	YEAST05474	AENJA_07801
OG0000735	YEAST05945	AENJA_15834
OG0000744	YEAST05951	AENJA_07063, AENJA_07064
OG0000745	YEAST00539, YEAST02786, YEAST05296, YEAST03097, YEAST02781, YEAST03102	AENJA_08290, AENJA_25526, AENJA_16763, AENJA_16764, AENJA_19385
OG0000752	YEAST01432, YEAST04483	AENJA_00591, AENJA_26667
OG0000753	YEAST01034, YEAST02037	AENJA_01120, AENJA_10740, AENJA_09401
OG0000757	YEAST01489	AENJA_06262, AENJA_15686, AENJA_08837
OG0000758	YEAST01504	AENJA_07914
OG0000759	YEAST02878, YEAST05681	AENJA_12039
OG0000765	YEAST05027, YEAST03009, YEAST01404	AENJA_22263
OG0000768	YEAST02560, YEAST04269	AENJA_24479
OG0000772	YEAST04929	AENJA_24869, AENJA_00651, AENJA_10655, AENJA_10656
OG0000776	YEAST04571, YEAST00195, YEAST00312	AENJA_14162, AENJA_14158, AENJA_04150, AENJA_16571
OG0000777	YEAST06297, YEAST02627	AENJA_05341, AENJA_04497, AENJA_05898, AENJA_04500
OG0000779	YEAST03812	AENJA_08422
OG0000782	YEAST01393, YEAST05616	AENJA_17040
OG0000791	YEAST02375	AENJA_05472
OG0000794	YEAST04627	AENJA_11312
OG0000800	YEAST03636	AENJA_25972, AENJA_17652
OG0000809	YEAST01998	AENJA_02164
OG0000817	YEAST00389	AENJA_07214, AENJA_18385
OG0000817	YEAST06112	AENJA_14055
OG0000824	YEAST01319, YEAST02883	AENJA_00764
OG0000828	YEAST00945, YEAST05476, YEAST00075	AENJA_05318
OG0000828	YEAST02290	AENJA_21604, AENJA_14692
OG0000837	YEAST06222	AENJA_25179
OG0000841	YEAST02416	AENJA_00152
OG0000847	YEAST02881, YEAST03544, YEAST06198	AENJA_19531
OG0000847	YEAST02530, YEAST00209	AENJA_05909
OG0000849	YEAST04475	AENJA_06598, AENJA_17459
OG0000850	YEAST04287	AENJA_06947, AENJA_14500, AENJA_26527
OG0000852	YEAST01266	AENJA_20937, AENJA_07998
OG0000854	YEAST00248	AENJA_12138
OG0000855	YEAST04755	AENJA_13524, AENJA_13527, AENJA_13526, AENJA_13521
OG0000857	YEAST00309	AENJA_19063
OG0000868	YEAST06157	AENJA_20580, AENJA_01456
OG0000871	YEAST03857	AENJA_15432, AENJA_15433, AENJA_06473
OG0000872	YEAST03222, YEAST03741	AENJA_06798
OG0000875	YEAST00077	AENJA_08703, AENJA_14919
OG0000876	YEAST05556	AENJA_08833
OG0000879	YEAST06123	AENJA_23882, AENJA_14015
OG0000888	YEAST00288	AENJA_02929, AENJA_02481, AENJA_16255
OG0000889	YEAST00175	AENJA_05911
OG0000894	YEAST03763	AENJA_18194, AENJA_24655, AENJA_16901
OG0000896	YEAST02476	AENJA_17963, AENJA_20857
OG0000896	YEAST04923	AENJA_26740
OG0000898	YEAST06255, YEAST03431	AENJA_20658
OG0000905	YEAST00599	AENJA_03454, AENJA_12044, AENJA_12043
OG0000907	YEAST02193	AENJA_06223
OG0000913	YEAST03557, YEAST05101	AENJA_11700
OG0000914	YEAST04745	AENJA_16081
OG0000921	YEAST02526	AENJA_16626, AENJA_00754
OG0000925	YEAST05667, YEAST06025	AENJA_14502, AENJA_01829
OG0000932	YEAST03525	AENJA_10313, AENJA_10314
OG0000933	YEAST06306	AENJA_12056, AENJA_25029
OG0000934	YEAST02582, YEAST06252	AENJA_23792
OG0000934	YEAST05040	AENJA_12733
OG0000935	YEAST02843	AENJA_14023
OG0000943	YEAST03805	AENJA_02078, AENJA_00401
OG0000944	YEAST04878	AENJA_00580
OG0000954	YEAST05503, YEAST01249	AENJA_24386, AENJA_08232
OG0000955	YEAST00837	AENJA_09334, AENJA_19306
OG0000955	YEAST04295	AENJA_26657
OG0000963	YEAST03685, YEAST00482, YEAST01749	AENJA_01165, AENJA_06323
OG0000964	YEAST04606	AENJA_06851, AENJA_04088, AENJA_01513, AENJA_06848
OG0000965	YEAST02552	AENJA_05586, AENJA_05584
OG0000965	YEAST02050	AENJA_02282
OG0000967	YEAST05075	AENJA_02972, AENJA_22529
OG0000970	YEAST04028	AENJA_09659, AENJA_03395
OG0000982	YEAST01182	AENJA_09037
OG0000984	YEAST01493, YEAST00575	AENJA_13820
OG0000986	YEAST01481, YEAST04073	AENJA_19042, AENJA_19041
OG0000987	YEAST04734, YEAST02734	AENJA_23574
OG0000994	YEAST02360	AENJA_20560, AENJA_02296
OG0000996	YEAST00033	AENJA_04444, AENJA_26096
OG0001001	YEAST00341	AENJA_07866
OG0001003	YEAST00644	AENJA_13424
OG0001006	YEAST04513	AENJA_21663, AENJA_25248
OG0001016	YEAST00830	AENJA_26608, AENJA_01521, AENJA_14403, AENJA_15956
OG0001018	YEAST01172	AENJA_02393, AENJA_12182
OG0001024	YEAST01024, YEAST00308	AENJA_11445, AENJA_03556
OG0001064	YEAST00458	AENJA_16034
OG0001066	YEAST06311	AENJA_19790
OG0001075	YEAST05636	AENJA_00807
OG0001076	YEAST01570	AENJA_01569
OG0001081	YEAST04460	AENJA_21808, AENJA_16503, AENJA_04238
OG0001082	YEAST03919, YEAST02905, YEAST05331	AENJA_06872, AENJA_21482, AENJA_09332
OG0001094	YEAST03837	AENJA_23025
OG0001095	YEAST00773	AENJA_25247
OG0001101	YEAST03434	AENJA_00373
OG0001108	YEAST06309	AENJA_12290, AENJA_04372, AENJA_04373, AENJA_09666
OG0001111	YEAST06003	AENJA_26838, AENJA_22327, AENJA_22201, AENJA_06275, AENJA_18410, AENJA_21728
OG0001113	YEAST05320	AENJA_06313
OG0001113	YEAST00954	AENJA_23050
OG0001114	YEAST00036, YEAST05811	AENJA_07133, AENJA_13675
OG0001124	YEAST02719	AENJA_16308
OG0001132	YEAST05421	AENJA_02927
OG0001133	YEAST04296	AENJA_14482, AENJA_13174, AENJA_03943, AENJA_09413, AENJA_03942
OG0001133	YEAST03271	AENJA_07797
OG0001134	YEAST05015	AENJA_06301
OG0001135	YEAST03641	AENJA_06307
OG0001136	YEAST05047, YEAST02997	AENJA_06348
OG0001140	YEAST03519	AENJA_10711
OG0001142	YEAST04001	AENJA_13577
OG0001163	YEAST02433	AENJA_23044, AENJA_20499, AENJA_04071, AENJA_23045
OG0001164	YEAST03454	AENJA_04659, AENJA_14441, AENJA_04658, AENJA_11399
OG0001171	YEAST04620, YEAST03578	AENJA_07498
OG0001175	YEAST00534	AENJA_19603, AENJA_10616
OG0001177	YEAST06137	AENJA_12717, AENJA_23960, AENJA_22118
OG0001179	YEAST00368, YEAST04831, YEAST02287	AENJA_13625, AENJA_13628, AENJA_26058
OG0001181	YEAST02051	AENJA_14047
OG0001184	YEAST01681	AENJA_17799, AENJA_15086
OG0001185	YEAST04969	AENJA_17542
OG0001186	YEAST04605, YEAST01886	AENJA_21307, AENJA_18825
OG0001197	YEAST01499	AENJA_00493
OG0001201	YEAST05452	AENJA_02210
OG0001204	YEAST05200	AENJA_04033, AENJA_20148
OG0001207	YEAST03225, YEAST00090	AENJA_15259
OG0001207	YEAST04258	AENJA_18056, AENJA_07276
OG0001210	YEAST05511	AENJA_18956
OG0001210	YEAST02318	AENJA_09592, AENJA_09591
OG0001212	YEAST03971	AENJA_09959, AENJA_14546, AENJA_09958, AENJA_09956
OG0001214	YEAST00577	AENJA_24301, AENJA_11388
OG0001216	YEAST00145	AENJA_16979
OG0001219	YEAST03867	AENJA_18562
OG0001236	YEAST03325, YEAST02687, YEAST03269	AENJA_12409, AENJA_05080
OG0001237	YEAST04380	AENJA_05566, AENJA_19599
OG0001238	YEAST04481	AENJA_07960, AENJA_05667
OG0001241	YEAST02002	AENJA_21346
OG0001241	YEAST03967, YEAST01074	AENJA_07588
OG0001243	YEAST00739, YEAST05004	AENJA_09040
OG0001249	YEAST01062, YEAST02067	AENJA_17683
OG0001250	YEAST02968, YEAST01339	AENJA_18393
OG0001251	YEAST00750	AENJA_20006
OG0001253	YEAST03998	AENJA_21103
OG0001254	YEAST04309	AENJA_25593
OG0001262	YEAST00911	AENJA_25759, AENJA_02100
OG0001263	YEAST00172	AENJA_02283, AENJA_25444
OG0001268	YEAST03495	AENJA_03712
OG0001270	YEAST01703	AENJA_04208
OG0001270	YEAST02398	AENJA_21003
OG0001271	YEAST05227, YEAST00662	AENJA_04651
OG0001278	YEAST01893	AENJA_09367, AENJA_15562
OG0001279	YEAST03070	AENJA_09382
OG0001280	YEAST00846	AENJA_11194
OG0001282	YEAST03744	AENJA_12223
OG0001284	YEAST00567, YEAST01498	AENJA_14056, AENJA_21135
OG0001286	YEAST00588, YEAST01486, YEAST03604	AENJA_16309
OG0001291	YEAST04453, YEAST04334	AENJA_21434
OG0001300	YEAST01098	AENJA_00411
OG0001302	YEAST02328	AENJA_13024
OG0001302	YEAST00299	AENJA_01840
OG0001310	YEAST00887	AENJA_06272, AENJA_10879
OG0001318	YEAST03712	AENJA_09435
OG0001319	YEAST01678	AENJA_09605
OG0001321	YEAST02280, YEAST01901	AENJA_14609
OG0001322	YEAST06128	AENJA_15110, AENJA_16813
OG0001324	YEAST00078	AENJA_15995
OG0001325	YEAST00793	AENJA_16492, AENJA_18977
OG0001326	YEAST05395	AENJA_16742, AENJA_18964
OG0001327	YEAST03176	AENJA_18352, AENJA_26627
OG0001332	YEAST03929, YEAST02705, YEAST00687	AENJA_23263
OG0001333	YEAST00728	AENJA_23772
OG0001341	YEAST06006	AENJA_03707, AENJA_05111, AENJA_17935, AENJA_00473, AENJA_21191
OG0001345	YEAST03613	AENJA_17713, AENJA_01500, AENJA_25364
OG0001353	YEAST00020, YEAST04041	AENJA_06742
OG0001363	YEAST06180	AENJA_12332
OG0001364	YEAST06038, YEAST00402	AENJA_13074
OG0001367	YEAST04688	AENJA_16641
OG0001368	YEAST01821	AENJA_16737
OG0001370	YEAST04067, YEAST05195, YEAST00897	AENJA_17284
OG0001371	YEAST00532, YEAST03976	AENJA_17844, AENJA_24112
OG0001372	YEAST00070	AENJA_25899
OG0001372	YEAST02226	AENJA_17922
OG0001375	YEAST05499, YEAST05567	AENJA_25362, AENJA_20082
OG0001378	YEAST02300	AENJA_22766
OG0001379	YEAST04155	AENJA_23248
OG0001386	YEAST05114	AENJA_26718
OG0001397	YEAST05731	AENJA_05269, AENJA_01101
OG0001400	YEAST02931	AENJA_02508, AENJA_22499, AENJA_22498, AENJA_02507
OG0001409	YEAST00885, YEAST04659	AENJA_06247
OG0001410	YEAST05046	AENJA_18215, AENJA_06436
OG0001411	YEAST04834	AENJA_06963, AENJA_10958
OG0001412	YEAST04490	AENJA_07170
OG0001413	YEAST04294	AENJA_07474, AENJA_17340, AENJA_17343
OG0001414	YEAST06070, YEAST01920	AENJA_08160
OG0001415	YEAST04230	AENJA_15367
OG0001415	YEAST00964	AENJA_17665
OG0001421	YEAST05252	AENJA_13339
OG0001422	YEAST05588, YEAST01363	AENJA_14173
OG0001424	YEAST01127	AENJA_15682, AENJA_17237
OG0001427	YEAST01885	AENJA_17543
OG0001428	YEAST04862, YEAST05862, YEAST02749, YEAST03037	AENJA_18858
OG0001430	YEAST01712	AENJA_19108
OG0001434	YEAST03991	AENJA_26114, AENJA_26117
OG0001445	YEAST01715	AENJA_02385
OG0001449	YEAST03188	AENJA_04181
OG0001449	YEAST05764	AENJA_05517
OG0001452	YEAST05900	AENJA_05087
OG0001454	YEAST01495, YEAST00573	AENJA_06306
OG0001456	YEAST00365	AENJA_07027
OG0001459	YEAST03073, YEAST03464	AENJA_18303, AENJA_08470
OG0001461	YEAST05255	AENJA_09214
OG0001468	YEAST03875, YEAST03904	AENJA_10995
OG0001469	YEAST02070	AENJA_20582
OG0001469	YEAST02765	AENJA_11151
OG0001470	YEAST00369, YEAST05375	AENJA_11625
OG0001472	YEAST03031	AENJA_12236, AENJA_13235
OG0001473	YEAST05711	AENJA_13618
OG0001474	YEAST01416, YEAST05312	AENJA_14700, AENJA_24781
OG0001478	YEAST01984	AENJA_19708
OG0001478	YEAST02078	AENJA_15450
OG0001479	YEAST01132	AENJA_16158
OG0001503	YEAST03032	AENJA_23557
OG0001503	YEAST02920	AENJA_03755
OG0001504	YEAST05406	AENJA_04830, AENJA_04833, AENJA_15576, AENJA_04039
OG0001505	YEAST03361	AENJA_04619, AENJA_17806
OG0001508	YEAST04143	AENJA_06316
OG0001515	YEAST03320	AENJA_10215
OG0001520	YEAST03872	AENJA_12318
OG0001524	YEAST03912	AENJA_19275, AENJA_15536
OG0001525	YEAST00757	AENJA_16414
OG0001527	YEAST01395	AENJA_16808, AENJA_19917
OG0001529	YEAST01143	AENJA_18632
OG0001530	YEAST00643	AENJA_19473
OG0001546	YEAST03111	AENJA_02497, AENJA_09615, AENJA_02674, AENJA_04011
OG0001550	YEAST02405, YEAST05953	AENJA_05034, AENJA_05035
OG0001551	YEAST04817	AENJA_05503
OG0001553	YEAST05147, YEAST01586	AENJA_06179
OG0001557	YEAST04671	AENJA_13295
OG0001557	YEAST04551	AENJA_23342, AENJA_08073
OG0001558	YEAST04449	AENJA_08311
OG0001559	YEAST00445, YEAST02434	AENJA_08667
OG0001561	YEAST06176	AENJA_09420
OG0001564	YEAST05390	AENJA_11930
OG0001570	YEAST04678	AENJA_16842, AENJA_19842, AENJA_24461
OG0001573	YEAST03285	AENJA_19183
OG0001578	YEAST01872	AENJA_24180
OG0001580	YEAST06270	AENJA_25168
OG0001590	YEAST03476, YEAST00717, YEAST03955	AENJA_00406, AENJA_14826, AENJA_14823
OG0001594	YEAST03418	AENJA_16970, AENJA_01665, AENJA_04700, AENJA_09891
OG0001597	YEAST01702	AENJA_17835, AENJA_03457
OG0001603	YEAST02584	AENJA_05288, AENJA_25082, AENJA_05289
OG0001604	YEAST01428	AENJA_06276, AENJA_11253
OG0001605	YEAST04101	AENJA_06440
OG0001609	YEAST02739	AENJA_08323, AENJA_19787
OG0001610	YEAST00596	AENJA_08526, AENJA_08533, AENJA_08527, AENJA_09111, AENJA_08532
OG0001612	YEAST01109	AENJA_09589
OG0001628	YEAST04790	AENJA_16821, AENJA_21898, AENJA_21897, AENJA_25488
OG0001653	YEAST01151	AENJA_01256, AENJA_21125
OG0001655	YEAST03354	AENJA_03001
OG0001657	YEAST00101, YEAST00944	AENJA_03268
OG0001663	YEAST05642	AENJA_06086
OG0001676	YEAST02848	AENJA_26746
OG0001676	YEAST06155	AENJA_11724
OG0001679	YEAST05302, YEAST02334, YEAST02449, YEAST01523	AENJA_16799, AENJA_17425
OG0001680	YEAST01119, YEAST04022	AENJA_16822
OG0001685	YEAST01147	AENJA_18914
OG0001687	YEAST05279	AENJA_21090, AENJA_20311
OG0001691	YEAST01315	AENJA_24035
OG0001704	YEAST01293	AENJA_00857
OG0001706	YEAST03424	AENJA_00912
OG0001707	YEAST06049, YEAST00407, YEAST04739	AENJA_00981, AENJA_25581
OG0001708	YEAST05744, YEAST05745	AENJA_01039
OG0001709	YEAST04440	AENJA_12151, AENJA_01136
OG0001713	YEAST04039	AENJA_02209
OG0001718	YEAST01537	AENJA_02907
OG0001721	YEAST04881, YEAST05253, YEAST00698	AENJA_03497
OG0001723	YEAST01435	AENJA_04029, AENJA_12578
OG0001727	YEAST04543	AENJA_06020
OG0001728	YEAST03347	AENJA_08879, AENJA_09822
OG0001730	YEAST00177	AENJA_09007
OG0001739	YEAST03760	AENJA_15111
OG0001745	YEAST01431	AENJA_18802
OG0001750	YEAST03628	AENJA_22826
OG0001754	YEAST03682	AENJA_24677
OG0001755	YEAST02688	AENJA_24905
OG0001756	YEAST00620	AENJA_25749, AENJA_25480
OG0001769	YEAST04726	AENJA_00392, AENJA_14833
OG0001770	YEAST02590	AENJA_00514
OG0001774	YEAST05166	AENJA_01099, AENJA_09499
OG0001775	YEAST05594	AENJA_01192
OG0001780	YEAST03768	AENJA_03259, AENJA_03267, AENJA_06530
OG0001781	YEAST01882	AENJA_25405, AENJA_03406
OG0001782	YEAST02421	AENJA_04195, AENJA_22157
OG0001785	YEAST02713	AENJA_04786
OG0001787	YEAST03546	AENJA_05662
OG0001792	YEAST04331	AENJA_21975, AENJA_24891, AENJA_21976, AENJA_21971
OG0001792	YEAST04595	AENJA_06373
OG0001793	YEAST02466	AENJA_07131, AENJA_15294
OG0001805	YEAST05496, YEAST01242	AENJA_10542
OG0001807	YEAST05464	AENJA_12201
OG0001808	YEAST01298	AENJA_13026
OG0001818	YEAST05902, YEAST04712	AENJA_18459
OG0001822	YEAST04378, YEAST01659	AENJA_21678
OG0001826	YEAST04777, YEAST01697, YEAST05781	AENJA_23249
OG0001828	YEAST04676	AENJA_23757
OG0001829	YEAST01613, YEAST00136, YEAST02008	AENJA_24206
OG0001831	YEAST00024	AENJA_25733
OG0001846	YEAST05067	AENJA_23250, AENJA_00173
OG0001850	YEAST01913	AENJA_00766
OG0001852	YEAST03121	AENJA_01522, AENJA_13282, AENJA_18334
OG0001853	YEAST05176	AENJA_03214, AENJA_13354
OG0001857	YEAST04741	AENJA_04553
OG0001860	YEAST00188	AENJA_05152
OG0001861	YEAST05779, YEAST04773	AENJA_25398, AENJA_11706, AENJA_05340
OG0001863	YEAST03017	AENJA_14971, AENJA_06983
OG0001866	YEAST05095, YEAST05570	AENJA_07311, AENJA_07312
OG0001867	YEAST01669	AENJA_07397
OG0001873	YEAST00981, YEAST00267	AENJA_08353, AENJA_24095
OG0001875	YEAST04137	AENJA_09123, AENJA_16491
OG0001877	YEAST04134	AENJA_09356
OG0001886	YEAST03260	AENJA_14779
OG0001888	YEAST05749, YEAST01573	AENJA_15918
OG0001893	YEAST01023	AENJA_19715
OG0001894	YEAST00433	AENJA_21040
OG0001899	YEAST01210, YEAST04466	AENJA_25912
OG0001913	YEAST05520	AENJA_00224
OG0001915	YEAST04791	AENJA_00588
OG0001917	YEAST01859	AENJA_01170
OG0001923	YEAST05881	AENJA_03271
OG0001926	YEAST02948	AENJA_04624
OG0001932	YEAST03770, YEAST03179	AENJA_07865
OG0001934	YEAST00877	AENJA_08721
OG0001935	YEAST00431	AENJA_16826, AENJA_08803
OG0001938	YEAST03931	AENJA_09456
OG0001940	YEAST04188, YEAST05646	AENJA_10312
OG0001943	YEAST02393, YEAST05966	AENJA_12411
OG0001945	YEAST01671	AENJA_12644, AENJA_24575
OG0001947	YEAST02570	AENJA_13122
OG0001951	YEAST00941, YEAST05396	AENJA_15959
OG0001952	YEAST04673, YEAST01990, YEAST00155	AENJA_19250, AENJA_16307
OG0001965	YEAST04582	AENJA_21031, AENJA_26304
OG0001968	YEAST04910	AENJA_22770
OG0001969	YEAST06173	AENJA_23560
OG0001972	YEAST01822, YEAST03363	AENJA_26436
OG0001985	YEAST04959	AENJA_00265
OG0001992	YEAST02679	AENJA_04726, AENJA_03071
OG0001998	YEAST00890	AENJA_04890
OG0002001	YEAST00502, YEAST03944	AENJA_07130, AENJA_13848
OG0002003	YEAST02826, YEAST03671	AENJA_07348, AENJA_16965
OG0002008	YEAST00768	AENJA_09596
OG0002010	YEAST00609	AENJA_11279
OG0002013	YEAST03040	AENJA_12704, AENJA_12703
OG0002014	YEAST02422	AENJA_13118
OG0002015	YEAST05525	AENJA_13757
OG0002025	YEAST03650	AENJA_16933
OG0002026	YEAST01247	AENJA_17399, AENJA_20637
OG0002029	YEAST02646	AENJA_17966, AENJA_23173
OG0002031	YEAST02752	AENJA_20118
OG0002032	YEAST01221	AENJA_20630
OG0002059	YEAST05893, YEAST04718	AENJA_02772
OG0002062	YEAST05454	AENJA_03055
OG0002063	YEAST00838	AENJA_14140, AENJA_04991
OG0002067	YEAST03444	AENJA_05900
OG0002069	YEAST05962	AENJA_06511
OG0002073	YEAST04552	AENJA_09126, AENJA_08139
OG0002076	YEAST02206	AENJA_09702
OG0002078	YEAST06232	AENJA_10297
OG0002079	YEAST05765, YEAST00483	AENJA_10742, AENJA_19098
OG0002080	YEAST05220, YEAST04736	AENJA_12041
OG0002084	YEAST04529	AENJA_17921, AENJA_14845, AENJA_17915, AENJA_25742
OG0002087	YEAST05702	AENJA_23537, AENJA_15799
OG0002090	YEAST02246	AENJA_19678
OG0002093	YEAST02255	AENJA_20905
OG0002097	YEAST02697	AENJA_21956
OG0002101	YEAST03902	AENJA_24473
OG0002103	YEAST05974	AENJA_24883
OG0002106	YEAST03654	AENJA_25552, AENJA_25673
OG0002108	YEAST03715	AENJA_26100
OG0002123	YEAST02444	AENJA_00359
OG0002125	YEAST05183	AENJA_00917
OG0002131	YEAST04275	AENJA_05093, AENJA_06526, AENJA_03621
OG0002137	YEAST04320	AENJA_15350, AENJA_06237
OG0002138	YEAST02406	AENJA_06936
OG0002144	YEAST02673	AENJA_10174
OG0002146	YEAST04333, YEAST00109, YEAST03088, YEAST04454	AENJA_10360
OG0002147	YEAST04532, YEAST01219	AENJA_10898
OG0002148	YEAST02060	AENJA_10936, AENJA_17931
OG0002152	YEAST05624	AENJA_11762
OG0002156	YEAST03007	AENJA_12297
OG0002160	YEAST03960	AENJA_13922
OG0002165	YEAST04504	AENJA_16068
OG0002168	YEAST00516	AENJA_16471, AENJA_23270
OG0002169	YEAST02258	AENJA_17912
OG0002175	YEAST04956	AENJA_18688
OG0002184	YEAST00242	AENJA_22069
OG0002185	YEAST05212	AENJA_22305
OG0002188	YEAST04638, YEAST03913	AENJA_22979
OG0002189	YEAST02882, YEAST04447	AENJA_23289, AENJA_24476
OG0002213	YEAST01241, YEAST05495	AENJA_00491
OG0002216	YEAST06040	AENJA_06974, AENJA_00740, AENJA_06973
OG0002217	YEAST06033	AENJA_01250, AENJA_10139
OG0002222	YEAST03240	AENJA_01746
OG0002224	YEAST01574	AENJA_02077
OG0002225	YEAST04939	AENJA_02179
OG0002226	YEAST00948	AENJA_02285, AENJA_21347
OG0002228	YEAST04154, YEAST05632	AENJA_02422
OG0002233	YEAST00277	AENJA_04151
OG0002239	YEAST01621	AENJA_05630
OG0002241	YEAST02005	AENJA_06217
OG0002243	YEAST04599, YEAST03601, YEAST04600	AENJA_06283
OG0002244	YEAST02768	AENJA_20811, AENJA_25845, AENJA_06734, AENJA_20367, AENJA_25846, AENJA_11508
OG0002252	YEAST00826	AENJA_24190, AENJA_19865, AENJA_09873
OG0002261	YEAST00472	AENJA_13619
OG0002264	YEAST01705	AENJA_14565
OG0002279	YEAST05800	AENJA_21727
OG0002282	YEAST00881	AENJA_23640
OG0002288	YEAST01591, YEAST05154	AENJA_25474
OG0002292	YEAST00152	AENJA_26405
OG0002312	YEAST06295	AENJA_00869
OG0002316	YEAST01805	AENJA_01956
OG0002318	YEAST02923	AENJA_02715, AENJA_16923, AENJA_16483
OG0002319	YEAST00329	AENJA_03189
OG0002321	YEAST02461	AENJA_03802
OG0002324	YEAST02615, YEAST06287	AENJA_19401, AENJA_05816
OG0002326	YEAST00310, YEAST02699	AENJA_06622, AENJA_06618
OG0002327	YEAST00346, YEAST06217	AENJA_22580, AENJA_06976
OG0002331	YEAST01653	AENJA_08499
OG0002332	YEAST01606, YEAST05184, YEAST00285	AENJA_09253
OG0002341	YEAST03640, YEAST04562	AENJA_11703
OG0002344	YEAST02312, YEAST02019	AENJA_13012, AENJA_13013
OG0002346	YEAST02012	AENJA_13792
OG0002348	YEAST01845	AENJA_15315
OG0002355	YEAST00016	AENJA_18224
OG0002356	YEAST00259	AENJA_18622
OG0002361	YEAST01027	AENJA_19370
OG0002367	YEAST01179	AENJA_22340, AENJA_23782
OG0002369	YEAST03766	AENJA_22567
OG0002374	YEAST02010, YEAST00133	AENJA_25507
OG0002377	YEAST05000	AENJA_26503
OG0002406	YEAST05509	AENJA_04613
OG0002407	YEAST00012	AENJA_04703
OG0002409	YEAST02027	AENJA_05961
OG0002411	YEAST05950, YEAST02407	AENJA_07692, AENJA_07684
OG0002412	YEAST06171	AENJA_07876
OG0002413	YEAST01196	AENJA_18117, AENJA_07911
OG0002415	YEAST01271	AENJA_08809, AENJA_08808
OG0002421	YEAST02982	AENJA_11342, AENJA_23395
OG0002422	YEAST05026	AENJA_11769
OG0002426	YEAST00184	AENJA_12348
OG0002441	YEAST00068, YEAST02278, YEAST05821	AENJA_17578
OG0002442	YEAST05932	AENJA_19513
OG0002443	YEAST04906	AENJA_19788, AENJA_19789
OG0002446	YEAST04254	AENJA_21367
OG0002448	YEAST00626	AENJA_23309
OG0002448	YEAST03419	AENJA_22030
OG0002450	YEAST04575	AENJA_22561
OG0002453	YEAST00512	AENJA_24398
OG0002476	YEAST05799	AENJA_00015, AENJA_24202
OG0002486	YEAST01433	AENJA_22266, AENJA_12065, AENJA_02025
OG0002492	YEAST01624	AENJA_02686
OG0002494	YEAST02402	AENJA_03043
OG0002495	YEAST02772	AENJA_03162
OG0002497	YEAST02747	AENJA_04655
OG0002500	YEAST05648	AENJA_05082
OG0002505	YEAST02959	AENJA_07007
OG0002510	YEAST04753	AENJA_07822
OG0002516	YEAST00066	AENJA_22367, AENJA_09582
OG0002518	YEAST02890	AENJA_09754
OG0002520	YEAST05256	AENJA_10489
OG0002523	YEAST06234	AENJA_11036
OG0002527	YEAST01639	AENJA_11560
OG0002528	YEAST00372	AENJA_11715
OG0002530	YEAST05530, YEAST03790	AENJA_12467
OG0002532	YEAST03235	AENJA_13222
OG0002533	YEAST04525	AENJA_13514
OG0002543	YEAST00527	AENJA_15970
OG0002557	YEAST06243	AENJA_22119
OG0002561	YEAST04438, YEAST02106	AENJA_23733, AENJA_26836
OG0002562	YEAST03992	AENJA_24354
OG0002564	YEAST02186	AENJA_24782
OG0002565	YEAST04224, YEAST02499	AENJA_24939
OG0002570	YEAST00592	AENJA_26246
OG0002594	YEAST06174	AENJA_08034, AENJA_01113, AENJA_05641
OG0002598	YEAST04621, YEAST03577	AENJA_19208, AENJA_02160
OG0002605	YEAST06332	AENJA_04724, AENJA_04725
OG0002608	YEAST03716, YEAST02846	AENJA_05149
OG0002609	YEAST01355	AENJA_05158
OG0002610	YEAST01078, YEAST03973	AENJA_05401
OG0002612	YEAST03508	AENJA_06862
OG0002617	YEAST00866	AENJA_07485
OG0002618	YEAST06247	AENJA_26393, AENJA_07573
OG0002621	YEAST05551	AENJA_23070, AENJA_07837
OG0002629	YEAST05919	AENJA_09742, AENJA_14911
OG0002632	YEAST02755	AENJA_10800
OG0002633	YEAST04206	AENJA_10970
OG0002636	YEAST01664, YEAST06215	AENJA_11871
OG0002638	YEAST00919, YEAST04703	AENJA_12588
OG0002643	YEAST01938	AENJA_13808
OG0002644	YEAST00724	AENJA_13822
OG0002645	YEAST01436	AENJA_17636, AENJA_16911, AENJA_13967
OG0002646	YEAST01946	AENJA_14082, AENJA_14081
OG0002651	YEAST02868	AENJA_16730
OG0002652	YEAST04937	AENJA_17178
OG0002656	YEAST05701	AENJA_18631
OG0002659	YEAST06290	AENJA_19544
OG0002666	YEAST02507	AENJA_21371
OG0002668	YEAST02324	AENJA_22301
OG0002677	YEAST05210	AENJA_24115
OG0002705	YEAST00553	AENJA_00396
OG0002713	YEAST00413, YEAST06057	AENJA_24272, AENJA_11110, AENJA_24274, AENJA_24275, AENJA_02692
OG0002715	YEAST01174, YEAST04131	AENJA_02725
OG0002717	YEAST02430	AENJA_03489
OG0002718	YEAST03380, YEAST03502	AENJA_03576, AENJA_22285
OG0002720	YEAST01914	AENJA_04824
OG0002722	YEAST04059	AENJA_05319
OG0002726	YEAST02958	AENJA_24284, AENJA_17586, AENJA_06393
OG0002729	YEAST01155	AENJA_10262, AENJA_07855, AENJA_13538, AENJA_11456
OG0002737	YEAST02827	AENJA_10144
OG0002739	YEAST01877	AENJA_23418, AENJA_10424
OG0002740	YEAST01658	AENJA_10478
OG0002742	YEAST03713	AENJA_11246
OG0002743	YEAST01824, YEAST03362	AENJA_11676
OG0002745	YEAST04244	AENJA_12347
OG0002746	YEAST04902, YEAST05332	AENJA_12370
OG0002747	YEAST05617	AENJA_13285
OG0002749	YEAST02810	AENJA_13469, AENJA_25924
OG0002750	YEAST04952	AENJA_13825, AENJA_23058
OG0002752	YEAST03686	AENJA_14300
OG0002753	YEAST03742	AENJA_14354
OG0002754	YEAST03620	AENJA_14712
OG0002756	YEAST04058	AENJA_14955, AENJA_16000
OG0002758	YEAST04409	AENJA_15361
OG0002760	YEAST01927	AENJA_15553, AENJA_19974, AENJA_22798
OG0002761	YEAST03261	AENJA_15660
OG0002763	YEAST00260	AENJA_17978
OG0002764	YEAST00423	AENJA_17995
OG0002765	YEAST01667, YEAST05523	AENJA_18242
OG0002766	YEAST05357	AENJA_18864
OG0002767	YEAST04591	AENJA_18908
OG0002771	YEAST02043	AENJA_19705
OG0002772	YEAST03384	AENJA_20331
OG0002773	YEAST03677	AENJA_20591
OG0002774	YEAST03575	AENJA_20726
OG0002775	YEAST03021	AENJA_20727
OG0002781	YEAST05450	AENJA_21782
OG0002782	YEAST02121	AENJA_22198
OG0002785	YEAST06106, YEAST01228	AENJA_23498
OG0002788	YEAST02578, YEAST01232	AENJA_24424
OG0002789	YEAST05269	AENJA_25550, AENJA_24835
OG0002793	YEAST01371	AENJA_26539, AENJA_26542
OG0002817	YEAST01189, YEAST04922	AENJA_00735
OG0002824	YEAST02137	AENJA_01440
OG0002826	YEAST00174	AENJA_02168
OG0002827	YEAST05976	AENJA_02347
OG0002828	YEAST00227, YEAST00963	AENJA_02401
OG0002831	YEAST03282	AENJA_02800, AENJA_02799
OG0002835	YEAST02656	AENJA_04456
OG0002837	YEAST01987, YEAST00157	AENJA_05456
OG0002839	YEAST03148	AENJA_06051
OG0002843	YEAST04737	AENJA_06434
OG0002844	YEAST05563	AENJA_06497, AENJA_06632
OG0002847	YEAST02294	AENJA_07384
OG0002851	YEAST04951	AENJA_09890
OG0002855	YEAST00137	AENJA_10897
OG0002860	YEAST02712	AENJA_12346
OG0002866	YEAST01136	AENJA_14387
OG0002876	YEAST02348	AENJA_16221
OG0002877	YEAST04537	AENJA_16701
OG0002883	YEAST03027	AENJA_18948
OG0002891	YEAST03205	AENJA_20333
OG0002893	YEAST03653	AENJA_20681
OG0002894	YEAST00906	AENJA_20837
OG0002895	YEAST01471, YEAST05353, YEAST05456	AENJA_21152
OG0002897	YEAST06308	AENJA_22085
OG0002899	YEAST00283	AENJA_22623
OG0002900	YEAST05306	AENJA_25988, AENJA_22681
OG0002907	YEAST02061	AENJA_23794
OG0002910	YEAST00223	AENJA_24759
OG0002915	YEAST02264	AENJA_26181
OG0002917	YEAST03703	AENJA_26763
OG0002947	YEAST00232	AENJA_00803, AENJA_14586
OG0002948	YEAST03584	AENJA_09024, AENJA_17830, AENJA_00811
OG0002949	YEAST00419, YEAST06063	AENJA_00985
OG0002952	YEAST05257	AENJA_03492, AENJA_01286, AENJA_01288
OG0002953	YEAST03034	AENJA_01495
OG0002957	YEAST03253	AENJA_02431
OG0002960	YEAST05502	AENJA_02770
OG0002965	YEAST03804	AENJA_03749
OG0002966	YEAST06059	AENJA_06648, AENJA_03777
OG0002968	YEAST00199	AENJA_03998
OG0002969	YEAST00655	AENJA_04473
OG0002982	YEAST02471	AENJA_07566
OG0002984	YEAST00961, YEAST01144	AENJA_08233
OG0002985	YEAST02147	AENJA_08394
OG0002987	YEAST02970, YEAST00081, YEAST02488	AENJA_08505
OG0002991	YEAST03345, YEAST01842	AENJA_09631, AENJA_22593
OG0002997	YEAST02374	AENJA_25602, AENJA_11131
OG0003001	YEAST01497	AENJA_18654, AENJA_11581
OG0003004	YEAST02183	AENJA_11848
OG0003006	YEAST00899	AENJA_12351
OG0003010	YEAST03035	AENJA_14073
OG0003012	YEAST04512	AENJA_14839
OG0003016	YEAST04810	AENJA_15608, AENJA_21110, AENJA_15615
OG0003017	YEAST02213	AENJA_15754
OG0003018	YEAST01635, YEAST01949	AENJA_15825
OG0003020	YEAST04851	AENJA_16040, AENJA_19439, AENJA_16041
OG0003027	YEAST05498	AENJA_17824
OG0003028	YEAST05822	AENJA_17984
OG0003029	YEAST04523	AENJA_18248
OG0003033	YEAST02457, YEAST02640	AENJA_18723
OG0003039	YEAST00055	AENJA_21140
OG0003043	YEAST02551	AENJA_21648
OG0003046	YEAST01632	AENJA_21816
OG0003054	YEAST04909, YEAST05341	AENJA_24441
OG0003056	YEAST02257	AENJA_24565, AENJA_24568
OG0003059	YEAST02832, YEAST03675	AENJA_24855
OG0003063	YEAST00204	AENJA_25761
OG0003066	YEAST00969	AENJA_26723
OG0003101	YEAST01357	AENJA_00164
OG0003104	YEAST00861	AENJA_00844, AENJA_00412
OG0003105	YEAST04282	AENJA_00483
OG0003106	YEAST03619	AENJA_00659
OG0003107	YEAST00029	AENJA_00765
OG0003108	YEAST00796	AENJA_01637
OG0003110	YEAST02197	AENJA_01831
OG0003114	YEAST00453, YEAST02426	AENJA_02181
OG0003119	YEAST00778	AENJA_03324
OG0003121	YEAST03190	AENJA_03733
OG0003126	YEAST00300	AENJA_13311, AENJA_04114, AENJA_20192
OG0003131	YEAST04435, YEAST04350	AENJA_04699
OG0003135	YEAST02069	AENJA_05506
OG0003138	YEAST01790, YEAST00784	AENJA_05937
OG0003145	YEAST06012	AENJA_06906
OG0003147	YEAST03729	AENJA_07167
OG0003151	YEAST03910	AENJA_07870
OG0003153	YEAST05438	AENJA_08315
OG0003154	YEAST00694	AENJA_08755, AENJA_24160, AENJA_24621
OG0003157	YEAST01203	AENJA_09315, AENJA_09314
OG0003164	YEAST05549, YEAST04492	AENJA_13680, AENJA_10532
OG0003169	YEAST04410	AENJA_11201, AENJA_11198
OG0003172	YEAST06030	AENJA_11593
OG0003174	YEAST06178	AENJA_12148, AENJA_18390
OG0003178	YEAST05823	AENJA_12804
OG0003179	YEAST00905	AENJA_12977
OG0003182	YEAST05565	AENJA_13237
OG0003189	YEAST00820	AENJA_15393
OG0003190	YEAST02550	AENJA_16189, AENJA_16188
OG0003191	YEAST01068	AENJA_16289
OG0003193	YEAST02494	AENJA_16359
OG0003197	YEAST06274	AENJA_17257
OG0003199	YEAST04961	AENJA_17478
OG0003207	YEAST04056	AENJA_19792, AENJA_19791
OG0003212	YEAST05531	AENJA_20864
OG0003214	YEAST03701	AENJA_21694
OG0003215	YEAST04373	AENJA_22196
OG0003218	YEAST04068	AENJA_23390
OG0003219	YEAST01656	AENJA_23468
OG0003220	YEAST03417, YEAST00186	AENJA_23504
OG0003221	YEAST05064	AENJA_23575
OG0003223	YEAST04472	AENJA_24204
OG0003228	YEAST06187	AENJA_25997
OG0003230	YEAST05487	AENJA_26243
OG0003251	YEAST05338, YEAST04904	AENJA_00517
OG0003254	YEAST03911	AENJA_01261
OG0003257	YEAST02741	AENJA_01488, AENJA_01489
OG0003263	YEAST05333	AENJA_03032
OG0003264	YEAST03398	AENJA_03403
OG0003266	YEAST05585	AENJA_03526
OG0003267	YEAST02516	AENJA_03748
OG0003270	YEAST01372, YEAST05351, YEAST01476	AENJA_04789
OG0003277	YEAST03706	AENJA_06595
OG0003283	YEAST02779	AENJA_08388, AENJA_08386, AENJA_08389
OG0003284	YEAST02184	AENJA_08806
OG0003287	YEAST00166	AENJA_08945
OG0003288	YEAST05062	AENJA_08988
OG0003290	YEAST06325	AENJA_09114
OG0003293	YEAST04930	AENJA_10140
OG0003295	YEAST06127	AENJA_10278
OG0003300	YEAST03316	AENJA_16801, AENJA_10987
OG0003301	YEAST03267	AENJA_11385
OG0003302	YEAST04633	AENJA_11409
OG0003303	YEAST05878	AENJA_23721, AENJA_11641
OG0003304	YEAST01018	AENJA_11712, AENJA_18633
OG0003316	YEAST04887	AENJA_13112
OG0003317	YEAST03051	AENJA_13550
OG0003318	YEAST02158	AENJA_13567
OG0003332	YEAST02945, YEAST00447	AENJA_15526
OG0003335	YEAST01260	AENJA_15787
OG0003340	YEAST04972	AENJA_16463
OG0003341	YEAST00990	AENJA_17359
OG0003343	YEAST04356, YEAST06258	AENJA_17465, AENJA_17471, AENJA_17472
OG0003344	YEAST04764	AENJA_17550
OG0003345	YEAST02133	AENJA_17754, AENJA_22123
OG0003348	YEAST02844	AENJA_18879
OG0003349	YEAST00235, YEAST04798	AENJA_18916
OG0003356	YEAST02937	AENJA_21005, AENJA_21006
OG0003357	YEAST04240, YEAST02522	AENJA_21046
OG0003364	YEAST00730	AENJA_21855
OG0003366	YEAST05276, YEAST03075	AENJA_22253
OG0003373	YEAST03755	AENJA_24423
OG0003374	YEAST03627	AENJA_24682, AENJA_24683
OG0003375	YEAST03722	AENJA_24824
OG0003377	YEAST03340	AENJA_24906
OG0003380	YEAST00529	AENJA_25323
OG0003381	YEAST03447, YEAST01380	AENJA_25399
OG0003382	YEAST01627	AENJA_25400
OG0003386	YEAST02725	AENJA_26435
OG0003425	YEAST05084	AENJA_01194
OG0003426	YEAST05251	AENJA_01257
OG0003428	YEAST04550, YEAST01154	AENJA_01568
OG0003429	YEAST05921	AENJA_01963
OG0003430	YEAST04732	AENJA_02400
OG0003434	YEAST02689	AENJA_02675
OG0003435	YEAST05483	AENJA_02757
OG0003441	YEAST05981	AENJA_03511
OG0003443	YEAST06032	AENJA_03622
OG0003454	YEAST04088	AENJA_04653
OG0003458	YEAST00169	AENJA_05270
OG0003461	YEAST05752, YEAST04759	AENJA_05624
OG0003463	YEAST02371	AENJA_05770
OG0003464	YEAST05120	AENJA_10817, AENJA_05778
OG0003465	YEAST02874	AENJA_06069
OG0003467	YEAST01278	AENJA_06433
OG0003477	YEAST03665	AENJA_08292
OG0003483	YEAST06074	AENJA_09252
OG0003487	YEAST03066	AENJA_10277
OG0003491	YEAST03514	AENJA_11118
OG0003493	YEAST01076	AENJA_20319, AENJA_11275
OG0003497	YEAST00758	AENJA_12369
OG0003498	YEAST05680	AENJA_12653
OG0003500	YEAST03303, YEAST02683	AENJA_12709
OG0003501	YEAST01421	AENJA_13025
OG0003502	YEAST02519	AENJA_13200
OG0003503	YEAST00400	AENJA_13216
OG0003505	YEAST00697	AENJA_13629
OG0003509	YEAST02850	AENJA_14027
OG0003515	YEAST00923	AENJA_16192
OG0003518	YEAST04809	AENJA_16797
OG0003523	YEAST05393	AENJA_17997
OG0003531	YEAST00465	AENJA_19107
OG0003532	YEAST05810	AENJA_19405
OG0003539	YEAST03774	AENJA_20975
OG0003541	YEAST01314	AENJA_21308
OG0003543	YEAST01290	AENJA_21659
OG0003544	YEAST00251	AENJA_21703
OG0003550	YEAST06166	AENJA_22695
OG0003551	YEAST01826	AENJA_22715
OG0003552	YEAST04163	AENJA_22940
OG0003556	YEAST05216	AENJA_23329
OG0003560	YEAST02357, YEAST05925	AENJA_24076
OG0003561	YEAST06100	AENJA_24294
OG0003562	YEAST00960	AENJA_24391
OG0003565	YEAST03392	AENJA_24872
OG0003567	YEAST04838	AENJA_25441
OG0003568	YEAST04328	AENJA_25542
OG0003570	YEAST03562, YEAST04635	AENJA_26158
OG0003571	YEAST05553	AENJA_26245
OG0003573	YEAST00597	AENJA_26698
OG0003598	YEAST00803	AENJA_00099
OG0003599	YEAST04133	AENJA_00129, AENJA_06205
OG0003603	YEAST03529	AENJA_00222
OG0003610	YEAST02573	AENJA_00983
OG0003611	YEAST01054	AENJA_01033, AENJA_04941
OG0003612	YEAST00808	AENJA_01169
OG0003613	YEAST02366	AENJA_01172
OG0003615	YEAST01638	AENJA_01282, AENJA_22435, AENJA_06537
OG0003617	YEAST04802, YEAST04398	AENJA_01515, AENJA_11306
OG0003618	YEAST00747	AENJA_01642
OG0003619	YEAST04756	AENJA_13125, AENJA_01712, AENJA_03250, AENJA_01713
OG0003624	YEAST00147	AENJA_02868
OG0003630	YEAST04845	AENJA_03435
OG0003632	YEAST02125	AENJA_03584
OG0003638	YEAST00956	AENJA_04417
OG0003641	YEAST04061, YEAST01158	AENJA_05255
OG0003643	YEAST03144	AENJA_05513, AENJA_24494
OG0003644	YEAST01545	AENJA_06076
OG0003645	YEAST05809, YEAST05493	AENJA_06128
OG0003646	YEAST02349	AENJA_06203
OG0003647	YEAST04352, YEAST04433	AENJA_06206
OG0003649	YEAST00203	AENJA_06343
OG0003650	YEAST00737, YEAST04997	AENJA_06545
OG0003659	YEAST00140	AENJA_08800
OG0003661	YEAST02758	AENJA_09036
OG0003664	YEAST03791	AENJA_09805
OG0003668	YEAST06168	AENJA_10387
OG0003669	YEAST02813	AENJA_10658
OG0003672	YEAST03137	AENJA_11161, AENJA_24103
OG0003676	YEAST03110	AENJA_11880
OG0003678	YEAST02330	AENJA_12097
OG0003679	YEAST03223	AENJA_12320
OG0003682	YEAST00571	AENJA_12915
OG0003687	YEAST02527, YEAST04246	AENJA_13636
OG0003688	YEAST01333, YEAST05362, YEAST00376	AENJA_13670
OG0003689	YEAST04232	AENJA_14017
OG0003690	YEAST01162	AENJA_20908, AENJA_14230
OG0003692	YEAST00692	AENJA_18360, AENJA_14437
OG0003693	YEAST05304	AENJA_14583
OG0003694	YEAST01453	AENJA_14806
OG0003696	YEAST05704	AENJA_15025
OG0003697	YEAST04962	AENJA_15049
OG0003698	YEAST03764, YEAST03185	AENJA_15085
OG0003703	YEAST00683	AENJA_15505, AENJA_15513
OG0003710	YEAST02077	AENJA_17579
OG0003712	YEAST02114	AENJA_17842
OG0003713	YEAST01549, YEAST03807	AENJA_17988
OG0003716	YEAST02390	AENJA_18178
OG0003718	YEAST05772	AENJA_18593, AENJA_23619
OG0003719	YEAST06338	AENJA_18681
OG0003721	YEAST04960	AENJA_19137
OG0003724	YEAST02365, YEAST06120	AENJA_19400
OG0003729	YEAST01543	AENJA_19798
OG0003731	YEAST04486	AENJA_19989
OG0003733	YEAST03492	AENJA_20334
OG0003734	YEAST02809, YEAST03842	AENJA_20690
OG0003735	YEAST06115	AENJA_20826
OG0003738	YEAST05605	AENJA_21039
OG0003740	YEAST01029	AENJA_21680
OG0003741	YEAST01379	AENJA_21770
OG0003743	YEAST06008, YEAST05688	AENJA_22572
OG0003744	YEAST01207	AENJA_22829
OG0003745	YEAST02618	AENJA_23235, AENJA_23237, AENJA_23234
OG0003749	YEAST04441	AENJA_23639
OG0003750	YEAST00149	AENJA_23963
OG0003756	YEAST01878	AENJA_25172
OG0003758	YEAST06133	AENJA_25591
OG0003759	YEAST03315	AENJA_25619
OG0003806	YEAST02367	AENJA_00944
OG0003807	YEAST04265, YEAST03128	AENJA_00967
OG0003808	YEAST01201	AENJA_00978
OG0003811	YEAST00417	AENJA_01571
OG0003812	YEAST00287	AENJA_01871
OG0003813	YEAST00254	AENJA_02053
OG0003818	YEAST04318	AENJA_02472, AENJA_02475
OG0003824	YEAST01468	AENJA_02975
OG0003828	YEAST02448	AENJA_03700
OG0003829	YEAST02032, YEAST01031	AENJA_03792
OG0003831	YEAST03010, YEAST05137, YEAST02344	AENJA_03886
OG0003834	YEAST06322	AENJA_04549, AENJA_04550
OG0003837	YEAST02586	AENJA_04856
OG0003838	YEAST03413	AENJA_04967
OG0003839	YEAST01736	AENJA_05236, AENJA_06897
OG0003844	YEAST06054	AENJA_06372
OG0003846	YEAST00356	AENJA_06476
OG0003848	YEAST01654	AENJA_06904
OG0003850	YEAST00228	AENJA_07117, AENJA_21595
OG0003851	YEAST06169	AENJA_07129
OG0003852	YEAST03296	AENJA_07216
OG0003853	YEAST06251	AENJA_07482, AENJA_19998
OG0003855	YEAST04936	AENJA_07705
OG0003856	YEAST03934, YEAST02710	AENJA_08084
OG0003858	YEAST01401	AENJA_08566
OG0003860	YEAST01412	AENJA_08805, AENJA_11742
OG0003866	YEAST01895	AENJA_09527
OG0003867	YEAST03558	AENJA_09761
OG0003868	YEAST01448	AENJA_09827
OG0003869	YEAST02771	AENJA_17460, AENJA_09977
OG0003875	YEAST05070	AENJA_10875
OG0003876	YEAST02423	AENJA_10876
OG0003877	YEAST04860, YEAST05867, YEAST03825	AENJA_11020
OG0003879	YEAST00463	AENJA_11207
OG0003881	YEAST03851	AENJA_11372
OG0003882	YEAST03663	AENJA_11663
OG0003886	YEAST06023	AENJA_12066
OG0003887	YEAST00028	AENJA_12157
OG0003893	YEAST05028	AENJA_13141
OG0003897	YEAST01270	AENJA_14064
OG0003899	YEAST04954	AENJA_14656
OG0003904	YEAST01732	AENJA_16228
OG0003907	YEAST02999, YEAST02288	AENJA_25978, AENJA_17207
OG0003908	YEAST01362	AENJA_22677
OG0003908	YEAST06330	AENJA_17280
OG0003910	YEAST03780	AENJA_17611
OG0003911	YEAST00032	AENJA_17893
OG0003913	YEAST03258	AENJA_18124
OG0003918	YEAST00058	AENJA_19068
OG0003921	YEAST06181	AENJA_19828
OG0003926	YEAST04138	AENJA_20056
OG0003929	YEAST04489, YEAST01422	AENJA_20627
OG0003930	YEAST03969	AENJA_20961
OG0003931	YEAST01142	AENJA_21038
OG0003934	YEAST00084	AENJA_21817
OG0003938	YEAST01566, YEAST05133	AENJA_22573
OG0003939	YEAST03211	AENJA_22721
OG0003944	YEAST01186	AENJA_23555
OG0003946	YEAST03220	AENJA_24350
OG0003947	YEAST06266, YEAST05428	AENJA_24809
OG0003949	YEAST01888	AENJA_25294
OG0003950	YEAST01409	AENJA_25298
OG0003954	YEAST02764	AENJA_26001
OG0003955	YEAST03951	AENJA_26253
OG0003959	YEAST02778	AENJA_26551
OG0003961	YEAST01991	AENJA_26616
OG0003999	YEAST05604	AENJA_00953
OG0004000	YEAST06060	AENJA_01025
OG0004005	YEAST06216	AENJA_01410, AENJA_01411
OG0004007	YEAST01456	AENJA_01716
OG0004012	YEAST00755	AENJA_02300
OG0004017	YEAST03019	AENJA_03846
OG0004023	YEAST04349	AENJA_04821
OG0004027	YEAST03587	AENJA_05469
OG0004032	YEAST02562	AENJA_06151
OG0004033	YEAST02572	AENJA_07800, AENJA_06467
OG0004035	YEAST02134	AENJA_07045
OG0004037	YEAST03371	AENJA_07206
OG0004042	YEAST05578	AENJA_07854
OG0004044	YEAST05367	AENJA_07917
OG0004047	YEAST02496	AENJA_08079
OG0004051	YEAST01772	AENJA_08973
OG0004052	YEAST03705	AENJA_09045, AENJA_09047
OG0004054	YEAST05576	AENJA_09386
OG0004056	YEAST05698	AENJA_09747
OG0004057	YEAST05620	AENJA_09847
OG0004059	YEAST00030	AENJA_10120
OG0004065	YEAST00772	AENJA_10916, AENJA_10915
OG0004067	YEAST02665	AENJA_11072, AENJA_11073
OG0004068	YEAST03461	AENJA_11291
OG0004071	YEAST02893	AENJA_11569
OG0004072	YEAST02440	AENJA_11674
OG0004075	YEAST02332	AENJA_25225, AENJA_11909, AENJA_25684
OG0004076	YEAST05461	AENJA_11962
OG0004079	YEAST04385	AENJA_12149
OG0004080	YEAST00812	AENJA_12559, AENJA_12560
OG0004082	YEAST00063, YEAST05409	AENJA_12648
OG0004090	YEAST02301, YEAST02021	AENJA_14113
OG0004091	YEAST04715	AENJA_14497, AENJA_14498
OG0004092	YEAST03564, YEAST06307	AENJA_14629
OG0004096	YEAST00160	AENJA_14942
OG0004097	YEAST05039	AENJA_15032
OG0004101	YEAST03547, YEAST02901	AENJA_16349
OG0004102	YEAST05787	AENJA_16425
OG0004103	YEAST05061	AENJA_16652, AENJA_16649
OG0004105	YEAST01700, YEAST01565	AENJA_17274
OG0004110	YEAST02825	AENJA_17972
OG0004113	YEAST02059	AENJA_18290
OG0004115	YEAST00325	AENJA_18384
OG0004116	YEAST00481	AENJA_18624
OG0004118	YEAST01855	AENJA_19037
OG0004119	YEAST02170	AENJA_19319
OG0004120	YEAST01953	AENJA_19470
OG0004123	YEAST04761	AENJA_19882
OG0004124	YEAST01139	AENJA_20051
OG0004127	YEAST06097	AENJA_20390
OG0004130	YEAST03149	AENJA_20514
OG0004134	YEAST05611	AENJA_20800
OG0004136	YEAST01084	AENJA_21121
OG0004142	YEAST05774	AENJA_22247
OG0004148	YEAST00867	AENJA_23349
OG0004150	YEAST04690	AENJA_23752
OG0004151	YEAST04284	AENJA_23954
OG0004153	YEAST05958, YEAST04386, YEAST00290	AENJA_24217, AENJA_24230
OG0004154	YEAST05587	AENJA_24263
OG0004158	YEAST03379	AENJA_24429
OG0004161	YEAST04124	AENJA_25182
OG0004162	YEAST04517	AENJA_25282
OG0004164	YEAST05923	AENJA_25479
OG0004166	YEAST00189	AENJA_25748
OG0004168	YEAST03028	AENJA_26286
OG0004169	YEAST05813	AENJA_26454
OG0004170	YEAST05906	AENJA_26593
OG0004171	YEAST04501	AENJA_26685
OG0004215	YEAST04590	AENJA_00310
OG0004217	YEAST01257	AENJA_00550
OG0004219	YEAST00912	AENJA_01020
OG0004222	YEAST05826	AENJA_01486
OG0004230	YEAST02220	AENJA_24753, AENJA_02152
OG0004232	YEAST05931	AENJA_02302
OG0004236	YEAST05432	AENJA_02429
OG0004237	YEAST04445, YEAST04344	AENJA_02572, AENJA_07147
OG0004239	YEAST05144	AENJA_02668
OG0004243	YEAST00306	AENJA_03297
OG0004245	YEAST00859	AENJA_03416, AENJA_09928, AENJA_21565
OG0004248	YEAST03678	AENJA_03763
OG0004249	YEAST02740	AENJA_03888
OG0004250	YEAST05543	AENJA_04014
OG0004252	YEAST05178	AENJA_04057
OG0004254	YEAST03900	AENJA_04427, AENJA_09254
OG0004258	YEAST00665	AENJA_15676, AENJA_04921, AENJA_24630
OG0004259	YEAST03730	AENJA_05091
OG0004261	YEAST02564	AENJA_25277, AENJA_13929, AENJA_22921, AENJA_22459, AENJA_05609
OG0004262	YEAST02368	AENJA_05767
OG0004268	YEAST00496	AENJA_06438
OG0004269	YEAST04758	AENJA_06472
OG0004273	YEAST02547	AENJA_07053
OG0004278	YEAST00243	AENJA_07644, AENJA_08435
OG0004280	YEAST05895	AENJA_07853
OG0004282	YEAST02575, YEAST06242	AENJA_07918
OG0004283	YEAST04184	AENJA_07931, AENJA_19675
OG0004287	YEAST01708	AENJA_10688, AENJA_10695, AENJA_08479
OG0004289	YEAST05719	AENJA_08571
OG0004291	YEAST00852	AENJA_08666
OG0004292	YEAST02537	AENJA_08709, AENJA_21597
OG0004295	YEAST05946	AENJA_08995
OG0004297	YEAST01463	AENJA_09281
OG0004300	YEAST05309	AENJA_09414
OG0004301	YEAST03850	AENJA_09948, AENJA_09950, AENJA_11810
OG0004302	YEAST05203	AENJA_09951, AENJA_11814
OG0004303	YEAST02492	AENJA_10102
OG0004304	YEAST02425, YEAST05929	AENJA_10126
OG0004305	YEAST02123	AENJA_10671
OG0004307	YEAST04592	AENJA_10811
OG0004308	YEAST04835	AENJA_10896
OG0004309	YEAST05924	AENJA_10914
OG0004310	YEAST05001	AENJA_11180, AENJA_23448
OG0004312	YEAST03330	AENJA_11219
OG0004314	YEAST00500	AENJA_11558
OG0004324	YEAST04322	AENJA_12557
OG0004330	YEAST06277	AENJA_13252
OG0004331	YEAST06230	AENJA_13331
OG0004333	YEAST01391	AENJA_13634
OG0004335	YEAST01057	AENJA_13686
OG0004337	YEAST05652	AENJA_13913
OG0004338	YEAST05023	AENJA_14330
OG0004344	YEAST02441	AENJA_15963
OG0004345	YEAST04894	AENJA_16155
OG0004347	YEAST04515	AENJA_16598
OG0004348	YEAST03956	AENJA_16800
OG0004350	YEAST04742	AENJA_16841
OG0004351	YEAST04167	AENJA_16867
OG0004353	YEAST05143	AENJA_17017
OG0004356	YEAST02877	AENJA_17320
OG0004357	YEAST02304	AENJA_17547
OG0004358	YEAST01304	AENJA_18672, AENJA_18047, AENJA_18673
OG0004359	YEAST01873	AENJA_18134
OG0004364	YEAST00647	AENJA_19146
OG0004366	YEAST01097	AENJA_19317
OG0004369	YEAST04013	AENJA_19753
OG0004370	YEAST02378	AENJA_24515, AENJA_19903
OG0004374	YEAST00556	AENJA_20422
OG0004377	YEAST05181	AENJA_21485
OG0004378	YEAST03291	AENJA_21608
OG0004379	YEAST02180, YEAST04152	AENJA_21681
OG0004380	YEAST04825	AENJA_21685
OG0004382	YEAST03218	AENJA_22037
OG0004394	YEAST00619	AENJA_23929
OG0004396	YEAST01668	AENJA_24530
OG0004400	YEAST03238, YEAST03731	AENJA_25584
OG0004401	YEAST04219	AENJA_25597
OG0004402	YEAST05942, YEAST03617	AENJA_25980
OG0004404	YEAST00833, YEAST00883	AENJA_26407
OG0004460	YEAST06162	AENJA_10602, AENJA_00174
OG0004462	YEAST03397	AENJA_03119, AENJA_00195
OG0004468	YEAST04439	AENJA_00461
OG0004472	YEAST06199	AENJA_00868
OG0004479	YEAST00474	AENJA_02206
OG0004484	YEAST01989	AENJA_02375
OG0004486	YEAST00968	AENJA_02721
OG0004489	YEAST03700	AENJA_03089
OG0004490	YEAST02887	AENJA_03148
OG0004492	YEAST05415, YEAST01368	AENJA_03264
OG0004494	YEAST03738	AENJA_03427
OG0004495	YEAST00946	AENJA_03794
OG0004498	YEAST02716	AENJA_04040
OG0004500	YEAST04651	AENJA_04178
OG0004503	YEAST02385	AENJA_04529, AENJA_23467
OG0004505	YEAST01701	AENJA_08695, AENJA_04733, AENJA_22550
OG0004506	YEAST06061	AENJA_04842
OG0004507	YEAST04994	AENJA_04865
OG0004512	YEAST01510	AENJA_05863
OG0004513	YEAST04235	AENJA_06212
OG0004515	YEAST05737	AENJA_06345
OG0004519	YEAST01596	AENJA_06969
OG0004520	YEAST06001, YEAST05696	AENJA_07201
OG0004525	YEAST03937	AENJA_07831
OG0004526	YEAST02603	AENJA_23914, AENJA_07835
OG0004529	YEAST03981	AENJA_07939, AENJA_07944
OG0004535	YEAST02221	AENJA_08570
OG0004538	YEAST02750	AENJA_08665
OG0004541	YEAST02645, YEAST03788, YEAST04781	AENJA_08939
OG0004542	YEAST04816, YEAST04623	AENJA_09105
OG0004545	YEAST02071	AENJA_19665, AENJA_09222, AENJA_25205, AENJA_22344
OG0004546	YEAST04485	AENJA_09271
OG0004551	YEAST05315	AENJA_11055
OG0004551	YEAST00426	AENJA_14630
OG0004554	YEAST05640, YEAST04172	AENJA_11434
OG0004559	YEAST04428	AENJA_11902
OG0004563	YEAST04325	AENJA_12215
OG0004566	YEAST02192	AENJA_12676
OG0004567	YEAST05747	AENJA_12797
OG0004571	YEAST02127	AENJA_13264
OG0004573	YEAST00677	AENJA_13416
OG0004577	YEAST02283	AENJA_13927
OG0004579	YEAST00134	AENJA_14039
OG0004581	YEAST03583, YEAST04618	AENJA_14240
OG0004582	YEAST04377	AENJA_14257
OG0004583	YEAST05833	AENJA_14685
OG0004584	YEAST03457	AENJA_14870
OG0004585	YEAST01153	AENJA_14884
OG0004590	YEAST03622, YEAST00886	AENJA_15587
OG0004593	YEAST01231	AENJA_16066
OG0004606	YEAST05926	AENJA_17079
OG0004609	YEAST05326	AENJA_17443
OG0004610	YEAST04487, YEAST01427	AENJA_17485
OG0004611	YEAST04613	AENJA_17567
OG0004612	YEAST02359	AENJA_17697
OG0004616	YEAST00250, YEAST02830	AENJA_17897
OG0004619	YEAST03531	AENJA_18030
OG0004621	YEAST00178	AENJA_18130
OG0004623	YEAST04421	AENJA_18259
OG0004626	YEAST00427	AENJA_18829
OG0004630	YEAST01322, YEAST02951	AENJA_19296
OG0004633	YEAST03510	AENJA_19396
OG0004634	YEAST00262, YEAST00249	AENJA_19399
OG0004635	YEAST02703	AENJA_19421
OG0004639	YEAST02924	AENJA_19701
OG0004648	YEAST04721, YEAST05892	AENJA_21464
OG0004649	YEAST02284	AENJA_21530
OG0004651	YEAST01146	AENJA_21665
OG0004654	YEAST00988	AENJA_21881
OG0004655	YEAST01640	AENJA_21945
OG0004656	YEAST04281	AENJA_22399
OG0004657	YEAST00473	AENJA_22627
OG0004658	YEAST04140	AENJA_22666
OG0004659	YEAST02251	AENJA_22731
OG0004660	YEAST06221, YEAST00721	AENJA_22903
OG0004663	YEAST01161	AENJA_23128
OG0004664	YEAST05162	AENJA_23247
OG0004668	YEAST01610	AENJA_23876
OG0004669	YEAST00949	AENJA_23970
OG0004670	YEAST03416	AENJA_23983
OG0004671	YEAST02606	AENJA_24032
OG0004674	YEAST05448	AENJA_24465
OG0004675	YEAST05072, YEAST02983	AENJA_24642
OG0004676	YEAST05785, YEAST00056, YEAST02694	AENJA_24878
OG0004678	YEAST02777, YEAST04846	AENJA_25081
OG0004682	YEAST02876	AENJA_25603
OG0004683	YEAST00676	AENJA_25906
OG0004684	YEAST05643	AENJA_25907
OG0004685	YEAST04200	AENJA_26252
OG0004687	YEAST00982	AENJA_26633
OG0004691	YEAST00819	AENJA_26781
OG0004728	YEAST04662, YEAST00882	AENJA_00010
OG0004733	YEAST06337	AENJA_00482
OG0004735	YEAST04508	AENJA_00527
OG0004739	YEAST01817	AENJA_00833
OG0004740	YEAST04029	AENJA_00889
OG0004743	YEAST04299	AENJA_00975
OG0004747	YEAST01134	AENJA_02204
OG0004748	YEAST03942	AENJA_09307, AENJA_25929, AENJA_25930, AENJA_02212, AENJA_02211
OG0004749	YEAST05904	AENJA_02213
OG0004753	YEAST04746	AENJA_02412
OG0004755	YEAST03690	AENJA_02461
OG0004756	YEAST03704	AENJA_02560
OG0004759	YEAST02912	AENJA_02782
OG0004760	YEAST01847	AENJA_02947
OG0004764	YEAST04443, YEAST04345	AENJA_03553
OG0004765	YEAST02487	AENJA_03642
OG0004766	YEAST01053	AENJA_03824
OG0004767	YEAST03559	AENJA_03880
OG0004768	YEAST02666	AENJA_03887
OG0004769	YEAST06228	AENJA_04019
OG0004770	YEAST03432	AENJA_04020
OG0004774	YEAST06062	AENJA_04499
OG0004785	YEAST04153	AENJA_05817
OG0004786	YEAST01015	AENJA_05823, AENJA_22606
OG0004787	YEAST02164	AENJA_05829
OG0004792	YEAST02299	AENJA_06378
OG0004795	YEAST02163	AENJA_06563
OG0004797	YEAST00371	AENJA_06655
OG0004805	YEAST03570	AENJA_07591
OG0004808	YEAST02354	AENJA_07815
OG0004811	YEAST01683	AENJA_07997
OG0004814	YEAST05710	AENJA_08117
OG0004816	YEAST04664	AENJA_08251
OG0004819	YEAST00279	AENJA_08530, AENJA_08531
OG0004820	YEAST05404	AENJA_08911, AENJA_08918
OG0004822	YEAST03199	AENJA_09116
OG0004833	YEAST01309	AENJA_09996
OG0004836	YEAST00658	AENJA_10309
OG0004840	YEAST01399	AENJA_10771
OG0004841	YEAST01375	AENJA_10828
OG0004842	YEAST05083	AENJA_10831
OG0004843	YEAST03163	AENJA_10860
OG0004844	YEAST01571	AENJA_11067
OG0004848	YEAST02387	AENJA_11309
OG0004849	YEAST06335	AENJA_11321
OG0004850	YEAST05082, YEAST02977	AENJA_11412
OG0004851	YEAST02907	AENJA_11448
OG0004852	YEAST00825	AENJA_11559
OG0004854	YEAST00889, YEAST04304	AENJA_11701
OG0004855	YEAST03252	AENJA_11702
OG0004856	YEAST05973	AENJA_11708
OG0004858	YEAST04268	AENJA_12040
OG0004863	YEAST00862	AENJA_12291
OG0004864	YEAST00264	AENJA_12322
OG0004874	YEAST04564	AENJA_13351
OG0004875	YEAST02491	AENJA_13517
OG0004877	YEAST05247	AENJA_13821
OG0004879	YEAST01311	AENJA_13901, AENJA_13900
OG0004880	YEAST06046	AENJA_14006
OG0004881	YEAST00141	AENJA_14067
OG0004886	YEAST05077	AENJA_14557
OG0004887	YEAST05734	AENJA_14679
OG0004893	YEAST04667	AENJA_15519
OG0004896	YEAST06193	AENJA_15696
OG0004897	YEAST03127, YEAST00642	AENJA_15708
OG0004898	YEAST01269	AENJA_15713, AENJA_15712
OG0004902	YEAST00933	AENJA_16316
OG0004903	YEAST03539	AENJA_16438
OG0004906	YEAST02770	AENJA_16690, AENJA_26441
OG0004911	YEAST04765	AENJA_16946
OG0004913	YEAST01636	AENJA_17248
OG0004914	YEAST03369	AENJA_17388
OG0004917	YEAST00244	AENJA_17545
OG0004922	YEAST03302	AENJA_18036, AENJA_18037
OG0004924	YEAST03555, YEAST03277	AENJA_18232
OG0004928	YEAST00311	AENJA_18869
OG0004932	YEAST04654	AENJA_19433
OG0004935	YEAST02167	AENJA_19714
OG0004940	YEAST05107, YEAST05559	AENJA_20384
OG0004941	YEAST03194	AENJA_20437
OG0004947	YEAST05164	AENJA_22271
OG0004948	YEAST02275	AENJA_22467
OG0004949	YEAST04201	AENJA_22471
OG0004952	YEAST02477	AENJA_23013
OG0004954	YEAST06058	AENJA_23328
OG0004962	YEAST04400	AENJA_23749
OG0004963	YEAST04940	AENJA_23812
OG0004964	YEAST04104	AENJA_24147
OG0004968	YEAST03489	AENJA_24458
OG0004969	YEAST02591	AENJA_24520
OG0004970	YEAST04414	AENJA_24573
OG0004971	YEAST05364	AENJA_24578
OG0004972	YEAST03511	AENJA_24749
OG0004975	YEAST00144, YEAST01994	AENJA_25050
OG0004976	YEAST05983	AENJA_25080
OG0004977	YEAST06017	AENJA_25085
OG0004979	YEAST06027	AENJA_25410
OG0004980	YEAST05221	AENJA_25419
OG0004981	YEAST03914, YEAST04639	AENJA_25504
OG0004982	YEAST03625	AENJA_25668
OG0004985	YEAST03498	AENJA_26124
OG0004988	YEAST05990	AENJA_26346
OG0004989	YEAST04576	AENJA_26564
OG0004990	YEAST04419	AENJA_26628
OG0004992	YEAST05627	AENJA_26724
OG0005038	YEAST02861	AENJA_00045
OG0005040	YEAST04778	AENJA_00082
OG0005047	YEAST01837	AENJA_00552
OG0005053	YEAST00680	AENJA_01012
OG0005055	YEAST02159	AENJA_01142
OG0005059	YEAST03737	AENJA_01536
OG0005067	YEAST06051	AENJA_02335
OG0005069	YEAST03130	AENJA_02390
OG0005073	YEAST00873	AENJA_02563
OG0005076	YEAST04563	AENJA_02930
OG0005081	YEAST03124	AENJA_03161
OG0005083	YEAST00678, YEAST05235	AENJA_03370
OG0005084	YEAST03782	AENJA_03378
OG0005085	YEAST06159	AENJA_03391
OG0005086	YEAST00205	AENJA_03514
OG0005087	YEAST00816	AENJA_03523
OG0005088	YEAST05769, YEAST03125	AENJA_03643
OG0005089	YEAST04644	AENJA_09868, AENJA_03710
OG0005090	YEAST00338	AENJA_03754
OG0005091	YEAST05089	AENJA_03934
OG0005093	YEAST01810	AENJA_03996
OG0005095	YEAST04437	AENJA_04110
OG0005096	YEAST00667	AENJA_04204
OG0005097	YEAST05071	AENJA_04431
OG0005099	YEAST01396	AENJA_04491
OG0005100	YEAST02389	AENJA_04820
OG0005104	YEAST05248	AENJA_05405
OG0005106	YEAST06065, YEAST00421	AENJA_05457
OG0005107	YEAST06099	AENJA_11332, AENJA_16150, AENJA_05759
OG0005109	YEAST05204, YEAST00612	AENJA_05821
OG0005111	YEAST06212, YEAST04032	AENJA_05942
OG0005114	YEAST02131	AENJA_16137, AENJA_06756
OG0005117	YEAST06050	AENJA_07237
OG0005121	YEAST02052	AENJA_07745
OG0005124	YEAST04099	AENJA_07802
OG0005130	YEAST03863	AENJA_08397
OG0005139	YEAST04015	AENJA_09924, AENJA_15622
OG0005142	YEAST03890	AENJA_10009
OG0005143	YEAST00443	AENJA_10049
OG0005144	YEAST04065	AENJA_22343, AENJA_10084
OG0005146	YEAST02971	AENJA_10342
OG0005149	YEAST03025, YEAST02738	AENJA_10565
OG0005151	YEAST03382	AENJA_11027, AENJA_18836
OG0005152	YEAST00847	AENJA_11080, AENJA_11081
OG0005157	YEAST02981	AENJA_11597
OG0005160	YEAST06113	AENJA_11799
OG0005164	YEAST06283	AENJA_12166
OG0005167	YEAST03924	AENJA_12659
OG0005168	YEAST06272	AENJA_12811
OG0005169	YEAST00459	AENJA_12818
OG0005175	YEAST05445	AENJA_13376
OG0005176	YEAST00218	AENJA_13525
OG0005178	YEAST04497	AENJA_13682
OG0005179	YEAST05659	AENJA_13683
OG0005183	YEAST05308	AENJA_14222
OG0005184	YEAST00492	AENJA_14397
OG0005187	YEAST05234	AENJA_14581
OG0005188	YEAST01554	AENJA_14606
OG0005191	YEAST00993	AENJA_14708
OG0005192	YEAST05720	AENJA_14714, AENJA_14713
OG0005194	YEAST04086	AENJA_15083
OG0005196	YEAST01388	AENJA_15512
OG0005198	YEAST00327	AENJA_15753
OG0005200	YEAST01016	AENJA_15889
OG0005201	YEAST00082	AENJA_15944
OG0005203	YEAST02207	AENJA_16058
OG0005204	YEAST01178	AENJA_16162
OG0005205	YEAST01046	AENJA_16290
OG0005208	YEAST01429	AENJA_16681
OG0005212	YEAST06147	AENJA_16938
OG0005220	YEAST04357	AENJA_18013
OG0005221	YEAST03209	AENJA_18089, AENJA_18087
OG0005222	YEAST05518	AENJA_18251
OG0005224	YEAST06324	AENJA_18467
OG0005225	YEAST05094	AENJA_18857
OG0005227	YEAST05529	AENJA_19102, AENJA_26640
OG0005228	YEAST05916	AENJA_23120, AENJA_19277
OG0005229	YEAST04766	AENJA_19358
OG0005231	YEAST02681	AENJA_19506
OG0005233	YEAST00564	AENJA_19580
OG0005237	YEAST05398	AENJA_19710
OG0005238	YEAST00351	AENJA_19721
OG0005239	YEAST04499	AENJA_19990
OG0005240	YEAST03058	AENJA_20005
OG0005244	YEAST06021	AENJA_20092
OG0005247	YEAST06314	AENJA_20373
OG0005249	YEAST03446	AENJA_20420
OG0005251	YEAST00934	AENJA_20701, AENJA_20700
OG0005254	YEAST00814	AENJA_21033
OG0005259	YEAST04276	AENJA_21569
OG0005261	YEAST01831	AENJA_21820
OG0005262	YEAST05458	AENJA_21894
OG0005264	YEAST03506	AENJA_21961
OG0005267	YEAST03513	AENJA_22355
OG0005269	YEAST03314	AENJA_22732
OG0005273	YEAST04916	AENJA_23163
OG0005275	YEAST03695	AENJA_23280
OG0005277	YEAST04186	AENJA_23499
OG0005279	YEAST05219	AENJA_23668
OG0005280	YEAST00305	AENJA_23904, AENJA_23903, AENJA_23905
OG0005281	YEAST05694	AENJA_23910
OG0005285	YEAST03115	AENJA_24684
OG0005289	YEAST03438	AENJA_25114
OG0005292	YEAST01718	AENJA_25293
OG0005293	YEAST03033	AENJA_25366
OG0005294	YEAST01981	AENJA_25605
OG0005295	YEAST04584	AENJA_25904
OG0005298	YEAST03696	AENJA_26046
OG0005299	YEAST00788	AENJA_26064
OG0005300	YEAST04941	AENJA_26263
OG0005304	YEAST05397	AENJA_26674
OG0005360	YEAST05037	AENJA_00600
OG0005365	YEAST00555	AENJA_01109
OG0005366	YEAST05488	AENJA_07344, AENJA_24633, AENJA_01145
OG0005370	YEAST06092	AENJA_01616
OG0005371	YEAST06170	AENJA_01629, AENJA_01628
OG0005373	YEAST05422	AENJA_01827
OG0005374	YEAST05714	AENJA_01955
OG0005375	YEAST03962	AENJA_01962
OG0005379	YEAST03216	AENJA_02617
OG0005390	YEAST03532	AENJA_03640
OG0005391	YEAST02166	AENJA_03952
OG0005393	YEAST04280	AENJA_03974
OG0005394	YEAST00853	AENJA_03979
OG0005396	YEAST05100	AENJA_04397
OG0005399	YEAST03052	AENJA_04615
OG0005402	YEAST00454, YEAST00455	AENJA_07322, AENJA_05086
OG0005403	YEAST03894	AENJA_05096, AENJA_05789
OG0005406	YEAST00801	AENJA_05242
OG0005409	YEAST01305	AENJA_05383
OG0005412	YEAST00286	AENJA_05564
OG0005413	YEAST00212	AENJA_05574
OG0005417	YEAST02517	AENJA_05779, AENJA_10810
OG0005422	YEAST00744	AENJA_06255
OG0005430	YEAST02046	AENJA_06529
OG0005431	YEAST00653	AENJA_06544
OG0005432	YEAST00083	AENJA_06561
OG0005433	YEAST00126	AENJA_06729
OG0005435	YEAST02973	AENJA_13965, AENJA_06761
OG0005437	YEAST04554	AENJA_06816
OG0005438	YEAST03985	AENJA_06828
OG0005439	YEAST00480, YEAST02388	AENJA_06961
OG0005446	YEAST02856	AENJA_07688
OG0005448	YEAST00061	AENJA_07878
OG0005451	YEAST02174	AENJA_08098
OG0005455	YEAST01906	AENJA_08486
OG0005464	YEAST03289	AENJA_09339
OG0005465	YEAST02925	AENJA_09364
OG0005466	YEAST04413	AENJA_09722
OG0005468	YEAST03549	AENJA_10069
OG0005469	YEAST03750	AENJA_10070
OG0005470	YEAST05805	AENJA_10194
OG0005471	YEAST02704	AENJA_10209, AENJA_12360
OG0005474	YEAST05625	AENJA_10453, AENJA_10452
OG0005476	YEAST00929	AENJA_10501
OG0005479	YEAST06140	AENJA_10855
OG0005481	YEAST02988	AENJA_10900
OG0005482	YEAST06080	AENJA_10927
OG0005484	YEAST05993	AENJA_11054
OG0005488	YEAST02834	AENJA_11403
OG0005489	YEAST02006	AENJA_11457
OG0005490	YEAST02289	AENJA_11459
OG0005493	YEAST03669	AENJA_11632
OG0005495	YEAST04982	AENJA_11935
OG0005498	YEAST02944	AENJA_12235
OG0005499	YEAST00316	AENJA_12600
OG0005503	YEAST01883	AENJA_12860
OG0005504	YEAST02859	AENJA_12889
OG0005508	YEAST05735	AENJA_22456, AENJA_13303
OG0005511	YEAST04889	AENJA_21527, AENJA_13841
OG0005514	YEAST00756	AENJA_14445
OG0005524	YEAST04752	AENJA_15449
OG0005527	YEAST05177	AENJA_15756
OG0005531	YEAST02508	AENJA_16185
OG0005533	YEAST05670	AENJA_16223
OG0005535	YEAST03305	AENJA_16599
OG0005537	YEAST00932	AENJA_17179
OG0005539	YEAST01881	AENJA_17548
OG0005540	YEAST04214	AENJA_17551
OG0005545	YEAST06273	AENJA_18372
OG0005554	YEAST01003	AENJA_18804
OG0005556	YEAST01807	AENJA_18935
OG0005559	YEAST02680	AENJA_19056
OG0005560	YEAST01996	AENJA_19248
OG0005561	YEAST05048	AENJA_19485
OG0005562	YEAST02317	AENJA_19601
OG0005563	YEAST03552	AENJA_19676
OG0005564	YEAST02525	AENJA_19698
OG0005566	YEAST02934	AENJA_19875
OG0005569	YEAST01288	AENJA_20459
OG0005570	YEAST05155	AENJA_20636
OG0005572	YEAST04844	AENJA_20678
OG0005573	YEAST00059	AENJA_20903
OG0005574	YEAST02083	AENJA_21165
OG0005575	YEAST02256	AENJA_21248
OG0005580	YEAST03612	AENJA_21973
OG0005582	YEAST06134	AENJA_22257
OG0005584	YEAST03140, YEAST03524	AENJA_22564
OG0005586	YEAST00364	AENJA_22676
OG0005589	YEAST06142	AENJA_22696
OG0005590	YEAST05462	AENJA_22743
OG0005592	YEAST02743, YEAST03026, YEAST00679, YEAST05239	AENJA_22823
OG0005594	YEAST04980	AENJA_22998
OG0005595	YEAST01803	AENJA_23087
OG0005597	YEAST02753	AENJA_23387
OG0005598	YEAST01870	AENJA_23392
OG0005599	YEAST01798	AENJA_23484
OG0005600	YEAST00206	AENJA_23486
OG0005604	YEAST03276	AENJA_23601, AENJA_23600
OG0005605	YEAST01083	AENJA_23709
OG0005613	YEAST02714	AENJA_24898
OG0005617	YEAST02068	AENJA_25373
OG0005618	YEAST04830	AENJA_25599
OG0005620	YEAST04915	AENJA_25760
OG0005622	YEAST05142	AENJA_25969
OG0005623	YEAST01590	AENJA_26090
OG0005626	YEAST02896	AENJA_26279
OG0005632	YEAST01025	AENJA_26780
OG0005681	YEAST01514	AENJA_00039, AENJA_26565
OG0005694	YEAST02311	AENJA_08020, AENJA_00499
OG0005701	YEAST03349	AENJA_00987
OG0005702	YEAST02337	AENJA_01004
OG0005703	YEAST00484	AENJA_01041
OG0005707	YEAST01682	AENJA_01197
OG0005715	YEAST05111	AENJA_02021
OG0005719	YEAST01866	AENJA_02576, AENJA_21883, AENJA_16676, AENJA_06368, AENJA_14184, AENJA_03800, AENJA_16113
OG0005723	YEAST05629	AENJA_02860
OG0005724	YEAST03029	AENJA_02979
OG0005728	YEAST03877	AENJA_03321
OG0005729	YEAST04879	AENJA_03373
OG0005731	YEAST04127	AENJA_03387
OG0005732	YEAST05411, YEAST00067	AENJA_03425
OG0005734	YEAST03845	AENJA_03577
OG0005747	YEAST02338	AENJA_04612
OG0005749	YEAST00550	AENJA_04691
OG0005750	YEAST05318	AENJA_04732
OG0005758	YEAST03970	AENJA_05774
OG0005764	YEAST03256	AENJA_06405
OG0005769	YEAST05614	AENJA_06901
OG0005774	YEAST01218	AENJA_07195
OG0005775	YEAST04199	AENJA_07400
OG0005779	YEAST03322	AENJA_22397, AENJA_07902
OG0005783	YEAST04090	AENJA_08164
OG0005784	YEAST06131	AENJA_08165
OG0005787	YEAST03651	AENJA_08283
OG0005789	YEAST06245	AENJA_08496
OG0005790	YEAST01022	AENJA_08673
OG0005792	YEAST02379	AENJA_08731
OG0005793	YEAST03437	AENJA_08802
OG0005794	YEAST03999	AENJA_08842
OG0005796	YEAST02169	AENJA_09063
OG0005797	YEAST04949	AENJA_09169
OG0005799	YEAST05573	AENJA_09278
OG0005800	YEAST03278	AENJA_09323
OG0005801	YEAST00340	AENJA_09343
OG0005803	YEAST05968	AENJA_09439
OG0005805	YEAST01806	AENJA_09663, AENJA_12528
OG0005807	YEAST01275	AENJA_09729
OG0005811	YEAST01007	AENJA_10118
OG0005812	YEAST06095, YEAST02696, YEAST03626	AENJA_10119
OG0005814	YEAST01475	AENJA_22012, AENJA_10306
OG0005815	YEAST03739	AENJA_10315
OG0005819	YEAST04896	AENJA_10488
OG0005823	YEAST01415	AENJA_10752
OG0005828	YEAST00547	AENJA_11255
OG0005831	YEAST05339	AENJA_11339
OG0005832	YEAST00468	AENJA_11664
OG0005835	YEAST01714	AENJA_12042
OG0005837	YEAST02139	AENJA_12096
OG0005842	YEAST02254	AENJA_12408
OG0005843	YEAST02236	AENJA_12497
OG0005845	YEAST00903	AENJA_14043, AENJA_12673
OG0005848	YEAST01451, YEAST02858	AENJA_12933
OG0005849	YEAST01002	AENJA_12988
OG0005850	YEAST01618	AENJA_12991
OG0005860	YEAST01211	AENJA_13676
OG0005864	YEAST04171	AENJA_13906
OG0005865	YEAST02036	AENJA_14069
OG0005866	YEAST02662, YEAST00926, YEAST05389	AENJA_14163
OG0005869	YEAST04361	AENJA_14469
OG0005872	YEAST00119	AENJA_14877
OG0005874	YEAST05241	AENJA_14913
OG0005880	YEAST00456	AENJA_19973, AENJA_15552
OG0005886	YEAST01320	AENJA_16124
OG0005887	YEAST02429, YEAST01660	AENJA_16413
OG0005888	YEAST01289, YEAST02921	AENJA_16421
OG0005889	YEAST02568	AENJA_16715
OG0005893	YEAST05434	AENJA_17245
OG0005897	YEAST04730	AENJA_17702
OG0005898	YEAST04411	AENJA_17852
OG0005899	YEAST01832	AENJA_18115
OG0005901	YEAST04462	AENJA_18246
OG0005902	YEAST03800	AENJA_18247
OG0005906	YEAST01796	AENJA_18627
OG0005909	YEAST01623	AENJA_18683
OG0005919	YEAST06039	AENJA_20070
OG0005921	YEAST01856	AENJA_20303
OG0005922	YEAST03364	AENJA_20511
OG0005925	YEAST05583	AENJA_20679
OG0005928	YEAST02001	AENJA_20891
OG0005931	YEAST04950	AENJA_21193
OG0005932	YEAST02495	AENJA_21195
OG0005933	YEAST05705	AENJA_21408
OG0005936	YEAST03224	AENJA_21972
OG0005940	YEAST04035	AENJA_22657
OG0005943	YEAST00579	AENJA_22968
OG0005944	YEAST01316	AENJA_23015
OG0005946	YEAST05608	AENJA_23033
OG0005949	YEAST06253	AENJA_23232
OG0005952	YEAST03507	AENJA_23383, AENJA_26242
OG0005954	YEAST01233	AENJA_23538
OG0005955	YEAST00616	AENJA_23541
OG0005960	YEAST04608	AENJA_24360
OG0005961	YEAST00672	AENJA_24367
OG0005965	YEAST02033	AENJA_24829
OG0005966	YEAST04113	AENJA_24862
OG0005968	YEAST05417	AENJA_25169
OG0005969	YEAST04558, YEAST04559	AENJA_25218
OG0005970	YEAST05328	AENJA_25251
OG0005974	YEAST06068	AENJA_25677
OG0005976	YEAST02136	AENJA_25735
OG0005978	YEAST01891	AENJA_25870
OG0005980	YEAST06132	AENJA_26209
OG0005984	YEAST04078, YEAST01479	AENJA_26630
OG0005985	YEAST00726	AENJA_26651, AENJA_26654
OG0005986	YEAST02056	AENJA_26777
OG0005987	YEAST05748	AENJA_26832
OG0006059	YEAST03490	AENJA_07337, AENJA_00150
OG0006063	YEAST00475	AENJA_00605
OG0006064	YEAST03138	AENJA_00650
OG0006065	YEAST06018	AENJA_00665
OG0006069	YEAST00670	AENJA_00843
OG0006071	YEAST02732	AENJA_01102
OG0006072	YEAST03317	AENJA_01190, AENJA_01191
OG0006073	YEAST06328	AENJA_01226
OG0006074	YEAST00045	AENJA_01259
OG0006079	YEAST05794	AENJA_01432
OG0006084	YEAST02308	AENJA_01643
OG0006087	YEAST02260	AENJA_01889
OG0006090	YEAST03852	AENJA_02180
OG0006095	YEAST03334	AENJA_02769
OG0006096	YEAST03331	AENJA_23191, AENJA_02802
OG0006098	YEAST06192	AENJA_02992
OG0006103	YEAST01110	AENJA_03372
OG0006104	YEAST03697	AENJA_03385
OG0006106	YEAST00295	AENJA_03554
OG0006113	YEAST06164	AENJA_03955
OG0006114	YEAST05960	AENJA_04047
OG0006115	YEAST01346	AENJA_09142, AENJA_04130
OG0006116	YEAST05770	AENJA_04216
OG0006117	YEAST05899	AENJA_04248
OG0006122	YEAST05199	AENJA_04504
OG0006127	YEAST04711	AENJA_05400
OG0006134	YEAST00416	AENJA_06166
OG0006135	YEAST00161	AENJA_06474
OG0006136	YEAST05740	AENJA_06518
OG0006140	YEAST05182	AENJA_06694
OG0006141	YEAST02626	AENJA_06732
OG0006144	YEAST04770	AENJA_06817
OG0006145	YEAST01394	AENJA_07241
OG0006147	YEAST05179	AENJA_07690
OG0006149	YEAST05979	AENJA_07795, AENJA_26742
OG0006152	YEAST03796	AENJA_08046
OG0006155	YEAST04800	AENJA_10680, AENJA_08285
OG0006156	YEAST00437	AENJA_08334
OG0006157	YEAST02465	AENJA_08379, AENJA_19364
OG0006159	YEAST06098	AENJA_08791
OG0006160	YEAST01548	AENJA_08921
OG0006161	YEAST04301	AENJA_08974
OG0006168	YEAST01411	AENJA_09279
OG0006169	YEAST02933	AENJA_09311
OG0006176	YEAST03164	AENJA_10255
OG0006177	YEAST01871, YEAST01295	AENJA_10258
OG0006180	YEAST00504	AENJA_10861
OG0006181	YEAST02419	AENJA_10967
OG0006185	YEAST05986	AENJA_11023
OG0006186	YEAST01010	AENJA_11147
OG0006188	YEAST05311	AENJA_11273
OG0006189	YEAST00844, YEAST06269	AENJA_11334
OG0006191	YEAST02336	AENJA_11447
OG0006192	YEAST06153	AENJA_11677
OG0006196	YEAST03954	AENJA_11923
OG0006199	YEAST06121	AENJA_12139
OG0006200	YEAST05079	AENJA_12153
OG0006202	YEAST00362	AENJA_12367
OG0006204	YEAST02271	AENJA_12686
OG0006209	YEAST04555	AENJA_23478, AENJA_13087
OG0006210	YEAST00201	AENJA_13227
OG0006213	YEAST03554	AENJA_13784
OG0006214	YEAST04089	AENJA_13793
OG0006216	YEAST01089	AENJA_13923
OG0006217	YEAST00809	AENJA_14066
OG0006224	YEAST02751, YEAST03048	AENJA_15254
OG0006225	YEAST04875	AENJA_15351
OG0006227	YEAST00128	AENJA_15421
OG0006229	YEAST00143	AENJA_15614
OG0006230	YEAST03869	AENJA_15684
OG0006233	YEAST04247	AENJA_15946
OG0006237	YEAST02126	AENJA_16177
OG0006240	YEAST04649	AENJA_16454
OG0006245	YEAST05732	AENJA_16829
OG0006247	YEAST04977	AENJA_17041
OG0006249	YEAST00821	AENJA_17261
OG0006250	YEAST05424	AENJA_17439
OG0006251	YEAST04963	AENJA_17441
OG0006255	YEAST03350	AENJA_17672
OG0006258	YEAST05637	AENJA_17969
OG0006259	YEAST05672	AENJA_18025
OG0006260	YEAST04100	AENJA_18129
OG0006263	YEAST02521	AENJA_18245
OG0006269	YEAST03069	AENJA_18662
OG0006271	YEAST00375	AENJA_18740
OG0006275	YEAST06102	AENJA_19065
OG0006277	YEAST02811	AENJA_19169
OG0006279	YEAST04402	AENJA_19295
OG0006280	YEAST04541	AENJA_19369
OG0006281	YEAST04979	AENJA_19582, AENJA_19578
OG0006282	YEAST01445	AENJA_19605, AENJA_20673
OG0006283	YEAST00229	AENJA_19606
OG0006284	YEAST04213	AENJA_19713
OG0006288	YEAST02860	AENJA_19866
OG0006289	YEAST06209	AENJA_19932
OG0006293	YEAST05380	AENJA_20143
OG0006294	YEAST04000	AENJA_20284
OG0006295	YEAST05360	AENJA_20394
OG0006302	YEAST01852	AENJA_21163, AENJA_21164
OG0006306	YEAST00230	AENJA_21664
OG0006311	YEAST01145	AENJA_21861
OG0006313	YEAST02392	AENJA_21937
OG0006315	YEAST00489	AENJA_22252
OG0006317	YEAST02082	AENJA_22566
OG0006319	YEAST01135	AENJA_22630
OG0006320	YEAST04478	AENJA_22758
OG0006322	YEAST00815	AENJA_22831
OG0006329	YEAST01245	AENJA_23040
OG0006332	YEAST06042	AENJA_23127
OG0006334	YEAST00864	AENJA_23288
OG0006335	YEAST02588	AENJA_23454
OG0006339	YEAST06286	AENJA_23637, AENJA_24037
OG0006340	YEAST00922, YEAST05387	AENJA_23711
OG0006341	YEAST01452	AENJA_23741, AENJA_25917
OG0006344	YEAST01465	AENJA_23992
OG0006347	YEAST03436	AENJA_24626
OG0006349	YEAST05233	AENJA_25019
OG0006350	YEAST00452	AENJA_25064
OG0006357	YEAST02650	AENJA_25611
OG0006360	YEAST01556	AENJA_25814
OG0006362	YEAST05722	AENJA_25951
OG0006447	YEAST03459	AENJA_00097
OG0006448	YEAST00505, YEAST04285	AENJA_00147
OG0006449	YEAST02458	AENJA_00161
OG0006456	YEAST06224	AENJA_18569, AENJA_00534
OG0006459	YEAST00972, YEAST00245	AENJA_00708
OG0006461	YEAST05346	AENJA_00796
OG0006462	YEAST01838	AENJA_00971
OG0006464	YEAST05965	AENJA_01149
OG0006465	YEAST01875	AENJA_01262
OG0006467	YEAST02272	AENJA_05912
OG0006470	YEAST01306	AENJA_01586
OG0006474	YEAST03988	AENJA_01839
OG0006475	YEAST06223, YEAST00349	AENJA_02093
OG0006476	YEAST00315	AENJA_02142
OG0006479	YEAST05669	AENJA_02378
OG0006481	YEAST06165	AENJA_02402
OG0006488	YEAST02614	AENJA_03064
OG0006498	YEAST02291	AENJA_03890
OG0006503	YEAST06053	AENJA_04398
OG0006504	YEAST02866	AENJA_16898, AENJA_04416
OG0006507	YEAST02914	AENJA_04788
OG0006509	YEAST02252	AENJA_04936
OG0006511	YEAST01899	AENJA_05001
OG0006512	YEAST04169	AENJA_05769, AENJA_05293
OG0006514	YEAST05820	AENJA_21274, AENJA_05458
OG0006515	YEAST03195	AENJA_14152, AENJA_05502
OG0006516	YEAST02248	AENJA_05505
OG0006520	YEAST05914	AENJA_06121
OG0006523	YEAST04170	AENJA_06540
OG0006528	YEAST02276	AENJA_07246
OG0006532	YEAST05019	AENJA_07693
OG0006533	YEAST00790	AENJA_07742
OG0006536	YEAST05130	AENJA_07956
OG0006538	YEAST02168	AENJA_08050
OG0006543	YEAST03219	AENJA_15795, AENJA_08614
OG0006544	YEAST06160	AENJA_08630
OG0006550	YEAST05541	AENJA_09213
OG0006552	YEAST02016	AENJA_09303
OG0006553	YEAST05825	AENJA_09463
OG0006554	YEAST04136	AENJA_09668
OG0006561	YEAST00874	AENJA_10164
OG0006564	YEAST05934	AENJA_10383
OG0006568	YEAST03560	AENJA_10472
OG0006569	YEAST02940	AENJA_10690
OG0006571	YEAST00795	AENJA_10794
OG0006574	YEAST06163	AENJA_11193
OG0006577	YEAST03945	AENJA_23377, AENJA_11258
OG0006578	YEAST00813	AENJA_11264
OG0006580	YEAST04957	AENJA_11583
OG0006582	YEAST04615	AENJA_12464
OG0006584	YEAST01846	AENJA_12500
OG0006589	YEAST04474	AENJA_12916
OG0006594	YEAST00464	AENJA_13414
OG0006595	YEAST05577	AENJA_13536
OG0006596	YEAST03312	AENJA_13622
OG0006597	YEAST01876	AENJA_13689
OG0006598	YEAST02580	AENJA_13737
OG0006602	YEAST06259	AENJA_14087
OG0006603	YEAST05721	AENJA_14155
OG0006604	YEAST01597	AENJA_14442
OG0006607	YEAST05258	AENJA_14537
OG0006609	YEAST04231	AENJA_14599
OG0006610	YEAST04593	AENJA_14663
OG0006611	YEAST02395	AENJA_14698
OG0006613	YEAST00490	AENJA_14809
OG0006615	YEAST02695	AENJA_14938
OG0006617	YEAST02864, YEAST02189	AENJA_15260
OG0006619	YEAST03691	AENJA_15520
OG0006622	YEAST04382	AENJA_15726
OG0006625	YEAST05905	AENJA_15915
OG0006627	YEAST01553	AENJA_16100, AENJA_16099
OG0006630	YEAST05584	AENJA_16229
OG0006631	YEAST01419, YEAST04493	AENJA_16356
OG0006633	YEAST05580	AENJA_16566
OG0006636	YEAST06190	AENJA_16904
OG0006637	YEAST06011	AENJA_16936
OG0006651	YEAST03308	AENJA_18736
OG0006655	YEAST04609	AENJA_18965
OG0006658	YEAST03323	AENJA_19247
OG0006662	YEAST02707	AENJA_19418
OG0006663	YEAST04538	AENJA_19913
OG0006664	YEAST04769	AENJA_20021
OG0006667	YEAST03011	AENJA_20411
OG0006668	YEAST00040	AENJA_20635
OG0006669	YEAST05379	AENJA_20657
OG0006678	YEAST03428	AENJA_21492
OG0006681	YEAST02774	AENJA_21662
OG0006688	YEAST02298	AENJA_22121
OG0006690	YEAST00986	AENJA_22269
OG0006691	YEAST06141	AENJA_22370, AENJA_22371
OG0006692	YEAST04243	AENJA_22551
OG0006694	YEAST04074	AENJA_22901
OG0006703	YEAST04919	AENJA_23320
OG0006704	YEAST02241	AENJA_23386
OG0006706	YEAST01312	AENJA_23532
OG0006707	YEAST04448	AENJA_23660
OG0006712	YEAST01297	AENJA_24048
OG0006716	YEAST01688	AENJA_24408
OG0006717	YEAST03273, YEAST00511	AENJA_24478
OG0006722	YEAST05928	AENJA_25021
OG0006725	YEAST05141	AENJA_25269
OG0006726	YEAST01310	AENJA_25361
OG0006728	YEAST01819	AENJA_25577
OG0006730	YEAST06066	AENJA_25804
OG0006732	YEAST05092	AENJA_25874, AENJA_25873
OG0006736	YEAST03708, YEAST02845	AENJA_26061
OG0006738	YEAST03786	AENJA_26156
OG0006741	YEAST00908	AENJA_26632
OG0006826	YEAST03748	AENJA_00120
OG0006830	YEAST02320	AENJA_00399
OG0006838	YEAST01244	AENJA_07404, AENJA_01046
OG0006843	YEAST03855	AENJA_01195
OG0006846	YEAST04146	AENJA_01258
OG0006853	YEAST03500	AENJA_01775, AENJA_26577
OG0006860	YEAST03798	AENJA_02208
OG0006867	YEAST03341	AENJA_02777
OG0006869	YEAST01706	AENJA_02815
OG0006874	YEAST03449	AENJA_03384
OG0006876	YEAST00384	AENJA_03442, AENJA_23472
OG0006880	YEAST04631	AENJA_03927
OG0006881	YEAST01049	AENJA_03938
OG0006887	YEAST01983	AENJA_04451
OG0006888	YEAST00485	AENJA_04455, AENJA_16366
OG0006890	YEAST02034	AENJA_04581
OG0006891	YEAST00187	AENJA_04660
OG0006892	YEAST04820	AENJA_04736
OG0006894	YEAST01360	AENJA_04847
OG0006897	YEAST00856	AENJA_05372
OG0006901	YEAST05480	AENJA_05820
OG0006906	YEAST00746	AENJA_06221
OG0006918	YEAST05610	AENJA_07427
OG0006920	YEAST02490	AENJA_07564
OG0006924	YEAST04308	AENJA_07755
OG0006927	YEAST00921	AENJA_07880
OG0006934	YEAST02053	AENJA_08104
OG0006935	YEAST02014	AENJA_08143
OG0006936	YEAST06114	AENJA_08149
OG0006937	YEAST05537	AENJA_08252
OG0006938	YEAST02536	AENJA_25925, AENJA_08279
OG0006939	YEAST01033	AENJA_08295
OG0006940	YEAST05163	AENJA_08348
OG0006942	YEAST00190	AENJA_08411
OG0006943	YEAST02583	AENJA_08418
OG0006949	YEAST00975, YEAST00256	AENJA_08970
OG0006952	YEAST02831	AENJA_09338
OG0006953	YEAST02903, YEAST04751, YEAST05739	AENJA_09368
OG0006959	YEAST01865	AENJA_09576
OG0006964	YEAST05995	AENJA_09897
OG0006966	YEAST02544	AENJA_10045
OG0006967	YEAST06235	AENJA_10081
OG0006968	YEAST03972	AENJA_10127
OG0006969	YEAST01604	AENJA_10132
OG0006971	YEAST00044	AENJA_10382
OG0006973	YEAST03793	AENJA_10893
OG0006975	YEAST02322	AENJA_11111
OG0006977	YEAST06248	AENJA_11169
OG0006978	YEAST00696	AENJA_11351
OG0006980	YEAST02173	AENJA_11690, AENJA_11689
OG0006985	YEAST03215	AENJA_12194
OG0006989	YEAST04914	AENJA_12558
OG0006991	YEAST05066	AENJA_12675
OG0006992	YEAST04657	AENJA_12702, AENJA_16070
OG0006994	YEAST05554	AENJA_12854
OG0006995	YEAST06048	AENJA_12859
OG0006997	YEAST00664	AENJA_12913
OG0006998	YEAST02509	AENJA_12939
OG0006999	YEAST03874	AENJA_12940
OG0007003	YEAST01840	AENJA_13349
OG0007005	YEAST03907	AENJA_13425
OG0007009	YEAST05645	AENJA_13674
OG0007010	YEAST01652	AENJA_13687
OG0007012	YEAST05361	AENJA_13835
OG0007013	YEAST05971	AENJA_13842
OG0007015	YEAST03053	AENJA_13940
OG0007016	YEAST05307	AENJA_14164
OG0007020	YEAST00663	AENJA_14431
OG0007024	YEAST01864	AENJA_14840
OG0007028	YEAST06312	AENJA_15287
OG0007029	YEAST05619	AENJA_15661
OG0007030	YEAST05712	AENJA_15706
OG0007033	YEAST04002	AENJA_15780
OG0007036	YEAST04799	AENJA_15980
OG0007043	YEAST02072, YEAST01064	AENJA_19281, AENJA_16342
OG0007045	YEAST01113	AENJA_16721
OG0007046	YEAST04826	AENJA_16840
OG0007049	YEAST05930	AENJA_17013
OG0007050	YEAST05668	AENJA_20342, AENJA_17182
OG0007053	YEAST05898	AENJA_17379
OG0007055	YEAST02593	AENJA_17474
OG0007057	YEAST05673	AENJA_17685
OG0007061	YEAST03247	AENJA_18086
OG0007063	YEAST04650	AENJA_18189
OG0007065	YEAST01111	AENJA_18236
OG0007071	YEAST02162	AENJA_18814, AENJA_20432
OG0007073	YEAST03946	AENJA_18861
OG0007075	YEAST00811	AENJA_19074, AENJA_19073
OG0007084	YEAST05527	AENJA_20378
OG0007089	YEAST04132	AENJA_20594
OG0007092	YEAST01811	AENJA_20784
OG0007093	YEAST01923	AENJA_20890
OG0007095	YEAST02581	AENJA_21007
OG0007097	YEAST01699	AENJA_21089
OG0007098	YEAST03783	AENJA_21303
OG0007106	YEAST00202	AENJA_21772
OG0007112	YEAST05597	AENJA_22684
OG0007114	YEAST03493	AENJA_22816
OG0007118	YEAST01120	AENJA_23161
OG0007119	YEAST05459	AENJA_23375
OG0007120	YEAST04248	AENJA_23378
OG0007121	YEAST05746	AENJA_23568
OG0007124	YEAST04818	AENJA_23735
OG0007127	YEAST04415	AENJA_24302
OG0007130	YEAST05158	AENJA_24363
OG0007131	YEAST05874	AENJA_24469
OG0007132	YEAST06078	AENJA_24649
OG0007137	YEAST00797	AENJA_25069
OG0007138	YEAST04319	AENJA_25134
OG0007139	YEAST05259	AENJA_25183
OG0007143	YEAST02636	AENJA_25363
OG0007144	YEAST04135	AENJA_25491
OG0007150	YEAST00900	AENJA_26056
OG0007154	YEAST01439	AENJA_26509
OG0007249	YEAST00344	AENJA_19637, AENJA_00124
OG0007254	YEAST00328	AENJA_00931
OG0007258	YEAST02867	AENJA_01436, AENJA_11453
OG0007264	YEAST04093	AENJA_02217
OG0007269	YEAST04522	AENJA_02569
OG0007274	YEAST04165, YEAST05634	AENJA_02816
OG0007276	YEAST02007	AENJA_02931
OG0007279	YEAST02363	AENJA_03339
OG0007282	YEAST04912	AENJA_03431
OG0007288	YEAST02949	AENJA_03747
OG0007292	YEAST05159	AENJA_04105
OG0007303	YEAST05207	AENJA_05104
OG0007307	YEAST05606	AENJA_05325
OG0007313	YEAST02047	AENJA_10867, AENJA_06071
OG0007317	YEAST04084	AENJA_06549
OG0007321	YEAST05016	AENJA_06818
OG0007322	YEAST01090	AENJA_06900
OG0007325	YEAST03249	AENJA_07023
OG0007330	YEAST00633	AENJA_07724
OG0007332	YEAST02451	AENJA_07980
OG0007335	YEAST06084	AENJA_08730
OG0007336	YEAST03606	AENJA_24259, AENJA_08744
OG0007341	YEAST00183	AENJA_08963
OG0007342	YEAST03859	AENJA_09009
OG0007343	YEAST00383	AENJA_09011
OG0007347	YEAST02066	AENJA_09485
OG0007349	YEAST01492	AENJA_09661
OG0007354	YEAST03378	AENJA_10138
OG0007355	YEAST02682	AENJA_10292, AENJA_10291
OG0007361	YEAST02394	AENJA_10793
OG0007363	YEAST05519	AENJA_10957, AENJA_10954
OG0007364	YEAST01959	AENJA_10959
OG0007367	YEAST01013	AENJA_11272
OG0007371	YEAST04970	AENJA_11627
OG0007376	YEAST02976	AENJA_11779
OG0007379	YEAST00967	AENJA_12106
OG0007380	YEAST00785, YEAST00666	AENJA_12373
OG0007382	YEAST01108	AENJA_12498
OG0007387	YEAST06326	AENJA_12902
OG0007393	YEAST01116	AENJA_13334
OG0007394	YEAST05998	AENJA_13338
OG0007395	YEAST00603	AENJA_13363
OG0007397	YEAST03512	AENJA_13692
OG0007399	YEAST02279	AENJA_14225
OG0007401	YEAST03451	AENJA_14395
OG0007408	YEAST03401	AENJA_15439
OG0007409	YEAST05329	AENJA_15440
OG0007411	YEAST04399	AENJA_15681
OG0007412	YEAST04822	AENJA_15771
OG0007414	YEAST01970	AENJA_16065
OG0007415	YEAST01948	AENJA_16254
OG0007417	YEAST04175	AENJA_16596
OG0007419	YEAST02667	AENJA_16935
OG0007421	YEAST00762	AENJA_17319
OG0007424	YEAST05463	AENJA_17849
OG0007425	YEAST06135	AENJA_17864
OG0007427	YEAST00763	AENJA_18085
OG0007428	YEAST01536	AENJA_18355
OG0007431	YEAST00610	AENJA_19346
OG0007439	YEAST01063	AENJA_20396
OG0007442	YEAST03687	AENJA_20655
OG0007446	YEAST04647	AENJA_20884
OG0007451	YEAST02017	AENJA_21528
OG0007454	YEAST01359	AENJA_21740
OG0007456	YEAST00931	AENJA_21979
OG0007458	YEAST02196	AENJA_22067
OG0007460	YEAST04891	AENJA_22264
OG0007463	YEAST00394	AENJA_22661
OG0007466	YEAST00806	AENJA_22881
OG0007473	YEAST03408	AENJA_23755
OG0007478	YEAST02470	AENJA_24685
OG0007482	YEAST05783	AENJA_25120
OG0007483	YEAST01187	AENJA_25192
OG0007484	YEAST00517	AENJA_25231
OG0007488	YEAST04193	AENJA_26049
OG0007491	YEAST05032	AENJA_26237
OG0007495	YEAST04536	AENJA_26715
OG0007498	YEAST00593	AENJA_26807
OG0007591	YEAST02623	AENJA_01019
OG0007597	YEAST05244	AENJA_01698
OG0007605	YEAST04509	AENJA_02353
OG0007615	YEAST05127	AENJA_03386
OG0007618	YEAST02486	AENJA_03470
OG0007619	YEAST04342	AENJA_03762
OG0007622	YEAST01282	AENJA_03944
OG0007624	YEAST03901	AENJA_04295
OG0007645	YEAST05586	AENJA_07676
OG0007646	YEAST05572	AENJA_07683
OG0007648	YEAST03775	AENJA_07744
OG0007656	YEAST02935	AENJA_08929
OG0007657	YEAST01213	AENJA_09241
OG0007663	YEAST01133	AENJA_10256
OG0007673	YEAST04892	AENJA_10620
OG0007676	YEAST01965	AENJA_10773
OG0007685	YEAST00976	AENJA_11330
OG0007690	YEAST00054	AENJA_11693
OG0007692	YEAST05386	AENJA_11895
OG0007698	YEAST04526	AENJA_13006
OG0007701	YEAST04394	AENJA_13421
OG0007703	YEAST03290	AENJA_13781, AENJA_13780
OG0007704	YEAST01687	AENJA_13789
OG0007712	YEAST02916	AENJA_14241
OG0007722	YEAST06130	AENJA_15592
OG0007727	YEAST01129	AENJA_15914
OG0007739	YEAST04408	AENJA_17580
OG0007744	YEAST04303	AENJA_18288
OG0007749	YEAST02144	AENJA_19022
OG0007751	YEAST03046	AENJA_19310
OG0007754	YEAST03550	AENJA_19398
OG0007758	YEAST04336	AENJA_19933
OG0007760	YEAST02821	AENJA_20050
OG0007766	YEAST03772, YEAST02908	AENJA_21034
OG0007767	YEAST03177	AENJA_21313
OG0007769	YEAST02589	AENJA_21372
OG0007772	YEAST05211	AENJA_21724
OG0007773	YEAST05609	AENJA_21739
OG0007783	YEAST03579	AENJA_22584, AENJA_22587
OG0007784	YEAST01170	AENJA_22600
OG0007786	YEAST01347	AENJA_22814
OG0007787	YEAST03458	AENJA_22832
OG0007801	YEAST02556, YEAST00332	AENJA_24750
OG0007803	YEAST00818	AENJA_24900
OG0007810	YEAST06278	AENJA_25829
OG0007811	YEAST05686	AENJA_26163
OG0007912	YEAST04725	AENJA_00261
OG0007918	YEAST04092	AENJA_00566
OG0007941	YEAST03892	AENJA_03147
OG0007942	YEAST03545	AENJA_03272
OG0007943	YEAST03288	AENJA_03467
OG0007947	YEAST02420	AENJA_04228
OG0007958	YEAST01011	AENJA_05678
OG0007971	YEAST03990	AENJA_07915
OG0007975	YEAST01243	AENJA_08715
OG0007976	YEAST02259	AENJA_08860
OG0007978	YEAST01491	AENJA_09030
OG0007982	YEAST03186	AENJA_09685
OG0007986	YEAST01263	AENJA_10340
OG0007991	YEAST02341	AENJA_10934
OG0007993	YEAST00089	AENJA_11287
OG0007995	YEAST03463	AENJA_11500
OG0007996	YEAST04079	AENJA_11555
OG0007998	YEAST00688	AENJA_11739, AENJA_18597
OG0008008	YEAST02355	AENJA_13549
OG0008020	YEAST05433	AENJA_14835
OG0008030	YEAST00039	AENJA_16003
OG0008031	YEAST04719	AENJA_16038
OG0008038	YEAST05601	AENJA_16974
OG0008042	YEAST04557, YEAST00839	AENJA_18630
OG0008045	YEAST01345	AENJA_19218
OG0008053	YEAST05804	AENJA_21398
OG0008055	YEAST05224	AENJA_21571
OG0008056	YEAST04542	AENJA_21612
OG0008069	YEAST00959	AENJA_23295
OG0008072	YEAST00552	AENJA_23402
OG0008074	YEAST05664	AENJA_23838
OG0008079	YEAST03108	AENJA_25100
OG0008085	YEAST04107	AENJA_25493
OG0008091	YEAST06200	AENJA_26699
OG0008196	YEAST03623	AENJA_00317
OG0008201	YEAST01163	AENJA_01208
OG0008202	YEAST06186	AENJA_01325
OG0008208	YEAST04341	AENJA_01852
OG0008219	YEAST05754	AENJA_03031
OG0008244	YEAST04999	AENJA_05897
OG0008251	YEAST01472	AENJA_06866
OG0008254	YEAST04740	AENJA_07508
OG0008267	YEAST02722	AENJA_09216
OG0008273	YEAST00628	AENJA_09471
OG0008275	YEAST05358	AENJA_09593
OG0008281	YEAST01387	AENJA_10162
OG0008307	YEAST01285	AENJA_13011
OG0008323	YEAST05718	AENJA_15382
OG0008332	YEAST03366	AENJA_16512
OG0008339	YEAST03286	AENJA_17825
OG0008346	YEAST01382	AENJA_18767
OG0008348	YEAST03383	AENJA_19233
OG0008351	YEAST01276	AENJA_19747
OG0008524	YEAST02216	AENJA_03437
OG0008533	YEAST00770	AENJA_04666
OG0008540	YEAST02219	AENJA_05568
OG0008542	YEAST00506	AENJA_05813
OG0008546	YEAST03499	AENJA_06435
OG0008582	YEAST04883	AENJA_12734
OG0008601	YEAST03150	AENJA_16193
OG0008602	YEAST04166	AENJA_16318
OG0008620	YEAST00843	AENJA_19257
OG0008626	YEAST03306	AENJA_20823
OG0008645	YEAST05803	AENJA_26189
OG0008789	YEAST05903	AENJA_05021, AENJA_09108
OG0008794	YEAST01976, YEAST00168, YEAST00957	AENJA_05734
OG0008799	YEAST03377	AENJA_06238
OG0008816	YEAST01954	AENJA_09134
OG0008818	YEAST00271	AENJA_09454
OG0008823	YEAST03936	AENJA_11424
OG0008824	YEAST01698	AENJA_11564
OG0008861	YEAST04983	AENJA_18107
OG0008872	YEAST03799	AENJA_20547
OG0008873	YEAST04429	AENJA_20898
OG0008879	YEAST05579	AENJA_21532
OG0008887	YEAST00387	AENJA_23123
OG0009056	YEAST00322	AENJA_02632
OG0009066	YEAST04511	AENJA_04891
OG0009078	YEAST02676	AENJA_07563
OG0009099	YEAST05709	AENJA_12330
OG0009105	YEAST02501	AENJA_14046
OG0009115	YEAST05628, YEAST04158	AENJA_17120
OG0009118	YEAST03618	AENJA_18120
OG0009311	YEAST00623	AENJA_03632
OG0009315	YEAST04722	AENJA_05193, AENJA_06150
OG0009344	YEAST03868	AENJA_10588
OG0009361	YEAST02727	AENJA_15655
OG0009394	YEAST04927	AENJA_21395
OG0009396	YEAST03896	AENJA_21986
OG0009555	YEAST03831	AENJA_04032, AENJA_01460
OG0009582	YEAST04984	AENJA_06562
OG0009590	YEAST02138	AENJA_08772
OG0009604	YEAST04803	AENJA_11213
OG0009614	YEAST00622	AENJA_14375
OG0009630	YEAST02852	AENJA_19166
OG0009649	YEAST01825	AENJA_23554
OG0009651	YEAST04775	AENJA_23874
OG0009654	YEAST04221	AENJA_24871
OG0009892	YEAST01082	AENJA_13449
OG0009911	YEAST03388	AENJA_20063
OG0009920	YEAST05355	AENJA_22906
OG0009926	YEAST03054	AENJA_25674
OG0010139	YEAST01045	AENJA_03273
OG0010229	YEAST00880, YEAST04666, YEAST04383	AENJA_26343
OG0010481	YEAST01854	AENJA_01731
OG0010491	YEAST04603	AENJA_03837, AENJA_07368
OG0010570	YEAST03006	AENJA_21815
OG0010841	YEAST05695	AENJA_04156
OG0010858	YEAST04030, YEAST05272	AENJA_09035
OG0010876	YEAST02678	AENJA_13415
OG0011216	YEAST02293	AENJA_06052
OG0011258	YEAST02930	AENJA_21543
OG0011272	YEAST04075	AENJA_26190
OG0011734	YEAST04911	AENJA_23389
OG0011737	YEAST00219	AENJA_24427
OG0012188	YEAST02442	AENJA_04627
OG0012801	YEAST04938, YEAST04971	AENJA_07736
OG0017286	YEAST01130	AENJA_26705
OG0026769	YEAST02664	AENJA_11691
