Orthogroup	CAEEL	YEAST
OG0000000	CAEEL18735, CAEEL01026, CAEEL01893, CAEEL08140, CAEEL18754, CAEEL06523, CAEEL00081, CAEEL18467, CAEEL18466, CAEEL04771, CAEEL10851, CAEEL18086, CAEEL05734, CAEEL05228, CAEEL18573, CAEEL08092, CAEEL08135, CAEEL08091, CAEEL00979	YEAST00701
OG0000000	CAEEL08137, CAEEL17599	YEAST04484
OG0000007	CAEEL01984	YEAST00671
OG0000011	CAEEL08004	YEAST02600, YEAST01619
OG0000013	CAEEL11942, CAEEL13907, CAEEL07369, CAEEL11453, CAEEL08591, CAEEL05441, CAEEL19127	YEAST04082
OG0000014	CAEEL20221, CAEEL18775, CAEEL20303, CAEEL13313, CAEEL13287, CAEEL04834, CAEEL20733	YEAST03484, YEAST05078, YEAST05334, YEAST05768
OG0000016	CAEEL20493	YEAST03839, YEAST02807, YEAST03817
OG0000016	CAEEL19614, CAEEL20639, CAEEL17751, CAEEL09082, CAEEL18079, CAEEL18078	YEAST03870, YEAST01103
OG0000031	CAEEL17953, CAEEL02023, CAEEL05211, CAEEL02681, CAEEL04718, CAEEL07076	YEAST02238
OG0000034	CAEEL20539, CAEEL07900, CAEEL13037, CAEEL04773, CAEEL04774, CAEEL06717, CAEEL13034, CAEEL01132, CAEEL03140, CAEEL03141	YEAST04436, YEAST05550, YEAST05115
OG0000036	CAEEL18405, CAEEL11240, CAEEL15057, CAEEL10476, CAEEL02253, CAEEL00335, CAEEL15639, CAEEL03284, CAEEL09948	YEAST02545, YEAST02806
OG0000037	CAEEL01091, CAEEL01333, CAEEL05877, CAEEL04684, CAEEL17629, CAEEL17628, CAEEL03654, CAEEL20275, CAEEL05341, CAEEL09278, CAEEL15847, CAEEL18667, CAEEL08354, CAEEL04132, CAEEL01670, CAEEL16210, CAEEL20299, CAEEL17375, CAEEL15833, CAEEL14419, CAEEL11118, CAEEL19473, CAEEL15437, CAEEL08950, CAEEL19908, CAEEL17993, CAEEL09012, CAEEL08645	YEAST03227
OG0000038	CAEEL19549, CAEEL01554, CAEEL01714, CAEEL18498, CAEEL05762, CAEEL07106, CAEEL05761, CAEEL02595, CAEEL01907, CAEEL08943	YEAST04422, YEAST04379
OG0000043	CAEEL10737, CAEEL11712, CAEEL06333, CAEEL01948, CAEEL06326, CAEEL14855, CAEEL10930, CAEEL06322, CAEEL16894, CAEEL14940, CAEEL11691, CAEEL10934, CAEEL14937, CAEEL14954, CAEEL14951, CAEEL11702, CAEEL15122	YEAST00224, YEAST01200
OG0000048	CAEEL00851, CAEEL16396, CAEEL17799, CAEEL04880, CAEEL12789, CAEEL04867, CAEEL06450, CAEEL06447, CAEEL04866	YEAST05707
OG0000054	CAEEL17602, CAEEL12164, CAEEL11714, CAEEL10176, CAEEL16985, CAEEL06374, CAEEL13227, CAEEL14665, CAEEL12767, CAEEL15574, CAEEL15151	YEAST01385
OG0000055	CAEEL06327, CAEEL06332, CAEEL10935, CAEEL10929, CAEEL06323, CAEEL14939, CAEEL14938, CAEEL16893, CAEEL14854, CAEEL14953, CAEEL14952, CAEEL15123, CAEEL11701, CAEEL11692, CAEEL11711, CAEEL10738, CAEEL14858	YEAST01199, YEAST00225
OG0000058	CAEEL06550	YEAST02989
OG0000058	CAEEL09297, CAEEL18778, CAEEL15540, CAEEL15542, CAEEL15541	YEAST02120
OG0000069	CAEEL14766	YEAST03661
OG0000069	CAEEL07263, CAEEL07262, CAEEL15933, CAEEL19293	YEAST05172
OG0000079	CAEEL18822, CAEEL09849, CAEEL10489, CAEEL07248	YEAST05330
OG0000082	CAEEL18954, CAEEL04897	YEAST03287
OG0000082	CAEEL13927	YEAST04267, YEAST01834, YEAST03359
OG0000082	CAEEL12687, CAEEL01784, CAEEL05942, CAEEL05941	YEAST03862, YEAST00076, YEAST01992, YEAST00148
OG0000095	CAEEL16530, CAEEL01281, CAEEL01461, CAEEL00113, CAEEL00488, CAEEL02022, CAEEL00110, CAEEL00114, CAEEL03536	YEAST02993
OG0000096	CAEEL16555, CAEEL11088	YEAST02643
OG0000096	CAEEL08533	YEAST00638
OG0000096	CAEEL11776, CAEEL06051, CAEEL07422	YEAST05104, YEAST05564
OG0000103	CAEEL11159, CAEEL15823, CAEEL20082, CAEEL02938, CAEEL01332, CAEEL14754, CAEEL09258, CAEEL01469, CAEEL18445	YEAST02873
OG0000107	CAEEL06331, CAEEL14935, CAEEL14956, CAEEL11700, CAEEL06324, CAEEL11716, CAEEL01947, CAEEL10932, CAEEL15125, CAEEL06328, CAEEL14949, CAEEL14857, CAEEL16896, CAEEL10739, CAEEL11693, CAEEL19175	YEAST05173
OG0000113	CAEEL15980, CAEEL19189, CAEEL19187, CAEEL13863, CAEEL06358, CAEEL06359, CAEEL06360	YEAST00378, YEAST01351, YEAST05581
OG0000114	CAEEL15245, CAEEL11468	YEAST00703
OG0000116	CAEEL14875	YEAST04456
OG0000122	CAEEL01544, CAEEL19085	YEAST04928
OG0000124	CAEEL19897	YEAST05021
OG0000124	CAEEL04963	YEAST04122
OG0000127	CAEEL19207, CAEEL20452, CAEEL00838, CAEEL18545	YEAST06208
OG0000132	CAEEL16523, CAEEL19325, CAEEL13180, CAEEL10482, CAEEL00965, CAEEL13910, CAEEL20417	YEAST06016
OG0000137	CAEEL18416, CAEEL11601, CAEEL10559, CAEEL15802, CAEEL15801	YEAST01851, YEAST00637
OG0000142	CAEEL15831, CAEEL19259, CAEEL19543, CAEEL08844, CAEEL07256, CAEEL07175	YEAST02122
OG0000157	CAEEL20182	YEAST01890
OG0000158	CAEEL04589, CAEEL18898, CAEEL20117, CAEEL08684, CAEEL18551, CAEEL18550, CAEEL18549, CAEEL06141	YEAST05568
OG0000160	CAEEL00042, CAEEL17979, CAEEL14963, CAEEL12528	YEAST04194
OG0000175	CAEEL19241, CAEEL15650, CAEEL01525, CAEEL01870	YEAST00850, YEAST04327
OG0000179	CAEEL13640	YEAST01123, YEAST04430
OG0000179	CAEEL02965, CAEEL06713	YEAST02911, YEAST01281
OG0000179	CAEEL19466, CAEEL07193	YEAST04108, YEAST03346
OG0000181	CAEEL07684, CAEEL10858, CAEEL10772, CAEEL12632	YEAST00824, YEAST00771
OG0000186	CAEEL04404, CAEEL00795, CAEEL05654, CAEEL18013, CAEEL13010	YEAST00336
OG0000194	CAEEL11235, CAEEL19589, CAEEL17687, CAEEL19382	YEAST01410
OG0000195	CAEEL13568, CAEEL02653, CAEEL02314, CAEEL02312, CAEEL16482, CAEEL10039, CAEEL10038, CAEEL10040, CAEEL02220, CAEEL16481	YEAST03414
OG0000211	CAEEL02936, CAEEL15290, CAEEL01111, CAEEL01112, CAEEL02311	YEAST04964
OG0000221	CAEEL10747, CAEEL06648	YEAST05872
OG0000225	CAEEL00458, CAEEL19815, CAEEL15154, CAEEL15740, CAEEL15741, CAEEL19370, CAEEL18881	YEAST06146
OG0000227	CAEEL19645	YEAST05815
OG0000233	CAEEL19660, CAEEL15634, CAEEL03636, CAEEL19665, CAEEL19664	YEAST03726, YEAST03241, YEAST03242
OG0000238	CAEEL15430, CAEEL15432, CAEEL15171, CAEEL15387, CAEEL15431	YEAST06340, YEAST03834
OG0000242	CAEEL05291, CAEEL05302, CAEEL09632, CAEEL00216, CAEEL01149, CAEEL01953, CAEEL01038, CAEEL11304, CAEEL00585, CAEEL01041, CAEEL01477	YEAST00734
OG0000246	CAEEL00493, CAEEL00494, CAEEL10694, CAEEL12777, CAEEL15450, CAEEL20225, CAEEL10695, CAEEL16679, CAEEL15404, CAEEL12853, CAEEL12851, CAEEL13386, CAEEL16713, CAEEL17032, CAEEL03988, CAEEL03987, CAEEL13388, CAEEL13387, CAEEL06476, CAEEL15461, CAEEL13389, CAEEL11832	YEAST01746, YEAST01747
OG0000250	CAEEL11963, CAEEL07261, CAEEL04698, CAEEL06732	YEAST04716
OG0000255	CAEEL05168, CAEEL05715	YEAST02822
OG0000256	CAEEL11937, CAEEL19468	YEAST00266
OG0000258	CAEEL19537, CAEEL09342, CAEEL15770	YEAST00118
OG0000260	CAEEL11482	YEAST04323
OG0000265	CAEEL10364	YEAST03885, YEAST03714
OG0000272	CAEEL11804, CAEEL19905	YEAST02076, YEAST01066
OG0000274	CAEEL11033	YEAST02118, YEAST04573, YEAST01485
OG0000278	CAEEL07740	YEAST03847
OG0000278	CAEEL09180	YEAST03806
OG0000278	CAEEL07099	YEAST04060
OG0000278	CAEEL02024	YEAST01107
OG0000284	CAEEL18846	YEAST05621
OG0000305	CAEEL19499, CAEEL15162, CAEEL10872, CAEEL15163	YEAST04899
OG0000308	CAEEL00748	YEAST02548
OG0000310	CAEEL02560	YEAST02635
OG0000312	CAEEL19323, CAEEL16684, CAEEL08464, CAEEL11599, CAEEL00601, CAEEL11535	YEAST06260, YEAST02598, YEAST06261, YEAST02599, YEAST00807, YEAST04102
OG0000313	CAEEL12617	YEAST02950
OG0000313	CAEEL06343	YEAST05526
OG0000315	CAEEL07409	YEAST03248
OG0000315	CAEEL07292	YEAST04684
OG0000316	CAEEL01799, CAEEL15172, CAEEL05711, CAEEL00039, CAEEL06052	YEAST01673
OG0000317	CAEEL18141, CAEEL18155	YEAST01356
OG0000321	CAEEL08916, CAEEL19255	YEAST03264
OG0000323	CAEEL08030	YEAST02249
OG0000327	CAEEL05176, CAEEL18527, CAEEL06891	YEAST01354
OG0000338	CAEEL02726	YEAST02967
OG0000343	CAEEL00542	YEAST03024, YEAST02736
OG0000345	CAEEL11440, CAEEL03190, CAEEL11438, CAEEL00071, CAEEL13165, CAEEL09288	YEAST01884
OG0000352	CAEEL05587	YEAST04069
OG0000357	CAEEL07861, CAEEL10151, CAEEL05953	YEAST01925
OG0000359	CAEEL02740, CAEEL18786, CAEEL18785, CAEEL04647	YEAST02489
OG0000363	CAEEL16793, CAEEL12714, CAEEL04898, CAEEL01034, CAEEL00066, CAEEL12357, CAEEL16480	YEAST04081, YEAST05870
OG0000365	CAEEL01623, CAEEL03052, CAEEL02170, CAEEL00591	YEAST05831
OG0000367	CAEEL13915, CAEEL16273, CAEEL20317, CAEEL09650, CAEEL09649, CAEEL19713, CAEEL19711, CAEEL11241	YEAST02141, YEAST03746, YEAST03210
OG0000372	CAEEL09938, CAEEL06634, CAEEL11042	YEAST05988
OG0000373	CAEEL08053, CAEEL15439	YEAST02023
OG0000373	CAEEL15442	YEAST04495, YEAST01417, YEAST05964
OG0000380	CAEEL07128	YEAST01047
OG0000385	CAEEL19151, CAEEL20119, CAEEL20120, CAEEL20118, CAEEL05039, CAEEL19866, CAEEL19865, CAEEL19762, CAEEL19761, CAEEL19763, CAEEL19764, CAEEL17379, CAEEL11987, CAEEL00992	YEAST03496
OG0000393	CAEEL14690, CAEEL11594	YEAST04072, YEAST04071
OG0000393	CAEEL00138	YEAST01302
OG0000399	CAEEL12746, CAEEL18399, CAEEL01136, CAEEL00515	YEAST02160
OG0000400	CAEEL09043, CAEEL01024	YEAST05911
OG0000402	CAEEL20859, CAEEL09914, CAEEL09915	YEAST01657, YEAST01929
OG0000405	CAEEL01740	YEAST06055, YEAST00411
OG0000412	CAEEL09909, CAEEL20650	YEAST04469
OG0000413	CAEEL15525	YEAST04905, YEAST05340
OG0000413	CAEEL18945, CAEEL06206, CAEEL06205	YEAST02838
OG0000419	CAEEL20185, CAEEL19090	YEAST05989
OG0000424	CAEEL14391, CAEEL12816, CAEEL12859, CAEEL15190, CAEEL16002, CAEEL14301, CAEEL11422, CAEEL16478	YEAST03563
OG0000426	CAEEL19943	YEAST03440
OG0000427	CAEEL05100	YEAST02655, YEAST02439
OG0000429	CAEEL02588, CAEEL02589, CAEEL02587, CAEEL02586, CAEEL08573, CAEEL20624	YEAST02285
OG0000431	CAEEL07320	YEAST04014
OG0000433	CAEEL18122, CAEEL00915, CAEEL00914	YEAST06177, YEAST00117
OG0000442	CAEEL10760, CAEEL01105	YEAST05012
OG0000444	CAEEL18555, CAEEL11270, CAEEL13198, CAEEL07333, CAEEL07332, CAEEL07334, CAEEL18670	YEAST01115, YEAST04019
OG0000450	CAEEL10968, CAEEL18844, CAEEL20319, CAEEL09221	YEAST04709, YEAST05909
OG0000461	CAEEL08066	YEAST00120
OG0000467	CAEEL10426, CAEEL00823	YEAST03162
OG0000468	CAEEL05744	YEAST04372
OG0000469	CAEEL09645	YEAST02179, YEAST05440
OG0000474	CAEEL07643, CAEEL07642, CAEEL20370, CAEEL09301	YEAST02384
OG0000476	CAEEL11251, CAEEL00173, CAEEL11252, CAEEL00174, CAEEL00172, CAEEL20693, CAEEL00887, CAEEL13996, CAEEL04770, CAEEL11253, CAEEL00175	YEAST03038
OG0000479	CAEEL00963, CAEEL02339, CAEEL09202	YEAST04139
OG0000480	CAEEL10994, CAEEL19312, CAEEL11292	YEAST05750
OG0000481	CAEEL09089, CAEEL09097	YEAST01040
OG0000481	CAEEL07158	YEAST00916
OG0000481	CAEEL11815	YEAST00827, YEAST00774
OG0000484	CAEEL04965, CAEEL04966	YEAST05824
OG0000486	CAEEL06528, CAEEL08508, CAEEL10686, CAEEL10332, CAEEL10336, CAEEL11227, CAEEL11225, CAEEL12738	YEAST03122, YEAST04270
OG0000487	CAEEL11513, CAEEL06895, CAEEL09676, CAEEL01358, CAEEL14104, CAEEL16728, CAEEL12342	YEAST02728
OG0000488	CAEEL04680, CAEEL05865, CAEEL05866, CAEEL04678, CAEEL04681, CAEEL04679	YEAST01414
OG0000490	CAEEL00687, CAEEL19730, CAEEL18080	YEAST04297, YEAST00894
OG0000491	CAEEL06407	YEAST04587, YEAST03679
OG0000508	CAEEL07260	YEAST04626
OG0000510	CAEEL10925, CAEEL11992, CAEEL05859, CAEEL08413	YEAST04569, YEAST05730
OG0000519	CAEEL01270, CAEEL18558, CAEEL05173	YEAST04594, YEAST03616
OG0000520	CAEEL07490	YEAST02979
OG0000523	CAEEL07536, CAEEL13092	YEAST01952, YEAST05838, YEAST06082
OG0000529	CAEEL09737, CAEEL12247, CAEEL14327, CAEEL15849	YEAST05790, YEAST00048
OG0000534	CAEEL06960	YEAST04932
OG0000538	CAEEL07439	YEAST00499
OG0000549	CAEEL05133, CAEEL12072, CAEEL18719, CAEEL18720	YEAST06280, YEAST02610, YEAST05060
OG0000552	CAEEL08432	YEAST05717
OG0000561	CAEEL16454, CAEEL15785	YEAST06202, YEAST00331
OG0000562	CAEEL12354	YEAST00314
OG0000563	CAEEL11870, CAEEL10514, CAEEL07864	YEAST01406
OG0000566	CAEEL15091	YEAST05789, YEAST00049
OG0000573	CAEEL05940, CAEEL01355	YEAST05675
OG0000576	CAEEL06802	YEAST00470, YEAST00193
OG0000578	CAEEL16491, CAEEL16492, CAEEL16490	YEAST01208, YEAST00759
OG0000579	CAEEL11246, CAEEL09670, CAEEL09822	YEAST02484
OG0000582	CAEEL19553, CAEEL19552	YEAST03615
OG0000587	CAEEL14207	YEAST04063
OG0000587	CAEEL18702	YEAST03372
OG0000588	CAEEL05897	YEAST05197
OG0000590	CAEEL01780	YEAST05110, YEAST05552, YEAST03727
OG0000592	CAEEL14862, CAEEL07829, CAEEL16963, CAEEL16245, CAEEL16244, CAEEL18530, CAEEL04398	YEAST00388
OG0000597	CAEEL08741	YEAST04330
OG0000609	CAEEL11904	YEAST05180
OG0000612	CAEEL07651	YEAST02370
OG0000612	CAEEL06875	YEAST03629
OG0000613	CAEEL14429, CAEEL16442	YEAST01072
OG0000623	CAEEL16178, CAEEL06411	YEAST02411
OG0000623	CAEEL16276	YEAST05090
OG0000627	CAEEL01126	YEAST02116, YEAST03957
OG0000639	CAEEL00195, CAEEL00077	YEAST02015
OG0000642	CAEEL04693	YEAST00618
OG0000645	CAEEL14093	YEAST05140
OG0000645	CAEEL02916	YEAST04743
OG0000647	CAEEL14095, CAEEL17996	YEAST04534
OG0000648	CAEEL05737, CAEEL19541	YEAST04178, YEAST05641
OG0000657	CAEEL01693	YEAST03846
OG0000660	CAEEL06994, CAEEL18909, CAEEL08649, CAEEL01886, CAEEL01416	YEAST05150, YEAST01587
OG0000662	CAEEL07265, CAEEL20546	YEAST05937
OG0000663	CAEEL07269	YEAST02675, YEAST03294
OG0000672	CAEEL07948, CAEEL07943	YEAST03771
OG0000672	CAEEL00089, CAEEL00988	YEAST00984
OG0000676	CAEEL18677, CAEEL18678	YEAST01503
OG0000676	CAEEL14967, CAEEL14968	YEAST02962
OG0000683	CAEEL18608, CAEEL02948, CAEEL02946, CAEEL02945, CAEEL02947, CAEEL02944	YEAST03152, YEAST03537, YEAST05938
OG0000690	CAEEL02355, CAEEL16430	YEAST04874
OG0000690	CAEEL05043	YEAST02296
OG0000692	CAEEL05111, CAEEL03292	YEAST01969
OG0000692	CAEEL01603	YEAST03487
OG0000694	CAEEL05732, CAEEL18784, CAEEL02081, CAEEL02961	YEAST05978
OG0000699	CAEEL07103, CAEEL17353, CAEEL15074, CAEEL14285	YEAST05706
OG0000701	CAEEL01775, CAEEL09588, CAEEL02242	YEAST02239, YEAST02223
OG0000703	CAEEL12761, CAEEL18049, CAEEL09236, CAEEL06037	YEAST05314
OG0000708	CAEEL04786, CAEEL04785, CAEEL12722	YEAST05997
OG0000709	CAEEL11350, CAEEL18734, CAEEL12228, CAEEL16334, CAEEL20586, CAEEL11767, CAEEL01769	YEAST00057
OG0000724	CAEEL01191, CAEEL05666, CAEEL04724, CAEEL07268, CAEEL09317, CAEEL05086, CAEEL04722, CAEEL04707, CAEEL16432, CAEEL08216, CAEEL08788, CAEEL00782, CAEEL05700, CAEEL05106, CAEEL05163, CAEEL15997, CAEEL14388, CAEEL04425, CAEEL10300, CAEEL10254, CAEEL10375, CAEEL12178, CAEEL11651, CAEEL11581, CAEEL15115, CAEEL04753, CAEEL04537	YEAST02013
OG0000732	CAEEL02711, CAEEL11771	YEAST04978
OG0000733	CAEEL17006, CAEEL15524	YEAST05474
OG0000735	CAEEL14834, CAEEL14835	YEAST05945
OG0000737	CAEEL19663, CAEEL06154, CAEEL04487, CAEEL04486	YEAST05188
OG0000744	CAEEL01254	YEAST05951
OG0000745	CAEEL12683, CAEEL06489	YEAST00539, YEAST02786, YEAST05296, YEAST03097, YEAST02781, YEAST03102
OG0000752	CAEEL07346, CAEEL04370	YEAST01432, YEAST04483
OG0000753	CAEEL17415	YEAST01034, YEAST02037
OG0000757	CAEEL20030, CAEEL00176	YEAST01489
OG0000759	CAEEL20475, CAEEL16710	YEAST02878, YEAST05681
OG0000765	CAEEL19163	YEAST05027, YEAST03009, YEAST01404
OG0000776	CAEEL11265, CAEEL10969, CAEEL09271, CAEEL01206, CAEEL19691, CAEEL14134, CAEEL11345	YEAST04571, YEAST00195, YEAST00312
OG0000777	CAEEL19291	YEAST06297, YEAST02627
OG0000779	CAEEL01706	YEAST03812
OG0000782	CAEEL01741	YEAST01393, YEAST05616
OG0000791	CAEEL05549, CAEEL20749, CAEEL18452, CAEEL09121	YEAST02375
OG0000794	CAEEL14272, CAEEL13170	YEAST04627
OG0000800	CAEEL15658, CAEEL15660, CAEEL15659, CAEEL15657, CAEEL15661, CAEEL04883, CAEEL16200, CAEEL16199, CAEEL13121, CAEEL11360, CAEEL11396	YEAST03636
OG0000809	CAEEL06250, CAEEL06532	YEAST01998
OG0000817	CAEEL00472	YEAST02132
OG0000817	CAEEL08608	YEAST00389
OG0000817	CAEEL09272	YEAST06112
OG0000828	CAEEL01170	YEAST00945, YEAST05476, YEAST00075
OG0000828	CAEEL14806	YEAST02290
OG0000837	CAEEL19270, CAEEL07955	YEAST06222
OG0000841	CAEEL02360	YEAST02416
OG0000847	CAEEL04304, CAEEL04305, CAEEL19991	YEAST02881, YEAST03544, YEAST06198
OG0000847	CAEEL07299	YEAST02530, YEAST00209
OG0000849	CAEEL04333	YEAST04475
OG0000850	CAEEL14176, CAEEL17117, CAEEL14155, CAEEL14177, CAEEL04935	YEAST04287
OG0000852	CAEEL08255, CAEEL01668	YEAST01266
OG0000854	CAEEL01395, CAEEL03021	YEAST00248
OG0000857	CAEEL04547	YEAST00309
OG0000871	CAEEL00780, CAEEL00781, CAEEL13789	YEAST03857
OG0000872	CAEEL05833	YEAST03222, YEAST03741
OG0000875	CAEEL08184, CAEEL12416	YEAST00077
OG0000876	CAEEL00773, CAEEL00774	YEAST05556
OG0000879	CAEEL07550	YEAST06123
OG0000888	CAEEL00418, CAEEL02556, CAEEL08408	YEAST00288
OG0000889	CAEEL09857, CAEEL09856, CAEEL07245	YEAST00175
OG0000894	CAEEL20455	YEAST03763
OG0000896	CAEEL17889	YEAST02476
OG0000905	CAEEL09890	YEAST00599
OG0000907	CAEEL04446, CAEEL04445	YEAST02193
OG0000913	CAEEL03086, CAEEL09227, CAEEL01751, CAEEL17909, CAEEL04783, CAEEL08435	YEAST03557, YEAST05101
OG0000914	CAEEL08534, CAEEL08535	YEAST04745
OG0000921	CAEEL05986, CAEEL19775, CAEEL00714	YEAST02526
OG0000925	CAEEL01239, CAEEL01153, CAEEL00968, CAEEL00439, CAEEL07058	YEAST05667, YEAST06025
OG0000932	CAEEL07026, CAEEL07025	YEAST03525
OG0000933	CAEEL13637	YEAST06306
OG0000934	CAEEL20095, CAEEL02005	YEAST02582, YEAST06252
OG0000934	CAEEL18567	YEAST05040
OG0000935	CAEEL10988, CAEEL18743	YEAST02843
OG0000944	CAEEL08647, CAEEL08646, CAEEL15360	YEAST04878
OG0000954	CAEEL05990	YEAST05503, YEAST01249
OG0000955	CAEEL05680, CAEEL05073	YEAST00837
OG0000963	CAEEL02132, CAEEL19266, CAEEL06520, CAEEL01905, CAEEL10906	YEAST03685, YEAST00482, YEAST01749
OG0000965	CAEEL09524	YEAST02552
OG0000965	CAEEL02685	YEAST02050
OG0000967	CAEEL09409	YEAST05075
OG0000970	CAEEL12249	YEAST04028
OG0000982	CAEEL00871	YEAST01182
OG0000984	CAEEL00142, CAEEL20825, CAEEL07596, CAEEL10900	YEAST01493, YEAST00575
OG0000986	CAEEL10478, CAEEL10407, CAEEL10408, CAEEL19984	YEAST01481, YEAST04073
OG0000987	CAEEL18448, CAEEL15116	YEAST04734, YEAST02734
OG0000994	CAEEL01877, CAEEL05339, CAEEL08529	YEAST02360
OG0001001	CAEEL19402, CAEEL20405, CAEEL20234, CAEEL19403	YEAST00341
OG0001003	CAEEL08220	YEAST00644
OG0001005	CAEEL01384	YEAST03721, YEAST04253, YEAST02546
OG0001006	CAEEL08218, CAEEL00364, CAEEL10732	YEAST04513
OG0001016	CAEEL09313, CAEEL08789, CAEEL11986	YEAST00830
OG0001018	CAEEL00183, CAEEL07047	YEAST01172
OG0001024	CAEEL11623	YEAST01024, YEAST00308
OG0001033	CAEEL11816	YEAST01594
OG0001033	CAEEL10717	YEAST02124
OG0001064	CAEEL18665, CAEEL17997, CAEEL05359, CAEEL16315, CAEEL04825, CAEEL15110, CAEEL20751	YEAST00458
OG0001066	CAEEL12576	YEAST06311
OG0001075	CAEEL11648, CAEEL18873	YEAST05636
OG0001076	CAEEL07541	YEAST01570
OG0001082	CAEEL19080, CAEEL19079, CAEEL09741	YEAST03919, YEAST02905, YEAST05331
OG0001094	CAEEL13053, CAEEL13054	YEAST03837
OG0001095	CAEEL07595	YEAST00773
OG0001096	CAEEL04621, CAEEL17752	YEAST01384
OG0001101	CAEEL11585	YEAST03434
OG0001108	CAEEL09307	YEAST06309
OG0001111	CAEEL13201, CAEEL05876, CAEEL00313, CAEEL02097, CAEEL12177, CAEEL04319	YEAST06003
OG0001113	CAEEL15158	YEAST05320
OG0001113	CAEEL07385	YEAST00954
OG0001114	CAEEL11582, CAEEL01758, CAEEL01759	YEAST00036, YEAST05811
OG0001124	CAEEL08814	YEAST02719
OG0001132	CAEEL04290	YEAST05421
OG0001133	CAEEL11641	YEAST04296
OG0001133	CAEEL11294	YEAST03271
OG0001135	CAEEL02069	YEAST03641
OG0001136	CAEEL02001	YEAST05047, YEAST02997
OG0001140	CAEEL14389	YEAST03519
OG0001142	CAEEL12657	YEAST04001
OG0001163	CAEEL11823, CAEEL14454, CAEEL17374	YEAST02433
OG0001164	CAEEL07306	YEAST03454
OG0001171	CAEEL20677	YEAST04620, YEAST03578
OG0001175	CAEEL15152, CAEEL14463, CAEEL15032, CAEEL15031, CAEEL06075, CAEEL10718	YEAST00534
OG0001177	CAEEL08262, CAEEL18706	YEAST06137
OG0001179	CAEEL05526, CAEEL04874, CAEEL19023, CAEEL20466, CAEEL07894, CAEEL04651, CAEEL04194, CAEEL05939	YEAST00368, YEAST04831, YEAST02287
OG0001181	CAEEL08327	YEAST02051
OG0001184	CAEEL20576, CAEEL12689, CAEEL19676	YEAST01681
OG0001185	CAEEL01778	YEAST04969
OG0001186	CAEEL00480, CAEEL09703	YEAST04605, YEAST01886
OG0001191	CAEEL09751, CAEEL20476, CAEEL09505	YEAST04707
OG0001197	CAEEL11613	YEAST01499
OG0001201	CAEEL02666	YEAST05452
OG0001204	CAEEL09132	YEAST05200
OG0001210	CAEEL06396	YEAST05511
OG0001210	CAEEL06380	YEAST02318
OG0001212	CAEEL00496	YEAST03971
OG0001214	CAEEL08401	YEAST00577
OG0001216	CAEEL04644	YEAST00145
OG0001219	CAEEL20379	YEAST03867
OG0001236	CAEEL18476, CAEEL18477, CAEEL05637, CAEEL05588	YEAST03325, YEAST02687, YEAST03269
OG0001238	CAEEL05166, CAEEL11182	YEAST04481
OG0001241	CAEEL01749	YEAST02002
OG0001241	CAEEL19375	YEAST03967, YEAST01074
OG0001243	CAEEL01806	YEAST00739, YEAST05004
OG0001249	CAEEL06406	YEAST01062, YEAST02067
OG0001250	CAEEL18712	YEAST02968, YEAST01339
OG0001251	CAEEL10205	YEAST00750
OG0001251	CAEEL01802, CAEEL04380, CAEEL04381, CAEEL10206	YEAST01707
OG0001253	CAEEL10888, CAEEL10887	YEAST03998
OG0001254	CAEEL00935	YEAST04309
OG0001262	CAEEL15249, CAEEL20627	YEAST00911
OG0001268	CAEEL11342	YEAST03495
OG0001270	CAEEL01959	YEAST01703, YEAST02398
OG0001271	CAEEL15623, CAEEL08717, CAEEL00634	YEAST05227, YEAST00662
OG0001278	CAEEL20013, CAEEL10735	YEAST01893
OG0001279	CAEEL15321, CAEEL15322, CAEEL20353	YEAST03070
OG0001280	CAEEL00726	YEAST00846
OG0001282	CAEEL04296	YEAST03744
OG0001284	CAEEL08223, CAEEL01272	YEAST00567, YEAST01498
OG0001286	CAEEL20246	YEAST00588, YEAST01486, YEAST03604
OG0001291	CAEEL11483	YEAST04453, YEAST04334
OG0001300	CAEEL09562	YEAST01098
OG0001302	CAEEL01736	YEAST02328
OG0001302	CAEEL12633	YEAST00299
OG0001310	CAEEL16286	YEAST00887
OG0001318	CAEEL06153, CAEEL02686	YEAST03712
OG0001319	CAEEL15967	YEAST01678
OG0001321	CAEEL02303, CAEEL00016	YEAST02280, YEAST01901
OG0001324	CAEEL11902	YEAST00078
OG0001325	CAEEL12980	YEAST00793
OG0001326	CAEEL18463, CAEEL12672, CAEEL19447	YEAST05395
OG0001327	CAEEL12070	YEAST03176
OG0001332	CAEEL00462, CAEEL09523, CAEEL04986, CAEEL04987	YEAST03929, YEAST02705, YEAST00687
OG0001333	CAEEL08384, CAEEL10397, CAEEL14152, CAEEL14148, CAEEL14153	YEAST00728
OG0001341	CAEEL12273	YEAST06006
OG0001353	CAEEL07231	YEAST00020, YEAST04041
OG0001363	CAEEL12526, CAEEL18947, CAEEL08666, CAEEL12684, CAEEL11272	YEAST06180
OG0001364	CAEEL04735, CAEEL16269	YEAST06038, YEAST00402
OG0001367	CAEEL16176	YEAST04688
OG0001368	CAEEL15247	YEAST01821
OG0001370	CAEEL19838, CAEEL11201	YEAST04067, YEAST05195, YEAST00897
OG0001372	CAEEL04824, CAEEL16917	YEAST00070
OG0001372	CAEEL01785	YEAST02226
OG0001375	CAEEL01718	YEAST05499, YEAST05567
OG0001378	CAEEL01898	YEAST02300
OG0001379	CAEEL20800, CAEEL08440	YEAST04155
OG0001386	CAEEL05969, CAEEL04816, CAEEL08301	YEAST05114
OG0001397	CAEEL05815, CAEEL05422, CAEEL16780, CAEEL05924, CAEEL19916, CAEEL19290	YEAST05731
OG0001409	CAEEL02567	YEAST00885, YEAST04659
OG0001410	CAEEL16277	YEAST05046
OG0001411	CAEEL07405	YEAST04834
OG0001412	CAEEL09044	YEAST04490
OG0001413	CAEEL08368, CAEEL04716	YEAST04294
OG0001414	CAEEL15043, CAEEL15044, CAEEL13823	YEAST06070, YEAST01920
OG0001415	CAEEL07146	YEAST00964
OG0001421	CAEEL14241	YEAST05252
OG0001422	CAEEL06778	YEAST05588, YEAST01363
OG0001424	CAEEL12121, CAEEL10850	YEAST01127
OG0001427	CAEEL17428, CAEEL17430, CAEEL05861	YEAST01885
OG0001428	CAEEL05279	YEAST04862, YEAST05862, YEAST02749, YEAST03037
OG0001430	CAEEL14236	YEAST01712
OG0001434	CAEEL10087	YEAST03991
OG0001437	CAEEL01346, CAEEL01345	YEAST01264, YEAST02900
OG0001445	CAEEL10043, CAEEL10044	YEAST01715
OG0001449	CAEEL05216	YEAST03188
OG0001452	CAEEL02837	YEAST05900
OG0001454	CAEEL07513	YEAST01495, YEAST00573
OG0001456	CAEEL15148	YEAST00365
OG0001459	CAEEL20135, CAEEL17975	YEAST03073, YEAST03464
OG0001461	CAEEL09368	YEAST05255
OG0001468	CAEEL01968, CAEEL01966, CAEEL01967	YEAST03875, YEAST03904
OG0001469	CAEEL06147	YEAST02070
OG0001469	CAEEL06502	YEAST02765
OG0001472	CAEEL07491, CAEEL02663	YEAST03031
OG0001473	CAEEL15728, CAEEL16017	YEAST05711
OG0001474	CAEEL07328	YEAST01416, YEAST05312
OG0001478	CAEEL11433	YEAST01984, YEAST02078
OG0001479	CAEEL19246, CAEEL09400, CAEEL19245	YEAST01132
OG0001503	CAEEL04111	YEAST03032
OG0001503	CAEEL08520	YEAST02920
OG0001504	CAEEL05392	YEAST05406
OG0001505	CAEEL05185, CAEEL08607	YEAST03361
OG0001508	CAEEL19670	YEAST04143
OG0001515	CAEEL07033	YEAST03569
OG0001520	CAEEL04885	YEAST02474, YEAST02313
OG0001524	CAEEL20737, CAEEL20736, CAEEL18987, CAEEL00715	YEAST03912
OG0001525	CAEEL08599, CAEEL13978, CAEEL13977, CAEEL14698, CAEEL08600	YEAST00757
OG0001527	CAEEL08026, CAEEL02029	YEAST01395
OG0001529	CAEEL01822, CAEEL20748, CAEEL06896	YEAST01143
OG0001530	CAEEL11993	YEAST00643
OG0001546	CAEEL14468	YEAST03111
OG0001550	CAEEL12391, CAEEL06493	YEAST02405, YEAST05953
OG0001551	CAEEL13359	YEAST04817
OG0001553	CAEEL10745	YEAST05147, YEAST01586
OG0001557	CAEEL09005	YEAST04671
OG0001557	CAEEL09508	YEAST04551
OG0001558	CAEEL05103, CAEEL08374	YEAST04449
OG0001559	CAEEL16062	YEAST00445, YEAST02434
OG0001561	CAEEL11007	YEAST06176
OG0001570	CAEEL11034	YEAST04678
OG0001578	CAEEL10814, CAEEL18928	YEAST01872
OG0001580	CAEEL02579	YEAST06270
OG0001590	CAEEL15262, CAEEL15263	YEAST03476, YEAST00717, YEAST03955
OG0001594	CAEEL08545, CAEEL04807, CAEEL04125	YEAST03418
OG0001597	CAEEL10283	YEAST01702
OG0001603	CAEEL02713, CAEEL14729	YEAST02584
OG0001604	CAEEL04879	YEAST01428
OG0001605	CAEEL09382	YEAST04101
OG0001609	CAEEL19774, CAEEL10790	YEAST02739
OG0001610	CAEEL02035, CAEEL20252	YEAST00596, YEAST02062
OG0001612	CAEEL02577	YEAST01109
OG0001628	CAEEL00193	YEAST04790
OG0001635	CAEEL08024	YEAST03523, YEAST05394, YEAST00156, YEAST01988, YEAST02833
OG0001653	CAEEL03026	YEAST01151
OG0001655	CAEEL05314	YEAST03354
OG0001657	CAEEL08928, CAEEL08927	YEAST00101, YEAST00944
OG0001663	CAEEL10899, CAEEL10898	YEAST05642
OG0001676	CAEEL01617	YEAST06155
OG0001679	CAEEL18912	YEAST05302, YEAST02334, YEAST02449, YEAST01523
OG0001680	CAEEL15664, CAEEL09102	YEAST01119, YEAST04022
OG0001685	CAEEL06629, CAEEL19461	YEAST01147
OG0001691	CAEEL09136, CAEEL09137	YEAST01315
OG0001706	CAEEL00824, CAEEL07216	YEAST03424
OG0001707	CAEEL18144, CAEEL17802	YEAST06049, YEAST00407, YEAST04739
OG0001709	CAEEL07646, CAEEL07650	YEAST04440
OG0001713	CAEEL04261, CAEEL02704	YEAST04039
OG0001718	CAEEL12769	YEAST01537
OG0001721	CAEEL10104, CAEEL11043	YEAST04881, YEAST05253, YEAST00698
OG0001723	CAEEL19731	YEAST01435
OG0001727	CAEEL15354	YEAST04543
OG0001728	CAEEL20444	YEAST03347
OG0001730	CAEEL04519	YEAST00177
OG0001736	CAEEL15493	YEAST04588
OG0001739	CAEEL10953	YEAST03760
OG0001745	CAEEL15294	YEAST01431
OG0001750	CAEEL08294	YEAST03628
OG0001754	CAEEL06405	YEAST03682
OG0001755	CAEEL16403	YEAST05131
OG0001756	CAEEL02757	YEAST00620
OG0001769	CAEEL12367	YEAST04726
OG0001770	CAEEL12180	YEAST02590
OG0001774	CAEEL20358, CAEEL07377, CAEEL01266	YEAST05166
OG0001775	CAEEL01757	YEAST05594
OG0001780	CAEEL12979	YEAST03768
OG0001781	CAEEL04378, CAEEL06468	YEAST01882
OG0001782	CAEEL11605	YEAST02421
OG0001785	CAEEL10450, CAEEL07502, CAEEL07424	YEAST02713
OG0001787	CAEEL07669	YEAST03546
OG0001792	CAEEL00159	YEAST04595
OG0001793	CAEEL07806	YEAST02466
OG0001805	CAEEL10422, CAEEL19401	YEAST05496, YEAST01242
OG0001807	CAEEL10807	YEAST05464
OG0001808	CAEEL18904, CAEEL17962	YEAST01298
OG0001818	CAEEL16460	YEAST05902, YEAST04712
OG0001822	CAEEL14275, CAEEL14276	YEAST04378, YEAST01659
OG0001826	CAEEL08005, CAEEL18927	YEAST04777, YEAST01697, YEAST05781
OG0001828	CAEEL02658, CAEEL07411	YEAST04676
OG0001831	CAEEL10161, CAEEL19257	YEAST00024
OG0001832	CAEEL05995	YEAST05376
OG0001842	CAEEL06944	YEAST00524
OG0001846	CAEEL02581, CAEEL02580	YEAST05067
OG0001850	CAEEL04901	YEAST01913
OG0001852	CAEEL10571	YEAST03121
OG0001853	CAEEL00334, CAEEL01622	YEAST05176
OG0001857	CAEEL04635	YEAST04741
OG0001860	CAEEL19534	YEAST00188
OG0001861	CAEEL19043	YEAST05779, YEAST04773
OG0001863	CAEEL11286	YEAST03017
OG0001865	CAEEL08319	YEAST06037, YEAST00399
OG0001866	CAEEL12131	YEAST05095, YEAST05570
OG0001867	CAEEL18932	YEAST01669
OG0001873	CAEEL14280, CAEEL14281, CAEEL15718	YEAST00981, YEAST00267
OG0001875	CAEEL09917	YEAST04137
OG0001886	CAEEL20566, CAEEL20351	YEAST03260
OG0001888	CAEEL18672, CAEEL11639	YEAST05749, YEAST01573
OG0001899	CAEEL14131	YEAST01210, YEAST04466
OG0001900	CAEEL16160	YEAST05969, YEAST05053, YEAST00581
OG0001903	CAEEL12995	YEAST06020
OG0001913	CAEEL00139	YEAST05520
OG0001915	CAEEL10189	YEAST04791
OG0001917	CAEEL05323, CAEEL05320, CAEEL05322, CAEEL05321	YEAST01859
OG0001923	CAEEL00866, CAEEL02499	YEAST05881
OG0001926	CAEEL05295	YEAST02948
OG0001932	CAEEL18548, CAEEL17132, CAEEL20531	YEAST03770, YEAST03179
OG0001934	CAEEL04980, CAEEL04981	YEAST00877
OG0001935	CAEEL01455	YEAST00431
OG0001938	CAEEL05158	YEAST03931
OG0001940	CAEEL08846	YEAST04188, YEAST05646
OG0001945	CAEEL05071, CAEEL04263, CAEEL04243	YEAST01671
OG0001947	CAEEL20697	YEAST02570
OG0001951	CAEEL08644, CAEEL02798	YEAST00941, YEAST05396
OG0001952	CAEEL00959	YEAST04673, YEAST01990, YEAST00155
OG0001965	CAEEL15340	YEAST04582
OG0001968	CAEEL10639	YEAST04910
OG0001969	CAEEL09244, CAEEL09472, CAEEL00361	YEAST06173
OG0001985	CAEEL08373, CAEEL02584, CAEEL02585	YEAST04959
OG0001992	CAEEL00543	YEAST02679
OG0001998	CAEEL08296	YEAST00890
OG0002001	CAEEL07856	YEAST00502, YEAST03944
OG0002003	CAEEL18663	YEAST02826, YEAST03671
OG0002008	CAEEL11706	YEAST00768
OG0002013	CAEEL00803, CAEEL01317	YEAST03040
OG0002015	CAEEL07232	YEAST05525
OG0002025	CAEEL01720	YEAST03650
OG0002026	CAEEL09267	YEAST01247
OG0002029	CAEEL13677, CAEEL13172, CAEEL13173, CAEEL06446, CAEEL19628, CAEEL03538, CAEEL19642	YEAST02646
OG0002031	CAEEL07288	YEAST02752
OG0002032	CAEEL15092	YEAST01221
OG0002042	CAEEL11958, CAEEL11961, CAEEL11957, CAEEL11960, CAEEL13817	YEAST02880
OG0002043	CAEEL01497	YEAST04003
OG0002059	CAEEL20695	YEAST05893, YEAST04718
OG0002062	CAEEL01567	YEAST05454
OG0002063	CAEEL01336	YEAST00838
OG0002067	CAEEL08430	YEAST03444
OG0002073	CAEEL08416, CAEEL13072, CAEEL01141, CAEEL05593	YEAST04552
OG0002076	CAEEL17850	YEAST02206
OG0002078	CAEEL04535	YEAST06232
OG0002079	CAEEL07901	YEAST05765, YEAST00483
OG0002080	CAEEL03246, CAEEL12691	YEAST05220, YEAST04736
OG0002087	CAEEL07742	YEAST05702
OG0002090	CAEEL00790	YEAST02246
OG0002093	CAEEL02211, CAEEL19978	YEAST02255
OG0002097	CAEEL03161, CAEEL00098, CAEEL19231	YEAST02697
OG0002101	CAEEL04990	YEAST03902
OG0002103	CAEEL16392, CAEEL16394	YEAST05974
OG0002106	CAEEL18235, CAEEL08825	YEAST03654
OG0002107	CAEEL07845	YEAST05313, YEAST04340
OG0002108	CAEEL05450, CAEEL05957, CAEEL15378	YEAST03715
OG0002123	CAEEL05315	YEAST02444
OG0002125	CAEEL10327, CAEEL06344	YEAST05183
OG0002131	CAEEL00336	YEAST04275
OG0002138	CAEEL01194	YEAST02406
OG0002144	CAEEL08787	YEAST02673
OG0002146	CAEEL10604	YEAST04333, YEAST00109, YEAST03088, YEAST04454
OG0002147	CAEEL05229	YEAST04532, YEAST01219
OG0002148	CAEEL13205	YEAST02060
OG0002152	CAEEL00179	YEAST05624
OG0002156	CAEEL08424	YEAST03007
OG0002160	CAEEL05075	YEAST03960
OG0002165	CAEEL07004, CAEEL04348, CAEEL13880	YEAST04504
OG0002168	CAEEL06529	YEAST00516
OG0002169	CAEEL19452	YEAST02258
OG0002175	CAEEL11081	YEAST04956
OG0002184	CAEEL06428	YEAST00242
OG0002185	CAEEL01312	YEAST05212
OG0002188	CAEEL10832	YEAST04638, YEAST03913
OG0002189	CAEEL00105, CAEEL17261, CAEEL17762, CAEEL20687	YEAST02882, YEAST04447
OG0002213	CAEEL09259	YEAST01241, YEAST05495
OG0002216	CAEEL09929, CAEEL09930	YEAST06040
OG0002217	CAEEL18475, CAEEL05058	YEAST06033
OG0002222	CAEEL05529	YEAST03240
OG0002224	CAEEL10158	YEAST01574
OG0002225	CAEEL15252	YEAST04939
OG0002226	CAEEL04806	YEAST00948
OG0002228	CAEEL05227	YEAST04154, YEAST05632
OG0002239	CAEEL05928	YEAST01621
OG0002241	CAEEL07281	YEAST02005
OG0002243	CAEEL05910, CAEEL11717	YEAST04599, YEAST03601, YEAST04600
OG0002244	CAEEL02764	YEAST02768
OG0002252	CAEEL18710	YEAST00826
OG0002261	CAEEL09054	YEAST00472
OG0002264	CAEEL01891	YEAST01705
OG0002279	CAEEL01783, CAEEL19214	YEAST05800
OG0002282	CAEEL05125, CAEEL05126	YEAST00881
OG0002288	CAEEL11923	YEAST01591, YEAST05154
OG0002292	CAEEL11264	YEAST00152
OG0002297	CAEEL10891, CAEEL10889, CAEEL09503, CAEEL09027, CAEEL09029, CAEEL08986	YEAST01217
OG0002312	CAEEL04818, CAEEL04817	YEAST06295
OG0002316	CAEEL01858, CAEEL01859	YEAST01805
OG0002318	CAEEL05991	YEAST02923
OG0002321	CAEEL11607	YEAST02461
OG0002324	CAEEL19437, CAEEL14861	YEAST02615, YEAST06287
OG0002326	CAEEL19309, CAEEL19310	YEAST00310, YEAST02699
OG0002327	CAEEL11423	YEAST00346, YEAST06217
OG0002331	CAEEL13492, CAEEL01768	YEAST01653
OG0002332	CAEEL07378	YEAST01606, YEAST05184, YEAST00285
OG0002341	CAEEL07757	YEAST03640, YEAST04562
OG0002344	CAEEL07661	YEAST02312, YEAST02019
OG0002346	CAEEL04391	YEAST02012
OG0002348	CAEEL10632, CAEEL12095	YEAST01845
OG0002355	CAEEL08630	YEAST00016
OG0002356	CAEEL17852	YEAST00259
OG0002361	CAEEL16240, CAEEL14724	YEAST01027
OG0002367	CAEEL02851	YEAST01179
OG0002369	CAEEL00665	YEAST03766
OG0002374	CAEEL14910, CAEEL00989, CAEEL03595	YEAST02010, YEAST00133
OG0002377	CAEEL14877	YEAST05000
OG0002406	CAEEL05272	YEAST05509
OG0002407	CAEEL11836	YEAST00012
OG0002409	CAEEL12380	YEAST02027
OG0002411	CAEEL09509	YEAST05950, YEAST02407
OG0002413	CAEEL05456	YEAST01196
OG0002415	CAEEL09540, CAEEL09394, CAEEL15033	YEAST01271
OG0002421	CAEEL09266	YEAST02982
OG0002422	CAEEL02358, CAEEL02352, CAEEL02351, CAEEL09220	YEAST05026
OG0002426	CAEEL07732, CAEEL19661	YEAST00184
OG0002441	CAEEL01735	YEAST00068, YEAST02278, YEAST05821
OG0002442	CAEEL00999, CAEEL14782	YEAST05932
OG0002443	CAEEL11867	YEAST04906
OG0002446	CAEEL01328	YEAST04254
OG0002448	CAEEL11664	YEAST00626, YEAST03419
OG0002450	CAEEL02915	YEAST04575
OG0002453	CAEEL12607, CAEEL12794, CAEEL12792, CAEEL12793, CAEEL12796, CAEEL13671	YEAST00512
OG0002476	CAEEL05868, CAEEL00590	YEAST05799
OG0002486	CAEEL00554	YEAST01433
OG0002492	CAEEL07791	YEAST01624
OG0002494	CAEEL02924	YEAST02402
OG0002495	CAEEL05776	YEAST02772
OG0002497	CAEEL00487	YEAST02747
OG0002500	CAEEL00642, CAEEL07067	YEAST05648
OG0002505	CAEEL05922	YEAST02959
OG0002510	CAEEL15444	YEAST04753
OG0002516	CAEEL07616	YEAST00066
OG0002518	CAEEL03272	YEAST02890
OG0002520	CAEEL11387	YEAST05256
OG0002523	CAEEL09506	YEAST06234
OG0002527	CAEEL00425, CAEEL00799	YEAST01639
OG0002528	CAEEL14274	YEAST00372
OG0002530	CAEEL18169	YEAST05530, YEAST03790
OG0002532	CAEEL00641	YEAST03235
OG0002533	CAEEL08550	YEAST04525
OG0002543	CAEEL07344	YEAST00527
OG0002557	CAEEL02904	YEAST06243
OG0002561	CAEEL13357	YEAST04438, YEAST02106
OG0002562	CAEEL00489, CAEEL07592, CAEEL07591, CAEEL09048	YEAST03992
OG0002564	CAEEL14884	YEAST02186
OG0002565	CAEEL01779, CAEEL19992	YEAST04224, YEAST02499
OG0002570	CAEEL02126	YEAST00592
OG0002574	CAEEL13992	YEAST05657
OG0002594	CAEEL02859	YEAST06174
OG0002598	CAEEL04239	YEAST04621, YEAST03577
OG0002605	CAEEL06425	YEAST06332
OG0002608	CAEEL20298	YEAST03716, YEAST02846
OG0002609	CAEEL00486	YEAST01355
OG0002610	CAEEL00976	YEAST01078, YEAST03973
OG0002612	CAEEL10342, CAEEL10341, CAEEL08326, CAEEL20150	YEAST03508
OG0002617	CAEEL08131	YEAST00866
OG0002618	CAEEL11865	YEAST06247
OG0002630	CAEEL00017	YEAST05202, YEAST05943, YEAST02413
OG0002632	CAEEL01456	YEAST02755
OG0002633	CAEEL13867	YEAST04206
OG0002636	CAEEL09021	YEAST01664, YEAST06215
OG0002638	CAEEL05543	YEAST00919
OG0002643	CAEEL01960	YEAST01938
OG0002644	CAEEL00760	YEAST00724
OG0002645	CAEEL09814	YEAST01436
OG0002646	CAEEL10837	YEAST01946
OG0002651	CAEEL02017	YEAST02247
OG0002651	CAEEL08032	YEAST02868
OG0002652	CAEEL15940, CAEEL15941	YEAST04937
OG0002656	CAEEL06531	YEAST05701
OG0002659	CAEEL20145, CAEEL20147, CAEEL01412	YEAST06290
OG0002666	CAEEL11407	YEAST02507
OG0002668	CAEEL02604	YEAST02324
OG0002677	CAEEL10901	YEAST05210
OG0002681	CAEEL13993	YEAST02557
OG0002683	CAEEL05356	YEAST03676
OG0002715	CAEEL09830	YEAST01174, YEAST04131
OG0002717	CAEEL10017	YEAST02430
OG0002718	CAEEL00842	YEAST03380, YEAST03502
OG0002720	CAEEL01232	YEAST01914
OG0002722	CAEEL10808	YEAST04059
OG0002726	CAEEL11743	YEAST02958
OG0002729	CAEEL07853	YEAST01155
OG0002739	CAEEL18472	YEAST01877
OG0002740	CAEEL08842	YEAST01658
OG0002742	CAEEL11403	YEAST03713
OG0002743	CAEEL15922, CAEEL10167	YEAST01824, YEAST03362
OG0002745	CAEEL19081	YEAST04244
OG0002746	CAEEL01862	YEAST04902, YEAST05332
OG0002747	CAEEL02596	YEAST05617
OG0002749	CAEEL04068	YEAST02810
OG0002750	CAEEL15826	YEAST04952
OG0002752	CAEEL08631	YEAST03686
OG0002754	CAEEL05821	YEAST03620
OG0002756	CAEEL15160	YEAST04058
OG0002758	CAEEL08816	YEAST04409
OG0002760	CAEEL01867, CAEEL04221, CAEEL15912, CAEEL11644	YEAST01927
OG0002761	CAEEL15590, CAEEL14895, CAEEL00850	YEAST03261
OG0002763	CAEEL07952	YEAST00260
OG0002764	CAEEL05636	YEAST00423
OG0002765	CAEEL02125	YEAST01667, YEAST05523
OG0002766	CAEEL17597	YEAST05357
OG0002767	CAEEL07319	YEAST04591
OG0002771	CAEEL08070	YEAST02043
OG0002772	CAEEL05686	YEAST03384
OG0002773	CAEEL08029	YEAST03677
OG0002774	CAEEL01682	YEAST03575
OG0002781	CAEEL07517	YEAST05450
OG0002782	CAEEL13024	YEAST02121
OG0002785	CAEEL04710	YEAST06106, YEAST01228
OG0002788	CAEEL06416, CAEEL06417, CAEEL06418	YEAST02578, YEAST01232
OG0002793	CAEEL00646	YEAST01371
OG0002799	CAEEL06026	YEAST01461
OG0002817	CAEEL16563	YEAST01189, YEAST04922
OG0002824	CAEEL09125	YEAST02137
OG0002826	CAEEL14759	YEAST00174
OG0002827	CAEEL07697	YEAST05976
OG0002828	CAEEL01168, CAEEL15704, CAEEL02989, CAEEL10595, CAEEL20242	YEAST00227, YEAST00963
OG0002831	CAEEL05967	YEAST03282
OG0002833	CAEEL07006	YEAST01446, YEAST05354, YEAST01469
OG0002835	CAEEL11751	YEAST02656
OG0002837	CAEEL08616	YEAST01987, YEAST00157
OG0002839	CAEEL19253, CAEEL00645	YEAST03148
OG0002843	CAEEL07774, CAEEL07773	YEAST04737
OG0002844	CAEEL10756	YEAST05563
OG0002847	CAEEL06961	YEAST02294
OG0002851	CAEEL00708	YEAST04951
OG0002855	CAEEL00030	YEAST00137
OG0002860	CAEEL11643	YEAST02712
OG0002866	CAEEL03115, CAEEL03096	YEAST01136
OG0002876	CAEEL10277	YEAST02348
OG0002877	CAEEL02920	YEAST04537
OG0002883	CAEEL05948	YEAST03027
OG0002891	CAEEL04184, CAEEL01874	YEAST03205
OG0002893	CAEEL02075	YEAST03653
OG0002894	CAEEL14713	YEAST00906
OG0002895	CAEEL07602, CAEEL10533	YEAST01471, YEAST05353, YEAST05456
OG0002899	CAEEL01046	YEAST00283
OG0002907	CAEEL01271	YEAST02061
OG0002910	CAEEL04695, CAEEL04697	YEAST00223
OG0002915	CAEEL02902	YEAST02264
OG0002921	CAEEL06148	YEAST06254
OG0002947	CAEEL06268	YEAST00232
OG0002949	CAEEL05799	YEAST00419, YEAST06063
OG0002952	CAEEL09036	YEAST05257
OG0002953	CAEEL11622	YEAST03034
OG0002957	CAEEL02702	YEAST03253
OG0002960	CAEEL01541	YEAST05502
OG0002965	CAEEL01992	YEAST03804
OG0002966	CAEEL08468, CAEEL19347	YEAST06059
OG0002968	CAEEL16136, CAEEL01853	YEAST00199
OG0002969	CAEEL14216	YEAST00655
OG0002982	CAEEL01855, CAEEL01856	YEAST02471
OG0002985	CAEEL08353	YEAST02147
OG0002987	CAEEL17800, CAEEL18018	YEAST02970, YEAST00081, YEAST02488
OG0002991	CAEEL09004	YEAST03345, YEAST01842
OG0003001	CAEEL10876	YEAST01497
OG0003004	CAEEL15423	YEAST02183
OG0003006	CAEEL10145	YEAST00899
OG0003012	CAEEL05983	YEAST04512
OG0003016	CAEEL09225	YEAST04810
OG0003017	CAEEL07049, CAEEL16441	YEAST02213
OG0003018	CAEEL08487	YEAST01635, YEAST01949
OG0003027	CAEEL06663	YEAST05498
OG0003028	CAEEL02985	YEAST05822
OG0003029	CAEEL01558	YEAST04523
OG0003033	CAEEL00703	YEAST02457, YEAST02640
OG0003043	CAEEL07390	YEAST02551
OG0003046	CAEEL04364	YEAST01632
OG0003054	CAEEL04777	YEAST04909, YEAST05341
OG0003056	CAEEL19070	YEAST02257
OG0003059	CAEEL09323	YEAST02832, YEAST03675
OG0003063	CAEEL03076	YEAST00204
OG0003066	CAEEL05161	YEAST00969
OG0003072	CAEEL04836	YEAST05076
OG0003073	CAEEL14099	YEAST00167
OG0003079	CAEEL00217	YEAST01019
OG0003104	CAEEL07227	YEAST00861
OG0003105	CAEEL00818	YEAST04282
OG0003106	CAEEL16128	YEAST03619
OG0003107	CAEEL20421, CAEEL01359	YEAST00029
OG0003108	CAEEL04120	YEAST00796
OG0003110	CAEEL17888	YEAST02197
OG0003114	CAEEL15726	YEAST00453, YEAST02426
OG0003119	CAEEL16382	YEAST00778
OG0003121	CAEEL00414	YEAST03190
OG0003126	CAEEL04789, CAEEL04979	YEAST00300
OG0003131	CAEEL08023	YEAST04435, YEAST04350
OG0003135	CAEEL06639, CAEEL06638	YEAST02069
OG0003138	CAEEL05894	YEAST01790, YEAST00784
OG0003145	CAEEL05190	YEAST06012
OG0003147	CAEEL17136, CAEEL18421, CAEEL15097	YEAST03729
OG0003151	CAEEL04570, CAEEL14681, CAEEL04711	YEAST03910
OG0003153	CAEEL07561	YEAST05438
OG0003154	CAEEL15184	YEAST00694
OG0003157	CAEEL07518, CAEEL07519	YEAST01203
OG0003164	CAEEL08130	YEAST05549, YEAST04492
OG0003169	CAEEL11868	YEAST04410
OG0003172	CAEEL06299	YEAST06030
OG0003174	CAEEL11561	YEAST06178
OG0003178	CAEEL14891	YEAST05823
OG0003179	CAEEL12173	YEAST00905
OG0003182	CAEEL01167	YEAST05565
OG0003189	CAEEL04624	YEAST00820
OG0003191	CAEEL09839	YEAST01068
OG0003193	CAEEL17615	YEAST02494
OG0003197	CAEEL11467	YEAST06274
OG0003199	CAEEL11688	YEAST04961
OG0003207	CAEEL11116	YEAST04056
OG0003212	CAEEL11323	YEAST05531
OG0003214	CAEEL08551	YEAST03701
OG0003215	CAEEL02895	YEAST04373
OG0003218	CAEEL08847	YEAST04068
OG0003219	CAEEL16215	YEAST01656
OG0003220	CAEEL17138	YEAST03417, YEAST00186
OG0003221	CAEEL20740, CAEEL00629, CAEEL00088	YEAST05064
OG0003223	CAEEL00485	YEAST04472
OG0003228	CAEEL14683	YEAST06187
OG0003230	CAEEL06311	YEAST05487
OG0003235	CAEEL11765	YEAST06282
OG0003251	CAEEL01743	YEAST05338, YEAST04904
OG0003254	CAEEL15715	YEAST03911
OG0003257	CAEEL04888	YEAST02741
OG0003263	CAEEL12235	YEAST05333
OG0003266	CAEEL05061	YEAST05585
OG0003267	CAEEL11406	YEAST02516
OG0003270	CAEEL17531, CAEEL17532, CAEEL07171	YEAST01372, YEAST05351, YEAST01476
OG0003277	CAEEL10684	YEAST03706
OG0003283	CAEEL10540	YEAST02779
OG0003284	CAEEL20144	YEAST02184
OG0003287	CAEEL09759	YEAST00166
OG0003288	CAEEL07836	YEAST05062
OG0003290	CAEEL07995, CAEEL07996	YEAST06325
OG0003293	CAEEL09078	YEAST04930
OG0003300	CAEEL15375, CAEEL10323, CAEEL04894, CAEEL10997, CAEEL02576, CAEEL07626	YEAST03316
OG0003301	CAEEL11183	YEAST03267
OG0003302	CAEEL11405	YEAST04633
OG0003303	CAEEL08080	YEAST05878
OG0003316	CAEEL06426	YEAST04887
OG0003317	CAEEL11191	YEAST03051
OG0003318	CAEEL00777	YEAST02158
OG0003332	CAEEL15994, CAEEL15100	YEAST02945, YEAST00447
OG0003335	CAEEL06219	YEAST01260
OG0003340	CAEEL19254, CAEEL05767	YEAST04972
OG0003341	CAEEL15411	YEAST00990
OG0003343	CAEEL02966	YEAST04356, YEAST06258
OG0003344	CAEEL01888, CAEEL04271, CAEEL04270	YEAST04764
OG0003348	CAEEL00995	YEAST02844
OG0003349	CAEEL11343	YEAST00235, YEAST04798
OG0003356	CAEEL05068	YEAST02937
OG0003357	CAEEL05202	YEAST04240, YEAST02522
OG0003364	CAEEL06262, CAEEL06263	YEAST00730
OG0003366	CAEEL13316, CAEEL13290	YEAST05276, YEAST03075
OG0003374	CAEEL09698	YEAST03627
OG0003375	CAEEL19093, CAEEL04860	YEAST03722
OG0003377	CAEEL19646	YEAST03340
OG0003380	CAEEL07698, CAEEL08643	YEAST00529
OG0003386	CAEEL04616	YEAST02725
OG0003425	CAEEL12188	YEAST05084
OG0003426	CAEEL06462	YEAST05251
OG0003429	CAEEL00390	YEAST05921
OG0003430	CAEEL05290	YEAST04732
OG0003434	CAEEL08434	YEAST02689
OG0003435	CAEEL04157	YEAST05483
OG0003443	CAEEL18884	YEAST06032
OG0003454	CAEEL07771	YEAST04088
OG0003458	CAEEL14113	YEAST00169
OG0003461	CAEEL00702	YEAST05752, YEAST04759
OG0003463	CAEEL07464	YEAST02371
OG0003464	CAEEL15673	YEAST05120
OG0003465	CAEEL00222	YEAST02874
OG0003467	CAEEL09664	YEAST01278
OG0003476	CAEEL11774	YEAST02726
OG0003477	CAEEL02502	YEAST03665
OG0003487	CAEEL02123	YEAST03066
OG0003491	CAEEL18627, CAEEL05479	YEAST03514
OG0003498	CAEEL16452	YEAST05680
OG0003500	CAEEL01330, CAEEL01125	YEAST03303, YEAST02683
OG0003501	CAEEL00307, CAEEL19975, CAEEL19935, CAEEL19957, CAEEL20040, CAEEL18302	YEAST01421
OG0003502	CAEEL02400, CAEEL02281	YEAST02519
OG0003503	CAEEL04457, CAEEL04454	YEAST00400
OG0003505	CAEEL07950	YEAST00697
OG0003509	CAEEL04891	YEAST02850
OG0003515	CAEEL06636	YEAST00923
OG0003518	CAEEL01719	YEAST04809
OG0003523	CAEEL18694	YEAST05393
OG0003531	CAEEL15168, CAEEL18062	YEAST00465
OG0003532	CAEEL05027	YEAST05810
OG0003539	CAEEL05895	YEAST03774
OG0003541	CAEEL01632	YEAST01314
OG0003543	CAEEL08637	YEAST01290
OG0003544	CAEEL06236, CAEEL08896	YEAST00251
OG0003550	CAEEL06728	YEAST06166
OG0003551	CAEEL05919	YEAST01826
OG0003552	CAEEL18151	YEAST04163
OG0003556	CAEEL11919	YEAST05216
OG0003560	CAEEL04113	YEAST02357, YEAST05925
OG0003561	CAEEL01643	YEAST06100
OG0003562	CAEEL19208, CAEEL04183	YEAST00960
OG0003567	CAEEL15549	YEAST04838
OG0003570	CAEEL08761	YEAST03562, YEAST04635
OG0003571	CAEEL00659	YEAST05553
OG0003573	CAEEL10174, CAEEL18886	YEAST00597
OG0003578	CAEEL08037	YEAST05031
OG0003579	CAEEL10103	YEAST05446
OG0003582	CAEEL10165, CAEEL10958	YEAST03174
OG0003598	CAEEL20069	YEAST00803
OG0003599	CAEEL01022	YEAST04133
OG0003603	CAEEL00903	YEAST03529
OG0003610	CAEEL15111	YEAST02573
OG0003611	CAEEL15351	YEAST01054
OG0003612	CAEEL12107	YEAST00808
OG0003613	CAEEL10330	YEAST02366
OG0003615	CAEEL04572	YEAST01638
OG0003617	CAEEL00622	YEAST04802, YEAST04398
OG0003618	CAEEL10379	YEAST00747
OG0003619	CAEEL19948, CAEEL09130	YEAST04756
OG0003624	CAEEL11456	YEAST00147
OG0003630	CAEEL01945	YEAST04845
OG0003632	CAEEL04287	YEAST02125
OG0003638	CAEEL01092, CAEEL14206	YEAST00956
OG0003641	CAEEL02290	YEAST04061, YEAST01158
OG0003644	CAEEL07060	YEAST01545
OG0003645	CAEEL08952	YEAST05809, YEAST05493
OG0003646	CAEEL04268	YEAST02349
OG0003647	CAEEL08061	YEAST04352, YEAST04433
OG0003649	CAEEL02106	YEAST00203
OG0003650	CAEEL01596	YEAST00737, YEAST04997
OG0003659	CAEEL00820	YEAST00140
OG0003661	CAEEL11758	YEAST02758
OG0003664	CAEEL10164	YEAST03791
OG0003668	CAEEL09161, CAEEL09163	YEAST06168
OG0003669	CAEEL08786, CAEEL08784	YEAST02813
OG0003672	CAEEL12653	YEAST03137
OG0003676	CAEEL00672	YEAST03110
OG0003678	CAEEL03764	YEAST02330
OG0003679	CAEEL14380	YEAST03223
OG0003682	CAEEL13670	YEAST00571
OG0003688	CAEEL03025	YEAST01333, YEAST05362, YEAST00376
OG0003689	CAEEL07514	YEAST04232
OG0003690	CAEEL08798	YEAST01162
OG0003692	CAEEL09322	YEAST00692
OG0003693	CAEEL09517	YEAST05304
OG0003694	CAEEL08779	YEAST01453
OG0003696	CAEEL15341	YEAST05704
OG0003697	CAEEL07546	YEAST04962
OG0003698	CAEEL05872	YEAST03764, YEAST03185
OG0003703	CAEEL05947	YEAST00683
OG0003710	CAEEL05057	YEAST02077
OG0003712	CAEEL12274	YEAST02114
OG0003716	CAEEL00239	YEAST02390
OG0003718	CAEEL00456	YEAST05772
OG0003719	CAEEL01088	YEAST06338
OG0003721	CAEEL19092	YEAST04960
OG0003724	CAEEL04996	YEAST02365, YEAST06120
OG0003729	CAEEL01397, CAEEL16477	YEAST01543
OG0003731	CAEEL14842	YEAST04486
OG0003733	CAEEL05542	YEAST03492
OG0003734	CAEEL18003, CAEEL10089	YEAST02809, YEAST03842
OG0003735	CAEEL04830, CAEEL04829	YEAST06115
OG0003740	CAEEL07837	YEAST01029
OG0003741	CAEEL07870	YEAST01379
OG0003743	CAEEL12238	YEAST06008, YEAST05688
OG0003745	CAEEL16018, CAEEL17606	YEAST02618
OG0003749	CAEEL20507	YEAST04441
OG0003750	CAEEL05076	YEAST00149
OG0003756	CAEEL01606	YEAST01878
OG0003758	CAEEL05748	YEAST06133
OG0003759	CAEEL09625	YEAST03315
OG0003766	CAEEL04438, CAEEL13937, CAEEL13938, CAEEL18113, CAEEL04435, CAEEL04439, CAEEL02710	YEAST03336
OG0003767	CAEEL07794	YEAST01933, YEAST01650
OG0003778	CAEEL10576	YEAST05796
OG0003779	CAEEL12785	YEAST04431
OG0003806	CAEEL10842	YEAST02367
OG0003807	CAEEL06933	YEAST04265, YEAST03128
OG0003808	CAEEL08177	YEAST01201
OG0003811	CAEEL07020	YEAST00417
OG0003812	CAEEL07296	YEAST00287
OG0003813	CAEEL10820	YEAST00254
OG0003818	CAEEL15512	YEAST04318
OG0003824	CAEEL17849	YEAST01468
OG0003829	CAEEL08428	YEAST02032, YEAST01031
OG0003831	CAEEL08097	YEAST03010, YEAST05137, YEAST02344
OG0003834	CAEEL00145	YEAST06322
OG0003837	CAEEL11909, CAEEL11910	YEAST02586
OG0003838	CAEEL14290, CAEEL14289, CAEEL14291	YEAST03413
OG0003839	CAEEL11415	YEAST01736
OG0003844	CAEEL02775	YEAST06054
OG0003846	CAEEL00811, CAEEL18648	YEAST00356
OG0003848	CAEEL08837	YEAST01654
OG0003850	CAEEL11705	YEAST00228
OG0003851	CAEEL08777	YEAST06169
OG0003852	CAEEL00155	YEAST03296
OG0003853	CAEEL13793	YEAST06251
OG0003855	CAEEL18132	YEAST04936
OG0003856	CAEEL07428	YEAST03934, YEAST02710
OG0003858	CAEEL06932	YEAST01401
OG0003866	CAEEL00295	YEAST01895
OG0003867	CAEEL15761	YEAST03558
OG0003868	CAEEL18485	YEAST01448
OG0003869	CAEEL00094	YEAST02771
OG0003875	CAEEL00868	YEAST05070
OG0003876	CAEEL04369	YEAST02423
OG0003877	CAEEL18175	YEAST04860, YEAST05867, YEAST03825
OG0003879	CAEEL00338, CAEEL01399	YEAST00463
OG0003881	CAEEL12169	YEAST03851
OG0003886	CAEEL10383	YEAST06023
OG0003887	CAEEL09306, CAEEL09446	YEAST00028
OG0003893	CAEEL05797	YEAST05028
OG0003897	CAEEL07613	YEAST01270
OG0003904	CAEEL00419	YEAST01732
OG0003908	CAEEL00218	YEAST01362
OG0003908	CAEEL08148	YEAST06330
OG0003910	CAEEL08553	YEAST03780
OG0003911	CAEEL20590	YEAST00032
OG0003913	CAEEL05199	YEAST03258
OG0003918	CAEEL11925, CAEEL11924	YEAST00058
OG0003921	CAEEL14832, CAEEL18358	YEAST06181
OG0003926	CAEEL10754, CAEEL19332	YEAST04138
OG0003929	CAEEL00949	YEAST04489, YEAST01422
OG0003930	CAEEL05047	YEAST03969
OG0003931	CAEEL15548	YEAST01142
OG0003934	CAEEL10046	YEAST00084
OG0003938	CAEEL07167	YEAST01566, YEAST05133
OG0003939	CAEEL04128	YEAST03211
OG0003944	CAEEL05219	YEAST01186
OG0003946	CAEEL18782, CAEEL16148	YEAST03220
OG0003947	CAEEL16177	YEAST06266, YEAST05428
OG0003949	CAEEL02494	YEAST01888
OG0003950	CAEEL05823	YEAST01409
OG0003954	CAEEL11860	YEAST02764
OG0003955	CAEEL08204	YEAST03951
OG0003959	CAEEL18903, CAEEL01523	YEAST02778
OG0003961	CAEEL10706	YEAST01991
OG0003967	CAEEL07562, CAEEL16234, CAEEL19590, CAEEL10714, CAEEL10713	YEAST05935
OG0003969	CAEEL01428, CAEEL15342	YEAST02146
OG0003971	CAEEL03035	YEAST00520
OG0003972	CAEEL09414	YEAST06331
OG0003973	CAEEL17822	YEAST06329
OG0003999	CAEEL08414	YEAST05604
OG0004000	CAEEL02254	YEAST06060
OG0004005	CAEEL09757	YEAST06216
OG0004007	CAEEL08380, CAEEL20738	YEAST01456
OG0004012	CAEEL08889	YEAST00755
OG0004017	CAEEL08935	YEAST03019
OG0004023	CAEEL00807	YEAST04349
OG0004027	CAEEL07583	YEAST03587
OG0004032	CAEEL15185	YEAST02562
OG0004033	CAEEL15848, CAEEL02280	YEAST02572
OG0004035	CAEEL06509	YEAST02134
OG0004037	CAEEL05545	YEAST03371
OG0004042	CAEEL00958	YEAST05578
OG0004044	CAEEL07379	YEAST05367
OG0004047	CAEEL19277, CAEEL00270	YEAST02496
OG0004051	CAEEL06861	YEAST01772
OG0004052	CAEEL02741	YEAST03705
OG0004054	CAEEL15244	YEAST05576
OG0004056	CAEEL01652	YEAST05698
OG0004057	CAEEL03603	YEAST05620
OG0004059	CAEEL14867	YEAST00030
OG0004065	CAEEL05056	YEAST00772
OG0004067	CAEEL02869	YEAST02665
OG0004068	CAEEL10640	YEAST03461
OG0004071	CAEEL00928	YEAST02893
OG0004072	CAEEL09095, CAEEL07075	YEAST02440
OG0004076	CAEEL07566	YEAST05461
OG0004080	CAEEL12810	YEAST00812
OG0004090	CAEEL02918	YEAST02301, YEAST02021
OG0004091	CAEEL04573	YEAST04715
OG0004092	CAEEL07326	YEAST03564, YEAST06307
OG0004096	CAEEL09363	YEAST00160
OG0004097	CAEEL05789	YEAST05039
OG0004101	CAEEL10753	YEAST03547, YEAST02901
OG0004102	CAEEL20123	YEAST05787
OG0004103	CAEEL10626	YEAST05061
OG0004105	CAEEL05115	YEAST01700, YEAST01565
OG0004110	CAEEL01260	YEAST02825
OG0004113	CAEEL09663	YEAST02059
OG0004115	CAEEL05975	YEAST00325
OG0004116	CAEEL17798	YEAST00481
OG0004118	CAEEL09754	YEAST01855
OG0004119	CAEEL00177	YEAST02170
OG0004120	CAEEL09396	YEAST01953
OG0004123	CAEEL05731	YEAST04761
OG0004124	CAEEL02724, CAEEL02723	YEAST01139
OG0004127	CAEEL19955, CAEEL18275, CAEEL06860	YEAST06097
OG0004130	CAEEL02356	YEAST03149
OG0004134	CAEEL07495	YEAST05611
OG0004136	CAEEL04479	YEAST01084
OG0004142	CAEEL10168	YEAST05774
OG0004148	CAEEL07951	YEAST00867
OG0004150	CAEEL09285	YEAST04690
OG0004151	CAEEL01499	YEAST04284
OG0004153	CAEEL11562	YEAST05958, YEAST04386, YEAST00290
OG0004158	CAEEL00394	YEAST03379
OG0004161	CAEEL18958	YEAST04124
OG0004164	CAEEL10119	YEAST05923
OG0004166	CAEEL04359	YEAST00189
OG0004168	CAEEL08233	YEAST03028
OG0004169	CAEEL01556	YEAST05813
OG0004170	CAEEL10605	YEAST05906
OG0004171	CAEEL11852	YEAST04501
OG0004179	CAEEL10656	YEAST01050
OG0004181	CAEEL13830	YEAST03406
OG0004182	CAEEL14269	YEAST03699
OG0004184	CAEEL15780, CAEEL15781	YEAST00127
OG0004186	CAEEL13926	YEAST04981
OG0004188	CAEEL15410	YEAST02761
OG0004198	CAEEL12770	YEAST02869, YEAST03548
OG0004215	CAEEL08870	YEAST04590
OG0004217	CAEEL08020	YEAST01257
OG0004219	CAEEL00713	YEAST00912
OG0004222	CAEEL05571	YEAST05826
OG0004230	CAEEL07897	YEAST02220
OG0004232	CAEEL03690	YEAST05931
OG0004236	CAEEL15188	YEAST05432
OG0004237	CAEEL07362	YEAST04445, YEAST04344
OG0004243	CAEEL01439	YEAST00306
OG0004245	CAEEL11730	YEAST00859
OG0004248	CAEEL11465	YEAST03678
OG0004249	CAEEL17634	YEAST02740
OG0004250	CAEEL16187	YEAST05543
OG0004252	CAEEL07003	YEAST05178
OG0004254	CAEEL05989	YEAST03900
OG0004258	CAEEL00939	YEAST00665
OG0004259	CAEEL12479, CAEEL01029, CAEEL01027, CAEEL01028	YEAST03730
OG0004261	CAEEL04677	YEAST02564
OG0004262	CAEEL13871	YEAST02368
OG0004268	CAEEL02406	YEAST00496
OG0004269	CAEEL07842	YEAST04758
OG0004273	CAEEL04799	YEAST02547
OG0004278	CAEEL07238	YEAST00243
OG0004280	CAEEL16211, CAEEL16212	YEAST05895
OG0004282	CAEEL18359, CAEEL13638	YEAST02575, YEAST06242
OG0004283	CAEEL08314	YEAST04184
OG0004287	CAEEL00835	YEAST01708
OG0004289	CAEEL02984	YEAST05719
OG0004291	CAEEL04748	YEAST00852
OG0004292	CAEEL15301	YEAST02537
OG0004295	CAEEL03919	YEAST05946
OG0004297	CAEEL19228	YEAST01463
OG0004301	CAEEL07551	YEAST03850
OG0004302	CAEEL07295	YEAST05203
OG0004303	CAEEL12783	YEAST02492
OG0004304	CAEEL17137	YEAST02425, YEAST05929
OG0004305	CAEEL02874	YEAST02123
OG0004307	CAEEL00090	YEAST04592
OG0004308	CAEEL00320	YEAST04835
OG0004309	CAEEL13877	YEAST05924
OG0004310	CAEEL02565	YEAST05001
OG0004312	CAEEL05846	YEAST03330
OG0004314	CAEEL00001	YEAST00500
OG0004324	CAEEL07830	YEAST04322
OG0004330	CAEEL15513	YEAST06277
OG0004331	CAEEL11038	YEAST06230
OG0004333	CAEEL19900	YEAST01391
OG0004335	CAEEL09206	YEAST01057
OG0004337	CAEEL11698, CAEEL01133	YEAST05652
OG0004338	CAEEL07793	YEAST05023
OG0004344	CAEEL16267	YEAST02441
OG0004345	CAEEL06934	YEAST04894
OG0004347	CAEEL07276	YEAST04515
OG0004348	CAEEL08518	YEAST03956
OG0004350	CAEEL01588	YEAST04742
OG0004351	CAEEL08854	YEAST04167
OG0004353	CAEEL03078	YEAST05143
OG0004356	CAEEL10602	YEAST02877
OG0004357	CAEEL01908	YEAST02304
OG0004358	CAEEL10874	YEAST01304
OG0004359	CAEEL05118	YEAST01873
OG0004364	CAEEL05913	YEAST00647
OG0004369	CAEEL08210	YEAST04013
OG0004370	CAEEL03244, CAEEL09918	YEAST02378
OG0004374	CAEEL07100	YEAST00556
OG0004377	CAEEL07838	YEAST05181
OG0004378	CAEEL08612	YEAST03291
OG0004379	CAEEL06174	YEAST02180, YEAST04152
OG0004380	CAEEL04195	YEAST04825
OG0004382	CAEEL06795	YEAST03218
OG0004394	CAEEL00556	YEAST00619
OG0004396	CAEEL05746	YEAST01668
OG0004398	CAEEL09179	YEAST01259, YEAST02217, YEAST00962
OG0004401	CAEEL08851	YEAST04219
OG0004402	CAEEL07455	YEAST05942, YEAST03617
OG0004404	CAEEL00266	YEAST00833, YEAST00883
OG0004417	CAEEL04605	YEAST03358
OG0004425	CAEEL04267	YEAST04958
OG0004426	CAEEL06644	YEAST01028
OG0004460	CAEEL05618, CAEEL12160	YEAST06162
OG0004462	CAEEL07505	YEAST03397
OG0004468	CAEEL08068, CAEEL00974	YEAST04439
OG0004472	CAEEL02040	YEAST06199
OG0004479	CAEEL01982	YEAST00474
OG0004484	CAEEL03718, CAEEL03716	YEAST01989
OG0004486	CAEEL02086	YEAST00968
OG0004489	CAEEL07471	YEAST03700
OG0004490	CAEEL15483	YEAST02887
OG0004492	CAEEL12152, CAEEL01223	YEAST05415, YEAST01368
OG0004494	CAEEL06691	YEAST03738
OG0004495	CAEEL00990	YEAST00946
OG0004498	CAEEL07493	YEAST02716
OG0004500	CAEEL07302, CAEEL06408	YEAST04651
OG0004505	CAEEL02342, CAEEL10487	YEAST01701
OG0004506	CAEEL09652	YEAST06061
OG0004507	CAEEL02892	YEAST04994
OG0004513	CAEEL02074	YEAST04235
OG0004519	CAEEL09657	YEAST01596
OG0004520	CAEEL04837	YEAST06001, YEAST05696
OG0004525	CAEEL03911	YEAST03937
OG0004526	CAEEL07101	YEAST02603
OG0004535	CAEEL05920	YEAST02221
OG0004538	CAEEL15076	YEAST02750
OG0004542	CAEEL08914	YEAST04816, YEAST04623
OG0004545	CAEEL06229	YEAST02071
OG0004546	CAEEL12390	YEAST04485
OG0004551	CAEEL07605	YEAST00426
OG0004554	CAEEL12132	YEAST04172
OG0004559	CAEEL01667	YEAST04428
OG0004563	CAEEL05628	YEAST04325
OG0004566	CAEEL08060	YEAST02192
OG0004567	CAEEL19136, CAEEL09098	YEAST05747
OG0004573	CAEEL03080	YEAST00677
OG0004577	CAEEL02135, CAEEL02134	YEAST02283
OG0004579	CAEEL12615	YEAST00134
OG0004581	CAEEL20357	YEAST03583, YEAST04618
OG0004582	CAEEL14132	YEAST04377
OG0004583	CAEEL07667	YEAST05833
OG0004584	CAEEL07066	YEAST03457
OG0004585	CAEEL02092	YEAST01153
OG0004590	CAEEL07891	YEAST03622, YEAST00886
OG0004593	CAEEL18389	YEAST01231
OG0004606	CAEEL07463	YEAST05926
OG0004609	CAEEL01549, CAEEL18748	YEAST05326
OG0004610	CAEEL01077	YEAST04487, YEAST01427
OG0004611	CAEEL06872	YEAST04613
OG0004612	CAEEL17404	YEAST02359
OG0004616	CAEEL02677	YEAST00250, YEAST02830
OG0004619	CAEEL07756	YEAST03531
OG0004621	CAEEL01185	YEAST00178
OG0004626	CAEEL02718	YEAST00427
OG0004630	CAEEL04593	YEAST01322, YEAST02951
OG0004633	CAEEL05017, CAEEL04995, CAEEL07556	YEAST03510
OG0004634	CAEEL04100	YEAST00262, YEAST00249
OG0004635	CAEEL00310	YEAST02703
OG0004639	CAEEL10507	YEAST02924
OG0004642	CAEEL00483	YEAST01912, YEAST03591
OG0004648	CAEEL08010	YEAST04721, YEAST05892
OG0004649	CAEEL08731	YEAST02284
OG0004654	CAEEL11750	YEAST00988
OG0004655	CAEEL08002	YEAST01640
OG0004656	CAEEL20024, CAEEL05907	YEAST04281
OG0004657	CAEEL03111	YEAST00473
OG0004658	CAEEL10598, CAEEL10597	YEAST04140
OG0004663	CAEEL07711	YEAST01161
OG0004664	CAEEL14781	YEAST05162
OG0004668	CAEEL08996	YEAST01610
OG0004669	CAEEL16538	YEAST00949
OG0004670	CAEEL02555	YEAST03416
OG0004671	CAEEL07417	YEAST02606
OG0004674	CAEEL04819	YEAST05448
OG0004675	CAEEL00752	YEAST05072, YEAST02983
OG0004678	CAEEL08038	YEAST02777, YEAST04846
OG0004682	CAEEL05023	YEAST02876
OG0004683	CAEEL15952	YEAST00676
OG0004684	CAEEL14663	YEAST05643
OG0004685	CAEEL09080	YEAST04200
OG0004687	CAEEL14139	YEAST00982
OG0004691	CAEEL06746	YEAST00819
OG0004699	CAEEL06377	YEAST05453
OG0004703	CAEEL06877	YEAST00841
OG0004705	CAEEL07549	YEAST05591
OG0004708	CAEEL19872	YEAST04540
OG0004711	CAEEL00544	YEAST03281
OG0004728	CAEEL00538	YEAST04662, YEAST00882
OG0004733	CAEEL14033	YEAST06337
OG0004735	CAEEL15164	YEAST04508
OG0004739	CAEEL11525, CAEEL11526	YEAST01817
OG0004740	CAEEL00607	YEAST04029
OG0004743	CAEEL09903	YEAST04299
OG0004747	CAEEL05338	YEAST01134
OG0004749	CAEEL01493	YEAST05904
OG0004753	CAEEL05745	YEAST04746
OG0004755	CAEEL05081	YEAST03690
OG0004756	CAEEL04839	YEAST03704
OG0004759	CAEEL14427	YEAST02912
OG0004760	CAEEL04521	YEAST01847
OG0004764	CAEEL08826	YEAST04443, YEAST04345
OG0004765	CAEEL05458	YEAST02487
OG0004766	CAEEL11340	YEAST01053
OG0004767	CAEEL15300	YEAST03559
OG0004768	CAEEL15484	YEAST02666
OG0004769	CAEEL12780	YEAST06228
OG0004770	CAEEL01889	YEAST03432
OG0004774	CAEEL06238	YEAST06062
OG0004785	CAEEL06884	YEAST04153
OG0004786	CAEEL08213	YEAST01015
OG0004787	CAEEL05444	YEAST02164
OG0004792	CAEEL07537	YEAST02299
OG0004795	CAEEL08472	YEAST02163
OG0004797	CAEEL00938	YEAST00371
OG0004805	CAEEL12139	YEAST03570
OG0004808	CAEEL02473, CAEEL11207	YEAST02354
OG0004811	CAEEL01647	YEAST01683
OG0004814	CAEEL07145	YEAST05710
OG0004816	CAEEL16537	YEAST04664
OG0004819	CAEEL17427	YEAST00279
OG0004820	CAEEL02793	YEAST05404
OG0004822	CAEEL08056	YEAST03199
OG0004833	CAEEL01811, CAEEL01810, CAEEL17285, CAEEL17797, CAEEL16922	YEAST01309
OG0004836	CAEEL07499	YEAST00658
OG0004840	CAEEL00561	YEAST01399
OG0004841	CAEEL02557	YEAST01375
OG0004842	CAEEL15435	YEAST05083
OG0004843	CAEEL04542	YEAST03163
OG0004844	CAEEL14096	YEAST01571
OG0004848	CAEEL00267	YEAST02387
OG0004849	CAEEL05685	YEAST06335
OG0004850	CAEEL08379	YEAST05082, YEAST02977
OG0004851	CAEEL09166	YEAST02907
OG0004852	CAEEL08142	YEAST00825
OG0004854	CAEEL02729	YEAST00889, YEAST04304
OG0004855	CAEEL07990	YEAST03252
OG0004856	CAEEL19311	YEAST05973
OG0004858	CAEEL09152	YEAST04268
OG0004863	CAEEL15773	YEAST00862
OG0004864	CAEEL09721, CAEEL09722	YEAST00264
OG0004874	CAEEL06394	YEAST04564
OG0004875	CAEEL02867	YEAST02491
OG0004877	CAEEL07946, CAEEL07947	YEAST05247
OG0004880	CAEEL10160	YEAST06046
OG0004881	CAEEL06389	YEAST00141
OG0004887	CAEEL07579	YEAST05734
OG0004893	CAEEL00322	YEAST04667
OG0004896	CAEEL17820	YEAST06193
OG0004897	CAEEL08009	YEAST03127, YEAST00642
OG0004898	CAEEL09548	YEAST01269
OG0004902	CAEEL15345	YEAST00933
OG0004903	CAEEL00424	YEAST03539
OG0004906	CAEEL14478	YEAST02770
OG0004911	CAEEL08171	YEAST04765
OG0004913	CAEEL04759, CAEEL19345	YEAST01636
OG0004917	CAEEL02599	YEAST00244
OG0004922	CAEEL03541	YEAST03302
OG0004924	CAEEL19399, CAEEL02108	YEAST03555, YEAST03277
OG0004928	CAEEL00896	YEAST00311
OG0004932	CAEEL13052	YEAST04654
OG0004935	CAEEL05576, CAEEL06452, CAEEL08089	YEAST02167
OG0004940	CAEEL02013	YEAST05107, YEAST05559
OG0004941	CAEEL09039	YEAST03194
OG0004947	CAEEL00845	YEAST05164
OG0004952	CAEEL16397	YEAST02477
OG0004954	CAEEL15813	YEAST06058
OG0004962	CAEEL12650	YEAST04400
OG0004963	CAEEL02957	YEAST04940
OG0004964	CAEEL08584	YEAST04104
OG0004968	CAEEL01209	YEAST03489
OG0004969	CAEEL00449	YEAST02591
OG0004970	CAEEL00883	YEAST04414
OG0004971	CAEEL00518	YEAST05364
OG0004972	CAEEL09033, CAEEL08011	YEAST03511
OG0004975	CAEEL09604, CAEEL09605, CAEEL09603	YEAST00144, YEAST01994
OG0004976	CAEEL07289	YEAST05983
OG0004977	CAEEL02171	YEAST06017
OG0004979	CAEEL08214	YEAST06027
OG0004980	CAEEL02291	YEAST05221
OG0004981	CAEEL09447	YEAST03914, YEAST04639
OG0004982	CAEEL04257	YEAST03625
OG0004985	CAEEL12156	YEAST03498
OG0004988	CAEEL17794, CAEEL18022	YEAST05990
OG0004989	CAEEL05203	YEAST04576
OG0004996	CAEEL17438, CAEEL11752	YEAST04793
OG0004997	CAEEL04822	YEAST01342
OG0005002	CAEEL01672	YEAST05414
OG0005003	CAEEL01322, CAEEL00099	YEAST02467, YEAST00216
OG0005007	CAEEL00948	YEAST03893
OG0005014	CAEEL11918	YEAST02538
OG0005015	CAEEL11900	YEAST01649, YEAST01932
OG0005038	CAEEL10919	YEAST02861
OG0005040	CAEEL00444	YEAST04778
OG0005047	CAEEL09699, CAEEL08619, CAEEL08618	YEAST05907
OG0005053	CAEEL05072	YEAST00680
OG0005055	CAEEL15917	YEAST02159
OG0005067	CAEEL09402	YEAST06051
OG0005069	CAEEL20392, CAEEL03480, CAEEL07766, CAEEL05483, CAEEL05440	YEAST03130
OG0005076	CAEEL00314	YEAST04563
OG0005081	CAEEL00648	YEAST03124
OG0005084	CAEEL10424	YEAST03782
OG0005086	CAEEL10116	YEAST00205
OG0005087	CAEEL00397	YEAST00816
OG0005089	CAEEL01129	YEAST04644
OG0005090	CAEEL07862	YEAST00338
OG0005091	CAEEL08585	YEAST05089
OG0005093	CAEEL01263	YEAST01810
OG0005095	CAEEL09367	YEAST04437
OG0005096	CAEEL01063	YEAST00667
OG0005097	CAEEL03077	YEAST05071
OG0005100	CAEEL09224	YEAST02389
OG0005104	CAEEL06404	YEAST05248
OG0005106	CAEEL08221	YEAST06065, YEAST00421
OG0005107	CAEEL06519	YEAST06099
OG0005109	CAEEL08735	YEAST05204, YEAST00612
OG0005111	CAEEL06161	YEAST06212, YEAST04032
OG0005114	CAEEL05264	YEAST02131
OG0005117	CAEEL05287	YEAST06050
OG0005121	CAEEL15242	YEAST02052
OG0005124	CAEEL15904	YEAST04099
OG0005130	CAEEL09169	YEAST03863
OG0005139	CAEEL04623	YEAST04015
OG0005142	CAEEL08707	YEAST03890
OG0005143	CAEEL11317	YEAST00443
OG0005144	CAEEL05847	YEAST04065
OG0005146	CAEEL10882	YEAST02971
OG0005149	CAEEL00546	YEAST03025, YEAST02738
OG0005151	CAEEL07956	YEAST03382
OG0005157	CAEEL08876	YEAST02981
OG0005160	CAEEL07790	YEAST06113
OG0005164	CAEEL05870, CAEEL01827, CAEEL00921	YEAST06283
OG0005167	CAEEL07061	YEAST03924
OG0005168	CAEEL14712	YEAST06272
OG0005169	CAEEL09655	YEAST00459
OG0005175	CAEEL15716	YEAST05445
OG0005176	CAEEL07557	YEAST00218
OG0005178	CAEEL07469	YEAST04497
OG0005179	CAEEL07168	YEAST05659
OG0005183	CAEEL08543	YEAST05308
OG0005184	CAEEL18223	YEAST00492
OG0005187	CAEEL14730	YEAST05234
OG0005188	CAEEL08965	YEAST01554
OG0005191	CAEEL05362	YEAST00993
OG0005192	CAEEL04804	YEAST05720
OG0005194	CAEEL05882	YEAST04086
OG0005196	CAEEL01072	YEAST01388
OG0005200	CAEEL05998	YEAST01016
OG0005201	CAEEL04588	YEAST00082
OG0005204	CAEEL00557	YEAST01178
OG0005205	CAEEL18834	YEAST01046
OG0005212	CAEEL01431	YEAST06147
OG0005221	CAEEL13148	YEAST03209
OG0005222	CAEEL00417	YEAST05518
OG0005224	CAEEL11021	YEAST06324
OG0005225	CAEEL11736, CAEEL02890	YEAST05094
OG0005227	CAEEL05528	YEAST05529
OG0005228	CAEEL02900	YEAST05916
OG0005229	CAEEL09302	YEAST04766
OG0005231	CAEEL04101	YEAST02681
OG0005233	CAEEL03305	YEAST00564
OG0005237	CAEEL01570	YEAST05398
OG0005238	CAEEL07258	YEAST00351
OG0005239	CAEEL15608	YEAST04499
OG0005240	CAEEL00076	YEAST03058
OG0005244	CAEEL12471	YEAST06021
OG0005247	CAEEL05013	YEAST06314
OG0005249	CAEEL18813, CAEEL11117	YEAST03446
OG0005254	CAEEL04182	YEAST00814
OG0005259	CAEEL12389	YEAST04276
OG0005261	CAEEL16553	YEAST01831
OG0005262	CAEEL05690	YEAST05458
OG0005264	CAEEL20384	YEAST03506
OG0005267	CAEEL15615	YEAST03513
OG0005269	CAEEL10603	YEAST03314
OG0005273	CAEEL00093	YEAST04916
OG0005275	CAEEL10805, CAEEL10806	YEAST03695
OG0005277	CAEEL02345	YEAST04186
OG0005279	CAEEL02901	YEAST05219
OG0005280	CAEEL08138	YEAST00305
OG0005281	CAEEL07157	YEAST05694
OG0005285	CAEEL03081	YEAST03115
OG0005289	CAEEL11634	YEAST03438
OG0005292	CAEEL09126	YEAST01718
OG0005293	CAEEL01396	YEAST03033
OG0005294	CAEEL06222	YEAST01981
OG0005295	CAEEL14047	YEAST06195
OG0005298	CAEEL01976, CAEEL00675	YEAST03696
OG0005299	CAEEL15482	YEAST00788
OG0005300	CAEEL11534	YEAST04941
OG0005309	CAEEL11459	YEAST03670
OG0005312	CAEEL11093	YEAST05201
OG0005314	CAEEL00759	YEAST05231, YEAST01835
OG0005316	CAEEL12094	YEAST02690
OG0005318	CAEEL11412	YEAST02932
OG0005319	CAEEL01211	YEAST00507
OG0005323	CAEEL14840	YEAST01809
OG0005324	CAEEL15302	YEAST02894
OG0005342	CAEEL20286, CAEEL09590, CAEEL04531, CAEEL18286, CAEEL20217, CAEEL17502, CAEEL17510, CAEEL17509, CAEEL13167, CAEEL00822, CAEEL14242, CAEEL13136, CAEEL09107, CAEEL12580, CAEEL06965, CAEEL09104, CAEEL08501, CAEEL08502, CAEEL08500, CAEEL08504, CAEEL09589, CAEEL09774, CAEEL09115, CAEEL06788, CAEEL13141, CAEEL13014, CAEEL13013, CAEEL15451, CAEEL11683	YEAST03421
OG0005360	CAEEL01919	YEAST05037
OG0005366	CAEEL12942	YEAST05488
OG0005370	CAEEL00421	YEAST06092
OG0005371	CAEEL03912	YEAST06170
OG0005373	CAEEL09399	YEAST05422
OG0005374	CAEEL02806	YEAST05714
OG0005375	CAEEL19544, CAEEL14120	YEAST03962
OG0005379	CAEEL09264	YEAST03216
OG0005390	CAEEL04490	YEAST03532
OG0005391	CAEEL00272	YEAST02166
OG0005393	CAEEL01376	YEAST04280
OG0005394	CAEEL17986	YEAST00853
OG0005396	CAEEL08913	YEAST05100
OG0005399	CAEEL03245	YEAST03052
OG0005402	CAEEL05349	YEAST00454, YEAST00455
OG0005403	CAEEL01879	YEAST03894
OG0005406	CAEEL08083	YEAST00801
OG0005409	CAEEL02913	YEAST01305
OG0005412	CAEEL05749	YEAST00286
OG0005417	CAEEL00029	YEAST02517
OG0005422	CAEEL16015	YEAST00744
OG0005431	CAEEL09902	YEAST00653
OG0005432	CAEEL04969	YEAST00083
OG0005433	CAEEL02529	YEAST00126
OG0005435	CAEEL07714	YEAST02973
OG0005439	CAEEL14848	YEAST00480, YEAST02388
OG0005446	CAEEL01571, CAEEL20779	YEAST02856
OG0005448	CAEEL08780	YEAST00061
OG0005451	CAEEL06444	YEAST02174
OG0005455	CAEEL09268	YEAST01906
OG0005464	CAEEL09892	YEAST03289
OG0005465	CAEEL16426	YEAST02925
OG0005466	CAEEL08021	YEAST04413
OG0005468	CAEEL02934	YEAST03549
OG0005469	CAEEL07069	YEAST03750
OG0005470	CAEEL06305	YEAST05805
OG0005471	CAEEL12162	YEAST02704
OG0005474	CAEEL07485	YEAST05625
OG0005476	CAEEL11680	YEAST00929
OG0005479	CAEEL07488	YEAST06140
OG0005481	CAEEL02594	YEAST02988
OG0005482	CAEEL15422	YEAST06080
OG0005484	CAEEL15470	YEAST05993
OG0005488	CAEEL04375	YEAST02834
OG0005489	CAEEL07679	YEAST02006
OG0005490	CAEEL08623	YEAST02289
OG0005493	CAEEL04269	YEAST03669
OG0005495	CAEEL05689	YEAST04982
OG0005498	CAEEL08908	YEAST02944
OG0005499	CAEEL10000	YEAST00316
OG0005504	CAEEL10085	YEAST02859
OG0005508	CAEEL08671	YEAST05735
OG0005527	CAEEL07576	YEAST05177
OG0005531	CAEEL05616	YEAST02508
OG0005533	CAEEL07641	YEAST05670
OG0005535	CAEEL05743	YEAST03305
OG0005537	CAEEL05177	YEAST00932
OG0005539	CAEEL00571	YEAST01881
OG0005540	CAEEL01662	YEAST04214
OG0005545	CAEEL11935	YEAST06273
OG0005554	CAEEL04828	YEAST01003
OG0005556	CAEEL12122	YEAST01807
OG0005559	CAEEL02868	YEAST02680
OG0005560	CAEEL01956	YEAST01996
OG0005561	CAEEL11687	YEAST05048
OG0005562	CAEEL08427	YEAST02317
OG0005563	CAEEL08448	YEAST03552
OG0005566	CAEEL08840	YEAST02934
OG0005569	CAEEL09364	YEAST01288
OG0005570	CAEEL08043	YEAST05155
OG0005572	CAEEL00043	YEAST04844
OG0005574	CAEEL01999	YEAST02083
OG0005575	CAEEL05562	YEAST02256
OG0005580	CAEEL08013	YEAST03612
OG0005582	CAEEL06866	YEAST06134
OG0005584	CAEEL00156	YEAST03140, YEAST03524
OG0005586	CAEEL00230, CAEEL10986	YEAST00364
OG0005589	CAEEL08776	YEAST06142
OG0005590	CAEEL08090	YEAST05462
OG0005592	CAEEL12369	YEAST02743, YEAST03026, YEAST00679, YEAST05239
OG0005594	CAEEL07851	YEAST04980
OG0005595	CAEEL11031	YEAST01803
OG0005597	CAEEL01169	YEAST02753
OG0005598	CAEEL08627, CAEEL14483	YEAST01870
OG0005599	CAEEL10759	YEAST01798
OG0005604	CAEEL01765	YEAST03276
OG0005605	CAEEL10783	YEAST01083
OG0005613	CAEEL14670	YEAST02714
OG0005617	CAEEL05647	YEAST02068
OG0005618	CAEEL02988	YEAST04830
OG0005620	CAEEL11400	YEAST04915
OG0005622	CAEEL01750	YEAST05142
OG0005623	CAEEL07150, CAEEL08358	YEAST01590
OG0005626	CAEEL07559	YEAST02896
OG0005632	CAEEL16405	YEAST01025
OG0005636	CAEEL10088	YEAST04250, YEAST02533
OG0005641	CAEEL11862	YEAST05413
OG0005645	CAEEL07575	YEAST03386
OG0005649	CAEEL12678	YEAST03683
OG0005652	CAEEL02073	YEAST02748
OG0005656	CAEEL07991	YEAST05558
OG0005660	CAEEL02202	YEAST04813
OG0005681	CAEEL18801, CAEEL01096	YEAST01514
OG0005701	CAEEL20630, CAEEL20628	YEAST03349
OG0005702	CAEEL15894, CAEEL18106	YEAST02337
OG0005703	CAEEL09229	YEAST00484
OG0005707	CAEEL01062	YEAST01682
OG0005715	CAEEL06260	YEAST05111
OG0005719	CAEEL05019	YEAST01866
OG0005723	CAEEL12411	YEAST05629
OG0005724	CAEEL06660	YEAST03029
OG0005728	CAEEL00225	YEAST03877
OG0005729	CAEEL01552	YEAST04879
OG0005731	CAEEL09042	YEAST04127
OG0005732	CAEEL07314	YEAST05411, YEAST00067
OG0005734	CAEEL05372	YEAST03845
OG0005747	CAEEL11656	YEAST02338
OG0005749	CAEEL14477	YEAST00550
OG0005750	CAEEL02930	YEAST05318
OG0005758	CAEEL07383, CAEEL07219	YEAST03970
OG0005764	CAEEL00440	YEAST03256
OG0005769	CAEEL00626	YEAST05614
OG0005774	CAEEL07710	YEAST01218
OG0005775	CAEEL08185	YEAST04199
OG0005779	CAEEL11742	YEAST03322
OG0005783	CAEEL15350	YEAST04090
OG0005784	CAEEL06573	YEAST06131
OG0005787	CAEEL09127, CAEEL07672	YEAST03651
OG0005789	CAEEL03291	YEAST06245
OG0005790	CAEEL02850	YEAST01022
OG0005792	CAEEL16683	YEAST02379
OG0005793	CAEEL01631	YEAST03437
OG0005794	CAEEL07859	YEAST03999
OG0005796	CAEEL03619	YEAST02169
OG0005797	CAEEL01710	YEAST04949
OG0005799	CAEEL16039	YEAST05573
OG0005800	CAEEL07429	YEAST03278
OG0005803	CAEEL05218	YEAST05968
OG0005805	CAEEL07935	YEAST01806
OG0005807	CAEEL00886	YEAST01275
OG0005811	CAEEL09170	YEAST01007
OG0005812	CAEEL15514	YEAST06095, YEAST02696, YEAST03626
OG0005814	CAEEL05572	YEAST01475
OG0005815	CAEEL08558	YEAST03739
OG0005819	CAEEL05194	YEAST04896
OG0005823	CAEEL11398	YEAST01415
OG0005831	CAEEL07627	YEAST05339
OG0005832	CAEEL01641	YEAST00468
OG0005835	CAEEL06739, CAEEL08580	YEAST01714
OG0005837	CAEEL01073	YEAST02139
OG0005842	CAEEL00044	YEAST02254
OG0005843	CAEEL06200	YEAST02236
OG0005845	CAEEL04187	YEAST00903
OG0005848	CAEEL00240	YEAST01451, YEAST02858
OG0005849	CAEEL07640	YEAST01002
OG0005850	CAEEL07059	YEAST01618
OG0005860	CAEEL11464	YEAST01211
OG0005864	CAEEL03066	YEAST04171
OG0005865	CAEEL10526	YEAST02036
OG0005866	CAEEL03116	YEAST02662, YEAST00926, YEAST05389
OG0005869	CAEEL01472	YEAST04361
OG0005872	CAEEL18764	YEAST00119
OG0005874	CAEEL06734	YEAST05241
OG0005880	CAEEL09863	YEAST00456
OG0005886	CAEEL01824	YEAST01320
OG0005888	CAEEL00435, CAEEL00746	YEAST01289, YEAST02921
OG0005889	CAEEL02553	YEAST02568
OG0005893	CAEEL11380	YEAST05434
OG0005897	CAEEL01303	YEAST04730
OG0005898	CAEEL01957	YEAST04411
OG0005899	CAEEL11728	YEAST01832
OG0005901	CAEEL01230	YEAST04462
OG0005909	CAEEL09260	YEAST01623
OG0005919	CAEEL15775	YEAST06039
OG0005921	CAEEL07408	YEAST01856
OG0005922	CAEEL15520	YEAST03364
OG0005925	CAEEL18159	YEAST05583
OG0005928	CAEEL04878	YEAST02001
OG0005931	CAEEL09476	YEAST04950
OG0005932	CAEEL11316	YEAST02495
OG0005933	CAEEL14434	YEAST05705
OG0005936	CAEEL07303	YEAST03224
OG0005940	CAEEL04134	YEAST04035
OG0005943	CAEEL02014	YEAST00579
OG0005946	CAEEL11452, CAEEL11968	YEAST05608
OG0005949	CAEEL12005	YEAST06253
OG0005952	CAEEL08042	YEAST03507
OG0005960	CAEEL18529, CAEEL16584	YEAST04608
OG0005965	CAEEL17925	YEAST02033
OG0005966	CAEEL05490	YEAST04113
OG0005968	CAEEL01646	YEAST05417
OG0005969	CAEEL01577	YEAST04558, YEAST04559
OG0005970	CAEEL16383	YEAST05328
OG0005974	CAEEL11184	YEAST06068
OG0005976	CAEEL15581	YEAST02136
OG0005978	CAEEL08320	YEAST01891
OG0005980	CAEEL05471	YEAST06132
OG0005984	CAEEL06514, CAEEL07173	YEAST04078, YEAST01479
OG0005985	CAEEL11206	YEAST00726
OG0005986	CAEEL15169	YEAST02056
OG0005987	CAEEL05677	YEAST05748
OG0005989	CAEEL14108	YEAST04850
OG0005991	CAEEL07604	YEAST06034
OG0005993	CAEEL18661, CAEEL01298, CAEEL08795	YEAST04496
OG0005995	CAEEL09469	YEAST01813
OG0005998	CAEEL12651	YEAST04034
OG0006003	CAEEL12475	YEAST05889
OG0006005	CAEEL08818	YEAST05024
OG0006011	CAEEL06588	YEAST02553
OG0006031	CAEEL00264	YEAST00879
OG0006059	CAEEL09710	YEAST03490
OG0006063	CAEEL09563	YEAST00475
OG0006064	CAEEL11646	YEAST03138
OG0006069	CAEEL08597	YEAST00670
OG0006072	CAEEL09063	YEAST03317
OG0006073	CAEEL15279	YEAST06328
OG0006074	CAEEL15694	YEAST00045
OG0006079	CAEEL06022	YEAST05794
OG0006087	CAEEL10339	YEAST02260
OG0006090	CAEEL06249	YEAST03852
OG0006095	CAEEL03714	YEAST03334
OG0006096	CAEEL08930	YEAST03331
OG0006098	CAEEL17792	YEAST06192
OG0006104	CAEEL15552	YEAST03697
OG0006106	CAEEL09939	YEAST00295
OG0006113	CAEEL00297	YEAST06164
OG0006114	CAEEL02929	YEAST05960
OG0006115	CAEEL02174, CAEEL09766	YEAST01346
OG0006116	CAEEL14600	YEAST05770
OG0006117	CAEEL15839	YEAST05899
OG0006122	CAEEL06423	YEAST05199
OG0006127	CAEEL08699	YEAST04711
OG0006134	CAEEL05080	YEAST00416
OG0006135	CAEEL16406	YEAST00161
OG0006140	CAEEL06530	YEAST05182
OG0006141	CAEEL00813	YEAST02626
OG0006144	CAEEL13019, CAEEL12775	YEAST04770
OG0006145	CAEEL00765, CAEEL00923	YEAST01394
OG0006147	CAEEL11314	YEAST05179
OG0006152	CAEEL01636	YEAST03796
OG0006156	CAEEL13825	YEAST00437
OG0006159	CAEEL07854	YEAST06098
OG0006160	CAEEL08936	YEAST01548
OG0006168	CAEEL05152	YEAST01411
OG0006169	CAEEL08537	YEAST02933
OG0006176	CAEEL05930	YEAST03164
OG0006177	CAEEL04212	YEAST01871, YEAST01295
OG0006180	CAEEL09925	YEAST00504
OG0006181	CAEEL14722	YEAST02419
OG0006185	CAEEL01692	YEAST05986
OG0006188	CAEEL02058	YEAST05311
OG0006191	CAEEL06280, CAEEL06279	YEAST02336
OG0006192	CAEEL01776	YEAST06153
OG0006196	CAEEL06224, CAEEL06189	YEAST03954
OG0006199	CAEEL05929	YEAST06121
OG0006200	CAEEL11329	YEAST05079
OG0006202	CAEEL07568	YEAST00362
OG0006209	CAEEL11287	YEAST04555
OG0006210	CAEEL00160	YEAST00201
OG0006213	CAEEL01145	YEAST03554
OG0006214	CAEEL12120	YEAST04089
OG0006216	CAEEL16326	YEAST01089
OG0006217	CAEEL05235	YEAST00809
OG0006224	CAEEL11548	YEAST02751, YEAST03048
OG0006225	CAEEL13901	YEAST04875
OG0006229	CAEEL06963	YEAST00143
OG0006230	CAEEL08542	YEAST03869
OG0006237	CAEEL04160	YEAST02126
OG0006240	CAEEL08852	YEAST04649
OG0006245	CAEEL00941	YEAST05732
OG0006247	CAEEL11988	YEAST04977
OG0006249	CAEEL10060	YEAST00821
OG0006259	CAEEL09792	YEAST05672
OG0006260	CAEEL09587	YEAST04100
OG0006263	CAEEL09474	YEAST02521
OG0006269	CAEEL11344	YEAST03069
OG0006271	CAEEL08264	YEAST00375
OG0006275	CAEEL01989	YEAST06102
OG0006277	CAEEL08057	YEAST02811
OG0006279	CAEEL00237	YEAST04402
OG0006280	CAEEL17987	YEAST04541
OG0006281	CAEEL04765	YEAST04979
OG0006283	CAEEL00881	YEAST00229
OG0006284	CAEEL08923	YEAST04213
OG0006288	CAEEL08712	YEAST02860
OG0006289	CAEEL07964	YEAST06209
OG0006293	CAEEL07928	YEAST05380
OG0006294	CAEEL14462	YEAST04000
OG0006295	CAEEL09568	YEAST05360
OG0006306	CAEEL01065	YEAST00230
OG0006311	CAEEL17612	YEAST01145
OG0006313	CAEEL05123	YEAST02392
OG0006315	CAEEL15905	YEAST00489
OG0006319	CAEEL13894	YEAST01135
OG0006322	CAEEL09507	YEAST00815
OG0006329	CAEEL02571	YEAST01245
OG0006332	CAEEL10865	YEAST06042
OG0006334	CAEEL08411, CAEEL18378	YEAST00864
OG0006335	CAEEL04124, CAEEL00475	YEAST02588
OG0006339	CAEEL08069	YEAST06286
OG0006340	CAEEL11454	YEAST00922, YEAST05387
OG0006341	CAEEL06023	YEAST01452
OG0006344	CAEEL14876	YEAST01465
OG0006347	CAEEL07567	YEAST03436
OG0006350	CAEEL07674	YEAST00452
OG0006360	CAEEL05277	YEAST01556
OG0006362	CAEEL00998	YEAST05722
OG0006370	CAEEL05220	YEAST02350
OG0006372	CAEEL09848	YEAST05423
OG0006375	CAEEL00741	YEAST05198
OG0006377	CAEEL09247	YEAST04974
OG0006378	CAEEL04747	YEAST01924
OG0006381	CAEEL09800	YEAST01058
OG0006385	CAEEL17878	YEAST04806
OG0006387	CAEEL00319	YEAST05324
OG0006389	CAEEL07348	YEAST02409
OG0006390	CAEEL13360	YEAST00339
OG0006392	CAEEL07571	YEAST01246
OG0006395	CAEEL11636	YEAST03605
OG0006407	CAEEL20555	YEAST02250
OG0006448	CAEEL07841	YEAST00505, YEAST04285
OG0006449	CAEEL08133, CAEEL02036	YEAST02458
OG0006456	CAEEL09794	YEAST06224
OG0006459	CAEEL00244	YEAST00972, YEAST00245
OG0006461	CAEEL11863	YEAST05346
OG0006462	CAEEL05709	YEAST01838
OG0006464	CAEEL01413	YEAST05965
OG0006465	CAEEL10921	YEAST01875
OG0006467	CAEEL02861	YEAST00027, YEAST02272
OG0006474	CAEEL07206	YEAST03988
OG0006475	CAEEL07548	YEAST06223, YEAST00349
OG0006476	CAEEL12092	YEAST00315
OG0006479	CAEEL05626	YEAST05669
OG0006481	CAEEL19099, CAEEL01638	YEAST06165
OG0006488	CAEEL17648	YEAST02614
OG0006498	CAEEL02503	YEAST02291
OG0006503	CAEEL07188	YEAST06053
OG0006509	CAEEL00006, CAEEL15373	YEAST02252
OG0006511	CAEEL02676	YEAST01899
OG0006512	CAEEL07313	YEAST04169
OG0006514	CAEEL07858	YEAST05820
OG0006515	CAEEL02554	YEAST03195
OG0006516	CAEEL15132	YEAST02248
OG0006520	CAEEL13792	YEAST05914
OG0006523	CAEEL15760	YEAST04170
OG0006528	CAEEL14466	YEAST02276
OG0006532	CAEEL05678	YEAST05019
OG0006533	CAEEL19649	YEAST00790
OG0006536	CAEEL05174	YEAST05130
OG0006538	CAEEL07903, CAEEL04060	YEAST02168
OG0006543	CAEEL05304	YEAST03219
OG0006544	CAEEL02597	YEAST06160
OG0006550	CAEEL02186	YEAST05541
OG0006552	CAEEL02725	YEAST02016
OG0006553	CAEEL06508	YEAST05825
OG0006554	CAEEL09071	YEAST04136
OG0006561	CAEEL16404	YEAST00874
OG0006568	CAEEL01944	YEAST03560
OG0006569	CAEEL03290	YEAST02940
OG0006571	CAEEL05447	YEAST00795
OG0006574	CAEEL01738	YEAST06163
OG0006577	CAEEL15281	YEAST03945
OG0006578	CAEEL00045	YEAST00813
OG0006580	CAEEL07590	YEAST04957
OG0006584	CAEEL05880	YEAST01846
OG0006589	CAEEL10276	YEAST04474
OG0006594	CAEEL00833	YEAST00464
OG0006595	CAEEL10661	YEAST05577
OG0006596	CAEEL00560	YEAST03312
OG0006597	CAEEL10448	YEAST01876
OG0006598	CAEEL03295	YEAST02580
OG0006602	CAEEL16562	YEAST06259
OG0006603	CAEEL00624	YEAST05721
OG0006604	CAEEL07198	YEAST01597
OG0006607	CAEEL01560	YEAST05258
OG0006609	CAEEL02187	YEAST04231
OG0006610	CAEEL11386	YEAST04593
OG0006611	CAEEL07953	YEAST02395
OG0006613	CAEEL01845	YEAST00490
OG0006615	CAEEL09131	YEAST02695
OG0006622	CAEEL05834	YEAST04382
OG0006625	CAEEL08791	YEAST05905
OG0006627	CAEEL11375	YEAST01553
OG0006630	CAEEL11696	YEAST05584
OG0006631	CAEEL00720	YEAST01419, YEAST04493
OG0006633	CAEEL00427	YEAST05580
OG0006636	CAEEL07724	YEAST06190
OG0006637	CAEEL12125	YEAST06011
OG0006651	CAEEL09522	YEAST03308
OG0006655	CAEEL00324	YEAST04609
OG0006658	CAEEL00269	YEAST03323
OG0006662	CAEEL12773	YEAST02707
OG0006663	CAEEL08458	YEAST04538
OG0006664	CAEEL01906	YEAST04769
OG0006667	CAEEL01250	YEAST03011
OG0006668	CAEEL06992	YEAST00040
OG0006669	CAEEL08205	YEAST05379
OG0006678	CAEEL12368	YEAST03428
OG0006681	CAEEL05335	YEAST02774
OG0006690	CAEEL11346	YEAST00986
OG0006691	CAEEL07500	YEAST06141
OG0006692	CAEEL00770	YEAST04243
OG0006694	CAEEL01422	YEAST04074
OG0006703	CAEEL00186	YEAST04919
OG0006706	CAEEL11633	YEAST01312
OG0006712	CAEEL01534	YEAST01297
OG0006716	CAEEL01171	YEAST01688
OG0006717	CAEEL00315	YEAST03273, YEAST00511
OG0006722	CAEEL04109	YEAST05928
OG0006726	CAEEL18959	YEAST01310
OG0006730	CAEEL07386, CAEEL18705	YEAST06066
OG0006732	CAEEL07406	YEAST05092
OG0006736	CAEEL01882	YEAST03708, YEAST02845
OG0006741	CAEEL11903	YEAST00908
OG0006752	CAEEL12417	YEAST01605
OG0006753	CAEEL06421	YEAST06210
OG0006754	CAEEL15551	YEAST05223, YEAST00660
OG0006755	CAEEL08754	YEAST03743
OG0006757	CAEEL05691	YEAST02585
OG0006758	CAEEL05308	YEAST00132
OG0006766	CAEEL04604	YEAST01711
OG0006769	CAEEL00344	YEAST04955
OG0006772	CAEEL06744, CAEEL20464	YEAST05602
OG0006777	CAEEL17985	YEAST05242
OG0006826	CAEEL07305	YEAST03748
OG0006830	CAEEL01610	YEAST02320
OG0006838	CAEEL04815	YEAST01244
OG0006843	CAEEL01030	YEAST03855
OG0006846	CAEEL15729	YEAST04146
OG0006853	CAEEL10839	YEAST03500
OG0006860	CAEEL08670	YEAST03798
OG0006867	CAEEL15109	YEAST03341
OG0006876	CAEEL04447	YEAST00384
OG0006881	CAEEL09403	YEAST01049
OG0006887	CAEEL04262	YEAST01983
OG0006888	CAEEL07944	YEAST00485
OG0006890	CAEEL05820	YEAST02034
OG0006891	CAEEL07412	YEAST00187
OG0006892	CAEEL07307	YEAST04820
OG0006894	CAEEL12154	YEAST01360
OG0006897	CAEEL00287	YEAST00856
OG0006901	CAEEL06883	YEAST05480
OG0006906	CAEEL05830	YEAST00746
OG0006918	CAEEL01349	YEAST05610
OG0006920	CAEEL08877	YEAST02490
OG0006924	CAEEL12241	YEAST04308
OG0006927	CAEEL11861	YEAST00921
OG0006934	CAEEL00405	YEAST02053
OG0006936	CAEEL11645	YEAST06114
OG0006937	CAEEL00825	YEAST05537
OG0006938	CAEEL00362	YEAST02536
OG0006939	CAEEL14723	YEAST01033
OG0006942	CAEEL08740	YEAST00190
OG0006943	CAEEL14228	YEAST02583
OG0006949	CAEEL00718	YEAST00975, YEAST00256
OG0006952	CAEEL11032	YEAST02831
OG0006953	CAEEL11948	YEAST02903, YEAST04751, YEAST05739
OG0006959	CAEEL04110	YEAST01865
OG0006964	CAEEL00220	YEAST05995
OG0006966	CAEEL05641	YEAST02544
OG0006967	CAEEL06996	YEAST06235
OG0006968	CAEEL00986	YEAST03972
OG0006969	CAEEL02753	YEAST01604
OG0006971	CAEEL08956	YEAST00044
OG0006973	CAEEL00443	YEAST03793
OG0006975	CAEEL06258	YEAST02322
OG0006977	CAEEL11170	YEAST06248
OG0006980	CAEEL07784	YEAST02173
OG0006985	CAEEL09608	YEAST03215
OG0006989	CAEEL07496	YEAST04914
OG0006991	CAEEL04823	YEAST05066
OG0006994	CAEEL01434	YEAST05554
OG0006995	CAEEL02252	YEAST06048
OG0006998	CAEEL06640	YEAST02509
OG0006999	CAEEL04127	YEAST03874
OG0007003	CAEEL10884	YEAST01840
OG0007005	CAEEL06687	YEAST03907
OG0007009	CAEEL01782	YEAST05645
OG0007010	CAEEL15343	YEAST01652
OG0007012	CAEEL11328	YEAST05361
OG0007013	CAEEL06144	YEAST05971
OG0007015	CAEEL15511	YEAST03053
OG0007016	CAEEL00075	YEAST05307
OG0007024	CAEEL10553, CAEEL11101	YEAST01864
OG0007028	CAEEL05606	YEAST06312
OG0007029	CAEEL09103	YEAST05619
OG0007033	CAEEL14194	YEAST04002
OG0007043	CAEEL13822	YEAST02072, YEAST01064
OG0007045	CAEEL09024	YEAST01113
OG0007046	CAEEL09633	YEAST04826
OG0007049	CAEEL00647	YEAST05930
OG0007050	CAEEL06277	YEAST05668
OG0007053	CAEEL09135	YEAST05898
OG0007055	CAEEL08098	YEAST02593
OG0007057	CAEEL00263	YEAST05673
OG0007061	CAEEL08933	YEAST03247
OG0007063	CAEEL07545	YEAST04650
OG0007065	CAEEL20267	YEAST01111
OG0007071	CAEEL04826	YEAST02162
OG0007073	CAEEL05159	YEAST03946
OG0007084	CAEEL01491	YEAST05527
OG0007092	CAEEL08546	YEAST01811
OG0007093	CAEEL04448	YEAST01923
OG0007095	CAEEL00821	YEAST02581
OG0007097	CAEEL04791	YEAST01699
OG0007098	CAEEL08067	YEAST03783
OG0007106	CAEEL05993	YEAST00202
OG0007112	CAEEL01614	YEAST05597
OG0007114	CAEEL01821	YEAST03493
OG0007118	CAEEL02534	YEAST01120
OG0007119	CAEEL05050	YEAST05459
OG0007120	CAEEL07430, CAEEL07614	YEAST04248
OG0007121	CAEEL12811	YEAST05746
OG0007124	CAEEL07005	YEAST04818
OG0007127	CAEEL15458	YEAST04415
OG0007130	CAEEL11905, CAEEL11906, CAEEL09908	YEAST05158
OG0007131	CAEEL05443	YEAST05874
OG0007132	CAEEL02720	YEAST06078
OG0007137	CAEEL15473	YEAST00797
OG0007138	CAEEL09999	YEAST04319
OG0007139	CAEEL01164	YEAST05259
OG0007143	CAEEL10767	YEAST02636
OG0007144	CAEEL05598	YEAST04135
OG0007154	CAEEL03604	YEAST01439
OG0007164	CAEEL07443	YEAST05557
OG0007165	CAEEL10428	YEAST04228, YEAST02514
OG0007166	CAEEL06036	YEAST05384
OG0007182	CAEEL00499	YEAST00042
OG0007184	CAEEL03133	YEAST01512
OG0007186	CAEEL05116	YEAST00761
OG0007192	CAEEL16561	YEAST00860
OG0007254	CAEEL02889	YEAST00328
OG0007258	CAEEL01284	YEAST02867
OG0007269	CAEEL20059	YEAST04522
OG0007274	CAEEL17821	YEAST04165, YEAST05634
OG0007276	CAEEL02045	YEAST02007
OG0007279	CAEEL01707	YEAST02363
OG0007282	CAEEL08198	YEAST04912
OG0007288	CAEEL09410	YEAST02949
OG0007303	CAEEL00729	YEAST05207
OG0007307	CAEEL05489	YEAST05606
OG0007317	CAEEL04877	YEAST04084
OG0007321	CAEEL08372	YEAST05016
OG0007322	CAEEL07863	YEAST01090
OG0007325	CAEEL02968	YEAST03249
OG0007330	CAEEL08957	YEAST00633
OG0007332	CAEEL12399, CAEEL09356	YEAST02451
OG0007335	CAEEL09096	YEAST06084
OG0007336	CAEEL07287	YEAST03606
OG0007341	CAEEL08254	YEAST00183
OG0007342	CAEEL17647	YEAST03859
OG0007343	CAEEL01237	YEAST00383
OG0007347	CAEEL16216	YEAST02066
OG0007354	CAEEL07366	YEAST03378
OG0007355	CAEEL07543	YEAST02682
OG0007361	CAEEL18143	YEAST02394
OG0007363	CAEEL15459	YEAST05519
OG0007364	CAEEL00051	YEAST01959
OG0007371	CAEEL08890	YEAST04970
OG0007380	CAEEL02178	YEAST00785, YEAST00666
OG0007382	CAEEL03532	YEAST01108
OG0007387	CAEEL01651	YEAST06326
OG0007393	CAEEL14340	YEAST01116
OG0007394	CAEEL17618	YEAST05998
OG0007395	CAEEL00007	YEAST00603
OG0007397	CAEEL05717	YEAST03512
OG0007399	CAEEL09345	YEAST02279
OG0007401	CAEEL06920	YEAST03451
OG0007408	CAEEL03271	YEAST03401
OG0007409	CAEEL00402	YEAST05329
OG0007411	CAEEL00187	YEAST04399
OG0007412	CAEEL02088	YEAST04822
OG0007414	CAEEL02493	YEAST01970
OG0007417	CAEEL11994	YEAST04175
OG0007419	CAEEL08256	YEAST02667
OG0007421	CAEEL05873	YEAST00762
OG0007424	CAEEL09653	YEAST05463
OG0007425	CAEEL08774	YEAST06135
OG0007427	CAEEL12151	YEAST00763
OG0007431	CAEEL08321	YEAST00610
OG0007439	CAEEL00478	YEAST01063
OG0007442	CAEEL05801, CAEEL20230	YEAST03687
OG0007446	CAEEL08347	YEAST04647
OG0007451	CAEEL01087	YEAST02017
OG0007454	CAEEL05191	YEAST01359
OG0007456	CAEEL09752	YEAST00931
OG0007458	CAEEL05739	YEAST02196
OG0007460	CAEEL08071	YEAST04891
OG0007463	CAEEL05195	YEAST00394
OG0007473	CAEEL06395	YEAST03408
OG0007478	CAEEL10045	YEAST02470
OG0007482	CAEEL05046	YEAST05783
OG0007483	CAEEL05091	YEAST01187
OG0007484	CAEEL15663	YEAST00517
OG0007488	CAEEL11022	YEAST04193
OG0007491	CAEEL08156	YEAST05032
OG0007495	CAEEL02719	YEAST04536
OG0007498	CAEEL00436	YEAST00593
OG0007508	CAEEL11729	YEAST05759
OG0007509	CAEEL03713	YEAST03229
OG0007519	CAEEL01445	YEAST04589
OG0007531	CAEEL00294	YEAST05725
OG0007550	CAEEL07298	YEAST03311
OG0007591	CAEEL00268	YEAST02623
OG0007597	CAEEL08128	YEAST05244
OG0007615	CAEEL11977	YEAST05127
OG0007618	CAEEL00292	YEAST02486
OG0007619	CAEEL00841	YEAST04342
OG0007624	CAEEL00535	YEAST03901
OG0007645	CAEEL07585	YEAST05586
OG0007646	CAEEL01490	YEAST05572
OG0007648	CAEEL02742	YEAST03775
OG0007656	CAEEL10499	YEAST02935
OG0007657	CAEEL03766	YEAST01213
OG0007663	CAEEL07909	YEAST01133
OG0007676	CAEEL11928	YEAST01965
OG0007685	CAEEL05547	YEAST00976
OG0007690	CAEEL07839	YEAST00054
OG0007698	CAEEL09040	YEAST04526
OG0007701	CAEEL08144	YEAST04394
OG0007703	CAEEL09743	YEAST03290
OG0007712	CAEEL10394	YEAST02916
OG0007722	CAEEL04401	YEAST06130
OG0007739	CAEEL05697	YEAST04408
OG0007744	CAEEL07533	YEAST04303
OG0007749	CAEEL12327	YEAST02144
OG0007754	CAEEL16020	YEAST03550
OG0007758	CAEEL12592	YEAST04336
OG0007760	CAEEL11638	YEAST02821
OG0007766	CAEEL16170	YEAST03772, YEAST02908
OG0007767	CAEEL04905	YEAST03177
OG0007769	CAEEL08087	YEAST02589
OG0007772	CAEEL09510	YEAST05211
OG0007783	CAEEL07253	YEAST03579
OG0007784	CAEEL08610	YEAST01170
OG0007786	CAEEL11757	YEAST01347
OG0007803	CAEEL05119	YEAST00818
OG0007810	CAEEL03135	YEAST06278
OG0007811	CAEEL07487	YEAST05686
OG0007816	CAEEL05256	YEAST00605
OG0007823	CAEEL13928	YEAST03887
OG0007825	CAEEL11587	YEAST05054
OG0007829	CAEEL06733	YEAST02649
OG0007830	CAEEL12370	YEAST03594
OG0007831	CAEEL09366	YEAST03693
OG0007840	CAEEL02866	YEAST02829
OG0007848	CAEEL00623	YEAST03711
OG0007852	CAEEL12251	YEAST02199
OG0007858	CAEEL05800	YEAST03196
OG0007866	CAEEL10453	YEAST06036
OG0007918	CAEEL01338	YEAST04092
OG0007942	CAEEL06424	YEAST03545
OG0007943	CAEEL00323	YEAST03288
OG0007947	CAEEL08838	YEAST02420
OG0007958	CAEEL09574	YEAST01011
OG0007971	CAEEL09028	YEAST03990
OG0007975	CAEEL07570	YEAST01243
OG0007976	CAEEL13363	YEAST02259
OG0007978	CAEEL16129	YEAST01491
OG0007996	CAEEL08828	YEAST04079
OG0008008	CAEEL09265	YEAST02355
OG0008020	CAEEL07350	YEAST05433
OG0008030	CAEEL08937	YEAST00039
OG0008031	CAEEL03012	YEAST04719
OG0008042	CAEEL08018	YEAST04557, YEAST00839
OG0008045	CAEEL06796	YEAST01345
OG0008056	CAEEL07039	YEAST04542
OG0008069	CAEEL04653	YEAST00959
OG0008072	CAEEL03539	YEAST00552
OG0008074	CAEEL08812	YEAST05664
OG0008079	CAEEL11763	YEAST03108
OG0008091	CAEEL08716	YEAST06200
OG0008100	CAEEL09035	YEAST03959
OG0008104	CAEEL01994	YEAST06240
OG0008105	CAEEL14680	YEAST03324
OG0008110	CAEEL05284	YEAST00121
OG0008115	CAEEL20667	YEAST05684, YEAST06009
OG0008122	CAEEL11778	YEAST01663
OG0008127	CAEEL07191	YEAST05342
OG0008136	CAEEL09654	YEAST02756
OG0008201	CAEEL15238	YEAST01163
OG0008202	CAEEL08153	YEAST06186
OG0008208	CAEEL12161	YEAST04341
OG0008219	CAEEL16399	YEAST05754
OG0008267	CAEEL01941	YEAST02722
OG0008273	CAEEL00012	YEAST00628
OG0008275	CAEEL12381	YEAST05358
OG0008281	CAEEL00420	YEAST01387
OG0008307	CAEEL09006	YEAST01285
OG0008332	CAEEL05599	YEAST03366
OG0008339	CAEEL12124	YEAST03286
OG0008346	CAEEL13144	YEAST01382
OG0008348	CAEEL07578	YEAST03383
OG0008351	CAEEL00200	YEAST01276
OG0008403	CAEEL01637	YEAST01318
OG0008404	CAEEL14841	YEAST02842
OG0008533	CAEEL05305	YEAST00770
OG0008540	CAEEL01640	YEAST02219
OG0008542	CAEEL01755	YEAST00506
OG0008601	CAEEL06269, CAEEL18930	YEAST03150
OG0008602	CAEEL15827	YEAST04166
OG0008620	CAEEL04544	YEAST00843
OG0008626	CAEEL11775	YEAST03306
OG0008654	CAEEL05052	YEAST03590
OG0008685	CAEEL07465	YEAST00164
OG0008689	CAEEL00927	YEAST05237
OG0008794	CAEEL07396	YEAST01976, YEAST00168, YEAST00957
OG0008799	CAEEL16398	YEAST03377
OG0008816	CAEEL02754	YEAST01954
OG0008824	CAEEL08796	YEAST01698
OG0008879	CAEEL06910	YEAST05579
OG0008887	CAEEL04377	YEAST00387
OG0008903	CAEEL10152	YEAST01637
OG0008913	CAEEL08017	YEAST03181, YEAST03769
OG0008933	CAEEL12753	YEAST01769, YEAST01770, YEAST01771, YEAST01768, YEAST01777, YEAST01780
OG0008943	CAEEL12756	YEAST01762, YEAST01758, YEAST01763, YEAST01764, YEAST01760, YEAST01759, YEAST01761
OG0008990	CAEEL16731	YEAST02040
OG0009078	CAEEL01659	YEAST02676
OG0009115	CAEEL09619	YEAST05628, YEAST04158
OG0009165	CAEEL12928	YEAST05085, YEAST01742
OG0009225	CAEEL15487	YEAST01052
OG0009232	CAEEL03097	YEAST04731
OG0009344	CAEEL02026	YEAST03868
OG0009451	CAEEL07612	YEAST05755, YEAST04763
OG0009590	CAEEL10923	YEAST02138
OG0009604	CAEEL01986	YEAST04803
OG0009630	CAEEL08959	YEAST02852
OG0009649	CAEEL15752	YEAST01825
OG0009651	CAEEL02019	YEAST04775
OG0009654	CAEEL16720	YEAST04221
OG0009676	CAEEL08642	YEAST05959
OG0009920	CAEEL07855	YEAST05355
OG0009994	CAEEL17392, CAEEL06241	YEAST06045
OG0010139	CAEEL06671	YEAST01045
OG0010271	CAEEL05014	YEAST03656
OG0010323	CAEEL08147	YEAST04943
OG0010346	CAEEL06718	YEAST00902, YEAST04286
OG0010369	CAEEL14711	YEAST01224
OG0010372	CAEEL00360	YEAST02145
OG0010570	CAEEL11133	YEAST03006
OG0010643	CAEEL10924	YEAST00800
OG0011004	CAEEL08293, CAEEL08288, CAEEL13824	YEAST05869
OG0011111	CAEEL05475, CAEEL04787	YEAST00210
OG0011258	CAEEL01988	YEAST02930
OG0011334	CAEEL12757	YEAST01779
OG0011371	CAEEL12751	YEAST01766
OG0011375	CAEEL02578	YEAST03348
OG0011414	CAEEL16021	YEAST04503
OG0011806	CAEEL15742, CAEEL15743, CAEEL13819	YEAST04598, YEAST05369, YEAST04837, YEAST00374
OG0011869	CAEEL11172	YEAST04156
OG0011920	CAEEL08146	YEAST05132
OG0012498	CAEEL11180	YEAST04109
OG0012571	CAEEL09478, CAEEL08635, CAEEL18872, CAEEL18871, CAEEL18870, CAEEL12145	YEAST01509, YEAST03166, YEAST01253, YEAST00840
OG0014188	CAEEL12754	YEAST01781
OG0015219	CAEEL08100, CAEEL08893	YEAST06205
OG0019907	CAEEL07618	YEAST03365, YEAST01816
OG0019963	CAEEL05437	YEAST00291
OG0024255	CAEEL11873, CAEEL11134, CAEEL11127	YEAST01366
OG0041041	CAEEL07240	YEAST01532
