Orthogroup	HELIO_ok	YEAST
OG0000000	HELIO_01999, HELIO_08880, HELIO_10837, HELIO_06752, HELIO_10666, HELIO_00795, HELIO_03148, HELIO_09005, HELIO_02157, HELIO_11687, HELIO_04988, HELIO_00700, HELIO_00534	YEAST00701
OG0000007	HELIO_06738	YEAST00671
OG0000007	HELIO_03118	YEAST01568, YEAST05134
OG0000011	HELIO_07225, HELIO_05813, HELIO_04043, HELIO_04510, HELIO_11100, HELIO_03543, HELIO_08950, HELIO_07308, HELIO_07134, HELIO_05491, HELIO_06444, HELIO_06546, HELIO_09981, HELIO_04800, HELIO_01844, HELIO_04250, HELIO_06749, HELIO_07221, HELIO_06242, HELIO_04650, HELIO_01241, HELIO_00959, HELIO_05340, HELIO_03542, HELIO_04969, HELIO_03053, HELIO_03054, HELIO_06328, HELIO_05201, HELIO_07608, HELIO_07482, HELIO_06122, HELIO_07422, HELIO_09607, HELIO_07282, HELIO_07525	YEAST02600, YEAST01619
OG0000013	HELIO_05698, HELIO_02247, HELIO_05055, HELIO_04730, HELIO_06663, HELIO_03869, HELIO_04774, HELIO_05617, HELIO_06871, HELIO_00215, HELIO_05802, HELIO_03214, HELIO_09936, HELIO_00850, HELIO_04016, HELIO_04491, HELIO_12769, HELIO_05315, HELIO_05049, HELIO_10683, HELIO_05716, HELIO_11357, HELIO_00073, HELIO_05056, HELIO_05998	YEAST04082
OG0000014	HELIO_03075, HELIO_06653, HELIO_08197, HELIO_07557, HELIO_08798, HELIO_12068, HELIO_07123, HELIO_10724	YEAST03484, YEAST05078, YEAST05334, YEAST05768
OG0000016	HELIO_04641, HELIO_05159, HELIO_08806, HELIO_03950, HELIO_10054, HELIO_08070, HELIO_08807, HELIO_05626, HELIO_09411, HELIO_09736	YEAST03839, YEAST02807, YEAST03817
OG0000016	HELIO_05456	YEAST03870, YEAST01103
OG0000031	HELIO_00637, HELIO_00475, HELIO_11237, HELIO_10166, HELIO_00951, HELIO_11573, HELIO_11428, HELIO_00638, HELIO_00007, HELIO_08452, HELIO_02162	YEAST02238
OG0000034	HELIO_11044, HELIO_03041, HELIO_03040, HELIO_11045, HELIO_10910, HELIO_05981, HELIO_12487, HELIO_11629, HELIO_08377	YEAST04436, YEAST05550, YEAST05115
OG0000036	HELIO_01209, HELIO_01210, HELIO_09115, HELIO_04594, HELIO_09618, HELIO_10881, HELIO_00206, HELIO_04367, HELIO_07074, HELIO_04322, HELIO_07711, HELIO_02352, HELIO_11421, HELIO_04744, HELIO_00078	YEAST02545, YEAST02806
OG0000037	HELIO_04596, HELIO_02436, HELIO_07508, HELIO_06312, HELIO_10715, HELIO_01421, HELIO_01377, HELIO_04770, HELIO_09574, HELIO_11062, HELIO_01380	YEAST03227
OG0000038	HELIO_07209	YEAST04422, YEAST04379
OG0000043	HELIO_04067, HELIO_00563, HELIO_03541	YEAST00224, YEAST01200
OG0000048	HELIO_10223, HELIO_12500, HELIO_03643, HELIO_05568, HELIO_05826, HELIO_06221, HELIO_11655, HELIO_08708, HELIO_04435, HELIO_12559, HELIO_11103, HELIO_00288, HELIO_00660, HELIO_12560, HELIO_10706, HELIO_05605	YEAST05707
OG0000054	HELIO_03625, HELIO_05561, HELIO_11556, HELIO_11049, HELIO_07252, HELIO_05216	YEAST01385
OG0000055	HELIO_03751, HELIO_10362	YEAST01199, YEAST00225
OG0000058	HELIO_04784	YEAST02989
OG0000058	HELIO_04764, HELIO_06019	YEAST02120
OG0000069	HELIO_11698	YEAST03661
OG0000069	HELIO_03190	YEAST05172
OG0000079	HELIO_01794, HELIO_05740, HELIO_00549, HELIO_01744, HELIO_07509	YEAST05330
OG0000082	HELIO_12249	YEAST03287
OG0000082	HELIO_08556	YEAST04267, YEAST01834, YEAST03359
OG0000082	HELIO_06503, HELIO_04026, HELIO_02219	YEAST03862, YEAST00076, YEAST01992, YEAST00148
OG0000082	HELIO_05158	YEAST04992, YEAST00735
OG0000095	HELIO_01565, HELIO_06183, HELIO_04673, HELIO_07611, HELIO_04751, HELIO_04874	YEAST02993
OG0000096	HELIO_07466, HELIO_03681	YEAST02643
OG0000096	HELIO_03321	YEAST00638
OG0000096	HELIO_06897, HELIO_03947, HELIO_09595	YEAST05104, YEAST05564
OG0000103	HELIO_03996, HELIO_12543	YEAST02873
OG0000107	HELIO_04878	YEAST05173
OG0000113	HELIO_06754, HELIO_04446, HELIO_08405	YEAST00378, YEAST01351, YEAST05581
OG0000116	HELIO_08217, HELIO_10553, HELIO_06412, HELIO_04872, HELIO_03109, HELIO_04371, HELIO_07156, HELIO_04755, HELIO_00774, HELIO_07866, HELIO_07865	YEAST04456
OG0000122	HELIO_03986, HELIO_09221, HELIO_00601, HELIO_11330, HELIO_07753	YEAST04928
OG0000124	HELIO_02264	YEAST05021
OG0000124	HELIO_08965	YEAST04122
OG0000127	HELIO_00274, HELIO_04203, HELIO_00760, HELIO_10652, HELIO_03723	YEAST06208
OG0000128	HELIO_00789	YEAST01398, YEAST05967, YEAST05716
OG0000132	HELIO_02084, HELIO_02083, HELIO_03711, HELIO_04353	YEAST06016
OG0000137	HELIO_10563, HELIO_05850, HELIO_01589, HELIO_12262	YEAST01851, YEAST00637
OG0000142	HELIO_07594, HELIO_07399	YEAST02122
OG0000157	HELIO_02898	YEAST02851
OG0000158	HELIO_09280, HELIO_05890	YEAST05568
OG0000160	HELIO_06133, HELIO_11300, HELIO_11870, HELIO_09094	YEAST04194
OG0000175	HELIO_01966, HELIO_02535, HELIO_08923, HELIO_05633, HELIO_11471	YEAST00850, YEAST04327
OG0000179	HELIO_05015	YEAST01123, YEAST04430
OG0000179	HELIO_04929, HELIO_05097	YEAST02911, YEAST01281
OG0000179	HELIO_08122	YEAST04108, YEAST03346
OG0000181	HELIO_04096, HELIO_03744, HELIO_11084, HELIO_06953, HELIO_10771, HELIO_03461, HELIO_03460	YEAST00824, YEAST00771
OG0000186	HELIO_05733, HELIO_02314, HELIO_09501, HELIO_02377, HELIO_05946	YEAST00336
OG0000194	HELIO_04375, HELIO_03596, HELIO_05547, HELIO_11820, HELIO_06680, HELIO_07417, HELIO_04980	YEAST01410
OG0000195	HELIO_05982, HELIO_02698, HELIO_03662, HELIO_03270, HELIO_05691, HELIO_11757, HELIO_06118	YEAST03414
OG0000211	HELIO_11401, HELIO_09853, HELIO_00554, HELIO_04759, HELIO_11035	YEAST04964
OG0000221	HELIO_06860, HELIO_10767, HELIO_06340	YEAST05872
OG0000222	HELIO_00099, HELIO_10967, HELIO_04924, HELIO_00113	YEAST01460
OG0000225	HELIO_03666, HELIO_05507, HELIO_12455, HELIO_12454	YEAST06146
OG0000227	HELIO_02891, HELIO_06498, HELIO_04590	YEAST05815
OG0000228	HELIO_05990, HELIO_05988, HELIO_00779, HELIO_04342, HELIO_01854, HELIO_01855, HELIO_01856	YEAST04750
OG0000233	HELIO_05580, HELIO_03649, HELIO_09993	YEAST03726, YEAST03241, YEAST03242
OG0000238	HELIO_10889, HELIO_06126, HELIO_04152	YEAST06340, YEAST03834
OG0000240	HELIO_07617, HELIO_07345, HELIO_10762	YEAST03827
OG0000242	HELIO_08165, HELIO_09942, HELIO_01488, HELIO_07151	YEAST00734
OG0000246	HELIO_06641, HELIO_12542, HELIO_06797, HELIO_02441	YEAST01746, YEAST01747
OG0000250	HELIO_03230, HELIO_09216, HELIO_02167, HELIO_12457	YEAST04716
OG0000255	HELIO_09865, HELIO_11786, HELIO_04587, HELIO_06197, HELIO_12461, HELIO_12238, HELIO_00118, HELIO_05381, HELIO_00573	YEAST02822
OG0000256	HELIO_11169, HELIO_06584, HELIO_07024, HELIO_07406, HELIO_07937	YEAST00266
OG0000258	HELIO_01832, HELIO_07834, HELIO_11938	YEAST00118
OG0000260	HELIO_02123, HELIO_12046	YEAST04323
OG0000265	HELIO_02949	YEAST03885, YEAST03714
OG0000272	HELIO_03137, HELIO_06926	YEAST02076, YEAST01066
OG0000274	HELIO_06815, HELIO_04008	YEAST02118, YEAST04573, YEAST01485
OG0000284	HELIO_09271, HELIO_08507, HELIO_03356, HELIO_04011	YEAST05621
OG0000289	HELIO_07121, HELIO_04864, HELIO_08142	YEAST00645
OG0000305	HELIO_11091, HELIO_04494, HELIO_11371	YEAST04899
OG0000308	HELIO_09361, HELIO_07835, HELIO_01621, HELIO_08987, HELIO_05751	YEAST02548
OG0000310	HELIO_00168, HELIO_06381, HELIO_04123, HELIO_12468, HELIO_07977, HELIO_10589	YEAST02635
OG0000312	HELIO_01538, HELIO_09957, HELIO_10360	YEAST06260, YEAST02598, YEAST06261, YEAST02599, YEAST00807, YEAST04102
OG0000313	HELIO_06905, HELIO_11614	YEAST05106
OG0000315	HELIO_06387	YEAST04684
OG0000316	HELIO_00705, HELIO_01356, HELIO_01799, HELIO_11514, HELIO_05676	YEAST01673
OG0000317	HELIO_05129, HELIO_04312, HELIO_07279, HELIO_09420	YEAST01356
OG0000321	HELIO_08196, HELIO_12621, HELIO_08301	YEAST03264
OG0000323	HELIO_02185, HELIO_02184, HELIO_07979, HELIO_09877	YEAST02249
OG0000326	HELIO_08613	YEAST06056
OG0000338	HELIO_11240, HELIO_09261	YEAST02967
OG0000338	HELIO_11115	YEAST04211
OG0000343	HELIO_11255, HELIO_11254, HELIO_11253, HELIO_04075	YEAST03024, YEAST02736
OG0000345	HELIO_07592, HELIO_01838, HELIO_03828, HELIO_12171, HELIO_06324, HELIO_12314	YEAST01884
OG0000352	HELIO_07849, HELIO_02109, HELIO_10654	YEAST04069
OG0000357	HELIO_02302, HELIO_12008, HELIO_04303	YEAST01925
OG0000359	HELIO_08095, HELIO_01337, HELIO_08324	YEAST02489
OG0000363	HELIO_08685, HELIO_04531, HELIO_03753	YEAST04081, YEAST05870
OG0000365	HELIO_11146, HELIO_04785, HELIO_04794	YEAST05831
OG0000367	HELIO_11366, HELIO_00864	YEAST02141, YEAST03746, YEAST03210
OG0000372	HELIO_08010, HELIO_09904, HELIO_12662, HELIO_08215	YEAST05988
OG0000373	HELIO_07356	YEAST02023
OG0000380	HELIO_05393, HELIO_03707	YEAST01047
OG0000385	HELIO_06965, HELIO_07014, HELIO_02136, HELIO_00841, HELIO_02137	YEAST03496
OG0000393	HELIO_12162, HELIO_00926, HELIO_04233, HELIO_12760	YEAST04072, YEAST04071
OG0000393	HELIO_07006	YEAST01302
OG0000397	HELIO_10979	YEAST05080
OG0000399	HELIO_09726, HELIO_07050, HELIO_04949, HELIO_03771	YEAST02160
OG0000400	HELIO_10775	YEAST05911
OG0000402	HELIO_08210, HELIO_08672, HELIO_08610	YEAST01657, YEAST01929
OG0000405	HELIO_10657	YEAST06055, YEAST00411
OG0000412	HELIO_09547	YEAST04469
OG0000413	HELIO_08207, HELIO_08206	YEAST04905, YEAST05340
OG0000413	HELIO_10878	YEAST02838
OG0000419	HELIO_02114	YEAST05989
OG0000420	HELIO_11506, HELIO_10479, HELIO_04176	YEAST03886
OG0000424	HELIO_07447, HELIO_02671	YEAST03563
OG0000426	HELIO_00568	YEAST03440
OG0000427	HELIO_11307, HELIO_03641, HELIO_07136	YEAST02655, YEAST02439
OG0000429	HELIO_04434, HELIO_07593	YEAST02285
OG0000431	HELIO_02207, HELIO_05550, HELIO_04546	YEAST04014
OG0000433	HELIO_10148, HELIO_09108	YEAST06177, YEAST00117
OG0000437	HELIO_04999, HELIO_08664	YEAST03074, YEAST02073
OG0000442	HELIO_01730, HELIO_02982, HELIO_12491	YEAST05012
OG0000444	HELIO_00903, HELIO_04957	YEAST01115, YEAST04019
OG0000445	HELIO_01787, HELIO_05217	YEAST03068
OG0000450	HELIO_01846	YEAST04709, YEAST05909
OG0000461	HELIO_03731, HELIO_03732, HELIO_06581	YEAST00120
OG0000467	HELIO_10923	YEAST03162
OG0000468	HELIO_00401, HELIO_10281, HELIO_03768, HELIO_09960	YEAST04372
OG0000469	HELIO_06536	YEAST02179, YEAST05440
OG0000469	HELIO_02957	YEAST02333, YEAST00863
OG0000474	HELIO_07485, HELIO_10673	YEAST02384
OG0000476	HELIO_11845, HELIO_05685, HELIO_05620	YEAST03038
OG0000479	HELIO_08760, HELIO_02948	YEAST04139
OG0000480	HELIO_05557, HELIO_08414, HELIO_08413	YEAST05750
OG0000481	HELIO_12216	YEAST01040
OG0000481	HELIO_11178	YEAST00916
OG0000481	HELIO_09259	YEAST00827, YEAST00774
OG0000484	HELIO_05916	YEAST05824
OG0000486	HELIO_10558, HELIO_11461, HELIO_05022, HELIO_11212, HELIO_06172, HELIO_02564, HELIO_00117	YEAST03122, YEAST04270
OG0000487	HELIO_06499	YEAST04968
OG0000487	HELIO_07290	YEAST02728
OG0000488	HELIO_02611	YEAST01414
OG0000490	HELIO_06690	YEAST04297, YEAST00894
OG0000505	HELIO_05319	YEAST03067
OG0000508	HELIO_04860, HELIO_10897	YEAST04626
OG0000510	HELIO_05326, HELIO_00614, HELIO_06648	YEAST04569, YEAST05730
OG0000515	HELIO_01437, HELIO_00462, HELIO_05122, HELIO_00094	YEAST04784, YEAST05876
OG0000519	HELIO_03762, HELIO_07021, HELIO_05761, HELIO_00935	YEAST04594, YEAST03616
OG0000520	HELIO_02643, HELIO_02641, HELIO_10311	YEAST02979
OG0000523	HELIO_12547, HELIO_01413	YEAST01952, YEAST05838, YEAST06082
OG0000534	HELIO_09230, HELIO_00845, HELIO_05373, HELIO_12243	YEAST04932
OG0000538	HELIO_11897, HELIO_11896	YEAST00499
OG0000549	HELIO_05772	YEAST06280, YEAST02610, YEAST05060
OG0000552	HELIO_04288, HELIO_02628	YEAST05717
OG0000561	HELIO_11408	YEAST06202, YEAST00331
OG0000562	HELIO_07448, HELIO_12786	YEAST00314
OG0000566	HELIO_06134, HELIO_05991, HELIO_09539	YEAST05789, YEAST00049
OG0000573	HELIO_11819, HELIO_09237	YEAST05675
OG0000576	HELIO_04420	YEAST00470, YEAST00193
OG0000578	HELIO_04018	YEAST01208, YEAST00759
OG0000579	HELIO_08075	YEAST02484
OG0000582	HELIO_05267	YEAST03615
OG0000587	HELIO_08335	YEAST04063
OG0000587	HELIO_02916	YEAST03372
OG0000588	HELIO_06031, HELIO_08850	YEAST05197
OG0000590	HELIO_04845, HELIO_05331	YEAST05110, YEAST05552, YEAST03727
OG0000592	HELIO_11966, HELIO_10886	YEAST00388
OG0000597	HELIO_02513, HELIO_06072	YEAST04330
OG0000609	HELIO_02166, HELIO_01095	YEAST05180
OG0000612	HELIO_12611	YEAST02370
OG0000612	HELIO_07229, HELIO_04425	YEAST03629
OG0000613	HELIO_03222, HELIO_12531	YEAST01072
OG0000623	HELIO_01153	YEAST02411
OG0000623	HELIO_01575	YEAST05090
OG0000627	HELIO_01431	YEAST02116, YEAST03957
OG0000639	HELIO_03049, HELIO_03048, HELIO_09484	YEAST02015
OG0000642	HELIO_06112, HELIO_06155	YEAST00618
OG0000645	HELIO_03716	YEAST05140
OG0000645	HELIO_08748	YEAST04743
OG0000647	HELIO_01252, HELIO_01414	YEAST04534
OG0000648	HELIO_05483, HELIO_02387	YEAST04178, YEAST05641
OG0000657	HELIO_00368, HELIO_07143, HELIO_10387	YEAST03846
OG0000660	HELIO_01158, HELIO_12701	YEAST05150, YEAST01587
OG0000662	HELIO_03239, HELIO_05920	YEAST05937
OG0000663	HELIO_00575, HELIO_09383, HELIO_07980	YEAST02675, YEAST03294
OG0000672	HELIO_01185	YEAST03771
OG0000672	HELIO_02468	YEAST00984
OG0000676	HELIO_11959	YEAST01503
OG0000676	HELIO_04321	YEAST02962
OG0000683	HELIO_12315, HELIO_10017	YEAST03152, YEAST03537, YEAST05938
OG0000690	HELIO_00922	YEAST04874
OG0000690	HELIO_02624	YEAST02296
OG0000692	HELIO_12014	YEAST01969
OG0000692	HELIO_02500	YEAST03487
OG0000694	HELIO_08916, HELIO_05625	YEAST05978
OG0000699	HELIO_11713, HELIO_04317	YEAST05706
OG0000701	HELIO_11804, HELIO_02160	YEAST02239, YEAST02223
OG0000703	HELIO_02836	YEAST05314
OG0000708	HELIO_04126, HELIO_01919	YEAST05997
OG0000709	HELIO_07079, HELIO_05292	YEAST00057
OG0000724	HELIO_09105	YEAST02013
OG0000732	HELIO_08995, HELIO_10738	YEAST04978
OG0000733	HELIO_03055, HELIO_00314	YEAST05474
OG0000735	HELIO_11007	YEAST05945
OG0000737	HELIO_05852	YEAST05188
OG0000744	HELIO_12402, HELIO_04178	YEAST05951
OG0000745	HELIO_02255, HELIO_11895	YEAST00539, YEAST02786, YEAST05296, YEAST03097, YEAST02781, YEAST03102
OG0000752	HELIO_01912, HELIO_05368, HELIO_02501	YEAST01432, YEAST04483
OG0000753	HELIO_08985, HELIO_08986, HELIO_11488	YEAST01034, YEAST02037
OG0000757	HELIO_03294	YEAST01489
OG0000758	HELIO_08482, HELIO_08479	YEAST01504
OG0000759	HELIO_08744	YEAST02878, YEAST05681
OG0000768	HELIO_00359	YEAST02560, YEAST04269
OG0000772	HELIO_08462, HELIO_06060, HELIO_07606, HELIO_02715	YEAST04929
OG0000776	HELIO_04225, HELIO_09018	YEAST04571, YEAST00195, YEAST00312
OG0000777	HELIO_01199, HELIO_06142, HELIO_04823	YEAST06297, YEAST02627
OG0000779	HELIO_11967, HELIO_02465	YEAST03812
OG0000782	HELIO_03195	YEAST01393, YEAST05616
OG0000791	HELIO_07748	YEAST02375
OG0000794	HELIO_08580, HELIO_07646	YEAST04627
OG0000800	HELIO_11766, HELIO_01323	YEAST03636
OG0000809	HELIO_01972	YEAST01998
OG0000817	HELIO_10156, HELIO_06308	YEAST00389
OG0000817	HELIO_02523	YEAST06112
OG0000824	HELIO_00999	YEAST01319, YEAST02883
OG0000828	HELIO_02812	YEAST00945, YEAST05476, YEAST00075
OG0000828	HELIO_08756	YEAST02290
OG0000837	HELIO_06103	YEAST06222
OG0000841	HELIO_01420	YEAST02416
OG0000847	HELIO_07547	YEAST02530, YEAST00209
OG0000849	HELIO_02567	YEAST04475
OG0000850	HELIO_09938, HELIO_06017	YEAST04287
OG0000852	HELIO_03095, HELIO_01058	YEAST01266
OG0000855	HELIO_00071, HELIO_07301	YEAST04755
OG0000857	HELIO_09917	YEAST00309
OG0000868	HELIO_01384	YEAST06157
OG0000871	HELIO_05455, HELIO_10685, HELIO_01060, HELIO_09841	YEAST03857
OG0000872	HELIO_10138	YEAST03222, YEAST03741
OG0000875	HELIO_11887	YEAST00077
OG0000876	HELIO_09814	YEAST05556
OG0000879	HELIO_12212, HELIO_12213	YEAST06123
OG0000888	HELIO_05889, HELIO_01489	YEAST00288
OG0000889	HELIO_04264, HELIO_00210	YEAST00175
OG0000894	HELIO_06317, HELIO_06932	YEAST03763
OG0000896	HELIO_12759	YEAST02476
OG0000896	HELIO_06843	YEAST04923
OG0000898	HELIO_04279	YEAST06255, YEAST03431
OG0000905	HELIO_07570	YEAST00599
OG0000907	HELIO_12545	YEAST02193
OG0000913	HELIO_06048	YEAST03557, YEAST05101
OG0000914	HELIO_08250	YEAST04745
OG0000921	HELIO_03668	YEAST02526
OG0000925	HELIO_09608, HELIO_02417	YEAST05667, YEAST06025
OG0000932	HELIO_12492, HELIO_07928	YEAST03525
OG0000933	HELIO_10228	YEAST06306
OG0000934	HELIO_01254	YEAST02582, YEAST06252
OG0000934	HELIO_02606	YEAST05040
OG0000935	HELIO_05900	YEAST02843
OG0000943	HELIO_08389, HELIO_02640, HELIO_02892	YEAST03805
OG0000944	HELIO_00838, HELIO_00839	YEAST04878
OG0000954	HELIO_08553, HELIO_10186	YEAST05503, YEAST01249
OG0000955	HELIO_03286	YEAST00837
OG0000955	HELIO_07820	YEAST04295
OG0000963	HELIO_01247, HELIO_02112	YEAST03685, YEAST00482, YEAST01749
OG0000964	HELIO_02016	YEAST04606
OG0000965	HELIO_02433, HELIO_01613	YEAST02552
OG0000965	HELIO_02543	YEAST02050
OG0000967	HELIO_05380, HELIO_03536, HELIO_01717	YEAST05075
OG0000970	HELIO_10364, HELIO_01898	YEAST04028
OG0000982	HELIO_07584	YEAST01182
OG0000984	HELIO_08631	YEAST01493, YEAST00575
OG0000986	HELIO_03699	YEAST01481, YEAST04073
OG0000987	HELIO_01520	YEAST04734, YEAST02734
OG0000994	HELIO_02373, HELIO_07661	YEAST02360
OG0000996	HELIO_08470	YEAST00033
OG0001001	HELIO_03180, HELIO_03179, HELIO_08058	YEAST00341
OG0001003	HELIO_03157, HELIO_03158	YEAST00644
OG0001006	HELIO_12602, HELIO_03139	YEAST04513
OG0001016	HELIO_06921, HELIO_03156	YEAST00830
OG0001018	HELIO_02325, HELIO_10601	YEAST01172
OG0001024	HELIO_04378	YEAST01024, YEAST00308
OG0001033	HELIO_06818	YEAST02124
OG0001064	HELIO_06789	YEAST00458
OG0001066	HELIO_06550, HELIO_03182	YEAST06311
OG0001075	HELIO_03042	YEAST05636
OG0001076	HELIO_10241	YEAST01570
OG0001081	HELIO_05200, HELIO_10290, HELIO_06610, HELIO_11737	YEAST04460
OG0001082	HELIO_11176, HELIO_04668	YEAST03919, YEAST02905, YEAST05331
OG0001095	HELIO_04642, HELIO_03581, HELIO_00438	YEAST00773
OG0001096	HELIO_10964, HELIO_06053, HELIO_11485	YEAST01384
OG0001101	HELIO_11659	YEAST03434
OG0001108	HELIO_00460, HELIO_08728	YEAST06309
OG0001113	HELIO_11363	YEAST05320
OG0001114	HELIO_01619	YEAST00036, YEAST05811
OG0001124	HELIO_05892, HELIO_11497	YEAST02719
OG0001132	HELIO_09410	YEAST05421
OG0001133	HELIO_03341	YEAST04296
OG0001133	HELIO_10368	YEAST03271
OG0001134	HELIO_12460	YEAST05015
OG0001135	HELIO_07754	YEAST03641
OG0001140	HELIO_11252, HELIO_00781	YEAST03519
OG0001142	HELIO_04691, HELIO_05081	YEAST04001
OG0001163	HELIO_12002	YEAST02433
OG0001164	HELIO_09308, HELIO_08913	YEAST03454
OG0001171	HELIO_07445	YEAST04620, YEAST03578
OG0001175	HELIO_05555, HELIO_11278	YEAST00534
OG0001177	HELIO_06526, HELIO_10848	YEAST06137
OG0001179	HELIO_04085, HELIO_04405, HELIO_06718	YEAST00368, YEAST04831, YEAST02287
OG0001181	HELIO_05206	YEAST02051
OG0001184	HELIO_12185, HELIO_02728	YEAST01681
OG0001185	HELIO_12657	YEAST04969
OG0001186	HELIO_09188, HELIO_01928	YEAST04605, YEAST01886
OG0001191	HELIO_06301	YEAST04707
OG0001197	HELIO_04520, HELIO_09598	YEAST01499
OG0001201	HELIO_08628	YEAST05452
OG0001204	HELIO_07269	YEAST05200
OG0001207	HELIO_10416, HELIO_09377	YEAST04258
OG0001210	HELIO_01552	YEAST05511
OG0001210	HELIO_03776	YEAST02318
OG0001212	HELIO_03454, HELIO_05237	YEAST03971
OG0001214	HELIO_04580	YEAST00577
OG0001216	HELIO_01588, HELIO_04477	YEAST00145
OG0001219	HELIO_07847	YEAST03867
OG0001236	HELIO_09754	YEAST03325, YEAST02687, YEAST03269
OG0001237	HELIO_09190, HELIO_06015	YEAST04380
OG0001238	HELIO_06977	YEAST04481
OG0001241	HELIO_03226	YEAST02002
OG0001241	HELIO_12192	YEAST03967, YEAST01074
OG0001243	HELIO_09478	YEAST00739, YEAST05004
OG0001250	HELIO_01985	YEAST02968, YEAST01339
OG0001251	HELIO_03697	YEAST01707
OG0001253	HELIO_02555, HELIO_12144	YEAST03998
OG0001254	HELIO_05460	YEAST04309
OG0001262	HELIO_07069, HELIO_09573, HELIO_00924	YEAST00911
OG0001263	HELIO_01885, HELIO_04331	YEAST00172
OG0001268	HELIO_07801, HELIO_12028	YEAST03495
OG0001270	HELIO_02110	YEAST01703
OG0001270	HELIO_02804	YEAST02398
OG0001271	HELIO_11242	YEAST05227, YEAST00662
OG0001278	HELIO_10541, HELIO_03037, HELIO_09526	YEAST01893
OG0001279	HELIO_12791	YEAST03070
OG0001282	HELIO_03746	YEAST03744
OG0001284	HELIO_06649, HELIO_03045	YEAST00567, YEAST01498
OG0001286	HELIO_12601	YEAST00588, YEAST01486, YEAST03604
OG0001291	HELIO_10055	YEAST04453, YEAST04334
OG0001300	HELIO_09555	YEAST01098
OG0001302	HELIO_02616	YEAST02328
OG0001302	HELIO_08651	YEAST00299
OG0001310	HELIO_02438, HELIO_09331	YEAST00887
OG0001318	HELIO_01897, HELIO_00651	YEAST03712
OG0001319	HELIO_09125	YEAST01678
OG0001321	HELIO_11153	YEAST02280, YEAST01901
OG0001322	HELIO_12344, HELIO_07391	YEAST06128
OG0001324	HELIO_11046	YEAST00078
OG0001325	HELIO_02148	YEAST00793
OG0001326	HELIO_01722	YEAST05395
OG0001327	HELIO_06372, HELIO_03453	YEAST03176
OG0001333	HELIO_07137	YEAST00728
OG0001341	HELIO_06656	YEAST06006
OG0001345	HELIO_00586	YEAST03613
OG0001353	HELIO_03307, HELIO_07889	YEAST00020, YEAST04041
OG0001363	HELIO_03084	YEAST06180
OG0001364	HELIO_01883, HELIO_04728, HELIO_01882, HELIO_01884	YEAST06038, YEAST00402
OG0001367	HELIO_12197	YEAST04688
OG0001368	HELIO_02045	YEAST01821
OG0001370	HELIO_08459, HELIO_09154	YEAST04067, YEAST05195, YEAST00897
OG0001371	HELIO_02393, HELIO_07671	YEAST00532, YEAST03976
OG0001372	HELIO_07415	YEAST00070
OG0001372	HELIO_09833, HELIO_00197	YEAST02226
OG0001375	HELIO_04841, HELIO_01574	YEAST05499, YEAST05567
OG0001378	HELIO_02964	YEAST02300
OG0001379	HELIO_04200	YEAST04155
OG0001386	HELIO_05642, HELIO_02823, HELIO_05955, HELIO_02822	YEAST05114
OG0001397	HELIO_01273, HELIO_04122	YEAST05731
OG0001400	HELIO_09621	YEAST02931
OG0001409	HELIO_05260	YEAST00885, YEAST04659
OG0001410	HELIO_07114, HELIO_01417	YEAST05046
OG0001411	HELIO_03361	YEAST04834
OG0001412	HELIO_06209	YEAST04490
OG0001413	HELIO_11436, HELIO_10258	YEAST04294
OG0001414	HELIO_00902, HELIO_00745	YEAST06070, YEAST01920
OG0001415	HELIO_07046	YEAST04230
OG0001415	HELIO_06445	YEAST00964
OG0001421	HELIO_02587	YEAST05252
OG0001422	HELIO_00344	YEAST05588, YEAST01363
OG0001424	HELIO_00747, HELIO_01935	YEAST01127
OG0001428	HELIO_11579	YEAST04862, YEAST05862, YEAST02749, YEAST03037
OG0001430	HELIO_08384	YEAST01712
OG0001434	HELIO_10028, HELIO_10029, HELIO_10027	YEAST03991
OG0001437	HELIO_04743	YEAST01264, YEAST02900
OG0001445	HELIO_12183	YEAST01715
OG0001449	HELIO_03720	YEAST03188
OG0001449	HELIO_09662	YEAST05764
OG0001452	HELIO_09077, HELIO_09076	YEAST05900
OG0001454	HELIO_04552	YEAST01495, YEAST00573
OG0001456	HELIO_09922	YEAST00365
OG0001459	HELIO_08961	YEAST03073, YEAST03464
OG0001461	HELIO_04207	YEAST05255
OG0001468	HELIO_09103	YEAST03875, YEAST03904
OG0001469	HELIO_10093	YEAST02070
OG0001469	HELIO_12462	YEAST02765
OG0001470	HELIO_04948, HELIO_03568	YEAST00369, YEAST05375
OG0001472	HELIO_05084, HELIO_09162	YEAST03031
OG0001473	HELIO_01497, HELIO_06355, HELIO_01429	YEAST05711
OG0001474	HELIO_08603, HELIO_05046	YEAST01416, YEAST05312
OG0001478	HELIO_10243	YEAST01984
OG0001479	HELIO_00677	YEAST01132
OG0001503	HELIO_00871	YEAST03032
OG0001503	HELIO_00967	YEAST02920
OG0001504	HELIO_02828, HELIO_12551	YEAST05406
OG0001505	HELIO_01480	YEAST03361
OG0001508	HELIO_05840	YEAST04143
OG0001515	HELIO_11317	YEAST03320
OG0001520	HELIO_10408	YEAST03872
OG0001524	HELIO_05163, HELIO_01459	YEAST03912
OG0001525	HELIO_07734	YEAST00757
OG0001527	HELIO_04544, HELIO_10434	YEAST01395
OG0001529	HELIO_08747	YEAST01143
OG0001530	HELIO_09208	YEAST00643
OG0001546	HELIO_10092	YEAST03111
OG0001550	HELIO_04550, HELIO_08048	YEAST02405, YEAST05953
OG0001551	HELIO_02886	YEAST04817
OG0001553	HELIO_04975	YEAST05147, YEAST01586
OG0001557	HELIO_05083	YEAST04671
OG0001557	HELIO_06596	YEAST04551
OG0001558	HELIO_02760	YEAST04449
OG0001559	HELIO_06123	YEAST00445, YEAST02434
OG0001561	HELIO_08393	YEAST06176
OG0001564	HELIO_01962	YEAST05390
OG0001570	HELIO_02540, HELIO_05222	YEAST04678
OG0001573	HELIO_02265	YEAST03285
OG0001578	HELIO_08790, HELIO_08789	YEAST01872
OG0001580	HELIO_11365	YEAST06270
OG0001590	HELIO_11606, HELIO_02516	YEAST03476, YEAST00717, YEAST03955
OG0001594	HELIO_11160	YEAST03418
OG0001597	HELIO_04679, HELIO_01769	YEAST01702
OG0001603	HELIO_09786, HELIO_02249	YEAST02584
OG0001604	HELIO_12168	YEAST01428
OG0001605	HELIO_09701, HELIO_00110	YEAST04101
OG0001609	HELIO_04479, HELIO_00769	YEAST02739
OG0001610	HELIO_06066	YEAST00596
OG0001612	HELIO_03470, HELIO_09022	YEAST01109
OG0001628	HELIO_11311, HELIO_03654	YEAST04790
OG0001653	HELIO_02536	YEAST01151
OG0001655	HELIO_08331	YEAST03354
OG0001657	HELIO_09713	YEAST00101, YEAST00944
OG0001663	HELIO_06205, HELIO_04184	YEAST05642
OG0001676	HELIO_09572	YEAST02848
OG0001676	HELIO_09106	YEAST06155
OG0001679	HELIO_08774, HELIO_10789, HELIO_00740	YEAST05302, YEAST02334, YEAST02449, YEAST01523
OG0001680	HELIO_00317	YEAST01119, YEAST04022
OG0001685	HELIO_02127	YEAST01147
OG0001687	HELIO_06212	YEAST05279
OG0001691	HELIO_03141	YEAST01315
OG0001704	HELIO_11078	YEAST01293
OG0001706	HELIO_03225	YEAST03424
OG0001707	HELIO_04517	YEAST06049, YEAST00407, YEAST04739
OG0001708	HELIO_01586	YEAST05744, YEAST05745
OG0001709	HELIO_12693	YEAST04440
OG0001713	HELIO_10733	YEAST04039
OG0001718	HELIO_08374	YEAST01537
OG0001721	HELIO_04710	YEAST04881, YEAST05253, YEAST00698
OG0001723	HELIO_03904	YEAST01435
OG0001727	HELIO_00379	YEAST04543
OG0001728	HELIO_06859, HELIO_02961	YEAST03347
OG0001730	HELIO_09660	YEAST00177
OG0001739	HELIO_08138	YEAST03760
OG0001750	HELIO_09724	YEAST03628
OG0001754	HELIO_12416	YEAST03682
OG0001755	HELIO_03611	YEAST05131
OG0001756	HELIO_00970, HELIO_03773	YEAST00620
OG0001769	HELIO_00478, HELIO_05705	YEAST04726
OG0001770	HELIO_10082	YEAST02590
OG0001774	HELIO_11501, HELIO_04350	YEAST05166
OG0001775	HELIO_07189	YEAST05594
OG0001780	HELIO_10081	YEAST03768
OG0001781	HELIO_09978, HELIO_01738	YEAST01882
OG0001782	HELIO_11232, HELIO_12571	YEAST02421
OG0001785	HELIO_10072, HELIO_04363	YEAST02713
OG0001787	HELIO_11607	YEAST03546
OG0001792	HELIO_03262	YEAST04595
OG0001793	HELIO_05244, HELIO_10291	YEAST02466
OG0001805	HELIO_06016	YEAST05496, YEAST01242
OG0001807	HELIO_02837	YEAST05464
OG0001808	HELIO_02461	YEAST01298
OG0001818	HELIO_10184	YEAST05902, YEAST04712
OG0001822	HELIO_05027	YEAST04378, YEAST01659
OG0001826	HELIO_08793	YEAST04777, YEAST01697, YEAST05781
OG0001828	HELIO_08349	YEAST04676
OG0001829	HELIO_08800	YEAST01613, YEAST00136, YEAST02008
OG0001831	HELIO_06925	YEAST00024
OG0001832	HELIO_12779, HELIO_12753	YEAST05376
OG0001846	HELIO_07000	YEAST05067
OG0001850	HELIO_06095	YEAST01913
OG0001852	HELIO_00847	YEAST03121
OG0001853	HELIO_01954, HELIO_07750	YEAST05176
OG0001857	HELIO_11313	YEAST04741
OG0001860	HELIO_02411	YEAST00188
OG0001861	HELIO_11038	YEAST05779, YEAST04773
OG0001863	HELIO_05463, HELIO_10538	YEAST03017
OG0001866	HELIO_08400	YEAST05095, YEAST05570
OG0001867	HELIO_02515	YEAST01669
OG0001873	HELIO_07677, HELIO_06086	YEAST00981, YEAST00267
OG0001875	HELIO_10950	YEAST04137
OG0001877	HELIO_09122	YEAST04134
OG0001886	HELIO_07679	YEAST03260
OG0001888	HELIO_08194	YEAST05749, YEAST01573
OG0001893	HELIO_11263	YEAST01023
OG0001894	HELIO_04194	YEAST00433
OG0001899	HELIO_05952	YEAST01210, YEAST04466
OG0001903	HELIO_08222	YEAST06020
OG0001913	HELIO_10845	YEAST05520
OG0001915	HELIO_02308	YEAST04791
OG0001917	HELIO_00213	YEAST01859
OG0001923	HELIO_01788	YEAST05881
OG0001926	HELIO_02998	YEAST02948
OG0001932	HELIO_03169, HELIO_03170	YEAST03770, YEAST03179
OG0001934	HELIO_02521	YEAST00877
OG0001935	HELIO_09449, HELIO_05458, HELIO_02583	YEAST00431
OG0001938	HELIO_02477, HELIO_06716, HELIO_04080, HELIO_02478, HELIO_04081, HELIO_02479	YEAST03931
OG0001940	HELIO_03882	YEAST04188, YEAST05646
OG0001943	HELIO_10645	YEAST02393, YEAST05966
OG0001945	HELIO_03288	YEAST01671
OG0001947	HELIO_03774	YEAST02570
OG0001951	HELIO_04565	YEAST00941, YEAST05396
OG0001952	HELIO_06639, HELIO_02821	YEAST04673, YEAST01990, YEAST00155
OG0001965	HELIO_01378	YEAST04582
OG0001968	HELIO_11042, HELIO_10670	YEAST04910
OG0001972	HELIO_04798	YEAST01822, YEAST03363
OG0001985	HELIO_03642	YEAST04959
OG0001992	HELIO_10036	YEAST02679
OG0001998	HELIO_01282	YEAST00890
OG0002001	HELIO_11853, HELIO_12151	YEAST00502, YEAST03944
OG0002003	HELIO_03803	YEAST02826, YEAST03671
OG0002008	HELIO_10242, HELIO_04821	YEAST00768
OG0002010	HELIO_12490	YEAST00609
OG0002013	HELIO_06898	YEAST03040
OG0002014	HELIO_10467	YEAST02422
OG0002015	HELIO_05227	YEAST05525
OG0002025	HELIO_01634, HELIO_05658	YEAST03650
OG0002026	HELIO_08421, HELIO_11050	YEAST01247
OG0002029	HELIO_05876	YEAST02646
OG0002031	HELIO_09129, HELIO_07245	YEAST02752
OG0002032	HELIO_01093	YEAST01221
OG0002042	HELIO_06664	YEAST02880
OG0002043	HELIO_03396	YEAST04003
OG0002059	HELIO_03914	YEAST05893, YEAST04718
OG0002062	HELIO_06049	YEAST05454
OG0002063	HELIO_07475, HELIO_05674	YEAST00838
OG0002067	HELIO_05446	YEAST03444
OG0002069	HELIO_09988	YEAST05962
OG0002073	HELIO_09897	YEAST04552
OG0002076	HELIO_08411	YEAST02206
OG0002078	HELIO_07802	YEAST06232
OG0002079	HELIO_03430, HELIO_08843	YEAST05765, YEAST00483
OG0002080	HELIO_05901	YEAST05220, YEAST04736
OG0002084	HELIO_09343	YEAST04529
OG0002087	HELIO_10536, HELIO_09035	YEAST05702
OG0002090	HELIO_05584, HELIO_03544	YEAST02246
OG0002097	HELIO_00551	YEAST02697
OG0002101	HELIO_03548	YEAST03902
OG0002103	HELIO_08047	YEAST05974
OG0002106	HELIO_06196	YEAST03654
OG0002108	HELIO_01842	YEAST03715
OG0002123	HELIO_11783	YEAST02444
OG0002125	HELIO_03401	YEAST05183
OG0002131	HELIO_00247, HELIO_08098	YEAST04275
OG0002137	HELIO_05362, HELIO_10047, HELIO_11805	YEAST04320
OG0002138	HELIO_10372, HELIO_10373	YEAST02406
OG0002144	HELIO_01280	YEAST02673
OG0002146	HELIO_02638	YEAST04333, YEAST00109, YEAST03088, YEAST04454
OG0002147	HELIO_06765	YEAST04532, YEAST01219
OG0002148	HELIO_04883, HELIO_06974	YEAST02060
OG0002152	HELIO_07905	YEAST05624
OG0002156	HELIO_12738, HELIO_03634	YEAST03007
OG0002160	HELIO_00185	YEAST03960
OG0002165	HELIO_11027	YEAST04504
OG0002168	HELIO_07698, HELIO_12373	YEAST00516
OG0002169	HELIO_05746, HELIO_06281	YEAST02258
OG0002175	HELIO_07325	YEAST04956
OG0002184	HELIO_03187, HELIO_03186	YEAST00242
OG0002185	HELIO_02280	YEAST05212
OG0002188	HELIO_11286	YEAST04638, YEAST03913
OG0002189	HELIO_09345	YEAST02882, YEAST04447
OG0002213	HELIO_09582	YEAST01241, YEAST05495
OG0002216	HELIO_08118	YEAST06040
OG0002217	HELIO_07595	YEAST06033
OG0002222	HELIO_01086	YEAST03240
OG0002224	HELIO_08402	YEAST01574
OG0002225	HELIO_05714	YEAST04939
OG0002226	HELIO_03074	YEAST00948
OG0002228	HELIO_10818	YEAST04154, YEAST05632
OG0002233	HELIO_07535, HELIO_05365, HELIO_05245	YEAST00277
OG0002239	HELIO_12051	YEAST03509
OG0002241	HELIO_09347	YEAST02005
OG0002243	HELIO_12098	YEAST04599, YEAST03601, YEAST04600
OG0002244	HELIO_01234, HELIO_09967	YEAST02768
OG0002252	HELIO_01235	YEAST00826
OG0002261	HELIO_06100	YEAST00472
OG0002264	HELIO_02936	YEAST01705
OG0002279	HELIO_08733	YEAST05800
OG0002282	HELIO_05112	YEAST00881
OG0002288	HELIO_07429	YEAST01591, YEAST05154
OG0002312	HELIO_12558	YEAST06295
OG0002316	HELIO_12382	YEAST01805
OG0002318	HELIO_12246, HELIO_12682	YEAST02923
OG0002319	HELIO_07888	YEAST00329
OG0002321	HELIO_05182	YEAST02461
OG0002324	HELIO_10551, HELIO_09504	YEAST02615, YEAST06287
OG0002326	HELIO_03775	YEAST00310, YEAST02699
OG0002327	HELIO_05706	YEAST00346, YEAST06217
OG0002331	HELIO_09275	YEAST01653
OG0002332	HELIO_10520	YEAST01606, YEAST05184, YEAST00285
OG0002341	HELIO_10080, HELIO_10079	YEAST03640, YEAST04562
OG0002344	HELIO_01896	YEAST02312, YEAST02019
OG0002346	HELIO_09863	YEAST02012
OG0002348	HELIO_04598	YEAST01845
OG0002355	HELIO_07256	YEAST00016
OG0002356	HELIO_09006	YEAST00259
OG0002361	HELIO_05139	YEAST01027
OG0002367	HELIO_09405, HELIO_12396	YEAST01179
OG0002369	HELIO_10202	YEAST03766
OG0002374	HELIO_00949	YEAST02010, YEAST00133
OG0002377	HELIO_10194	YEAST05000
OG0002406	HELIO_01959	YEAST05509
OG0002407	HELIO_11688	YEAST00012
OG0002409	HELIO_00645	YEAST05834
OG0002409	HELIO_02015	YEAST02027
OG0002411	HELIO_01331	YEAST05950, YEAST02407
OG0002412	HELIO_10126	YEAST06171
OG0002413	HELIO_01474, HELIO_06354	YEAST01196
OG0002415	HELIO_12736, HELIO_07942	YEAST01271
OG0002421	HELIO_06854, HELIO_01261	YEAST02982
OG0002422	HELIO_01387	YEAST05026
OG0002426	HELIO_03335	YEAST00184
OG0002441	HELIO_05799	YEAST00068, YEAST02278, YEAST05821
OG0002442	HELIO_07816	YEAST05932
OG0002443	HELIO_09645	YEAST04906
OG0002446	HELIO_06057	YEAST04254
OG0002448	HELIO_12221	YEAST00626
OG0002448	HELIO_04227	YEAST03419
OG0002450	HELIO_02893	YEAST04575
OG0002453	HELIO_12679	YEAST00512
OG0002476	HELIO_03664, HELIO_09312	YEAST05799
OG0002486	HELIO_03836	YEAST01433
OG0002492	HELIO_10487	YEAST01624
OG0002494	HELIO_01599, HELIO_01251	YEAST02402
OG0002497	HELIO_02505	YEAST02747
OG0002500	HELIO_06617	YEAST05648
OG0002505	HELIO_10389, HELIO_10390	YEAST02959
OG0002510	HELIO_10856	YEAST04753
OG0002516	HELIO_09840	YEAST00066
OG0002518	HELIO_01975	YEAST02890
OG0002520	HELIO_02172	YEAST05256
OG0002523	HELIO_02687	YEAST06234
OG0002527	HELIO_00703	YEAST01639
OG0002528	HELIO_06964	YEAST00372
OG0002530	HELIO_02743	YEAST05530, YEAST03790
OG0002532	HELIO_08702	YEAST03235
OG0002533	HELIO_10038	YEAST04525
OG0002543	HELIO_01303	YEAST00527
OG0002557	HELIO_05219	YEAST06243
OG0002561	HELIO_11216	YEAST04438, YEAST02106
OG0002562	HELIO_08903	YEAST03992
OG0002564	HELIO_03476	YEAST02186
OG0002565	HELIO_04197	YEAST04224, YEAST02499
OG0002574	HELIO_05197	YEAST05657
OG0002594	HELIO_03260	YEAST06174
OG0002598	HELIO_09306	YEAST04621, YEAST03577
OG0002605	HELIO_03379, HELIO_03378	YEAST06332
OG0002608	HELIO_01546, HELIO_10204	YEAST03716, YEAST02846
OG0002609	HELIO_09507	YEAST01355
OG0002610	HELIO_08229	YEAST01078, YEAST03973
OG0002612	HELIO_06371	YEAST03508
OG0002617	HELIO_10276	YEAST00866
OG0002618	HELIO_07943	YEAST06247
OG0002621	HELIO_07034, HELIO_01916	YEAST05551
OG0002629	HELIO_10222, HELIO_11339	YEAST05919
OG0002632	HELIO_06737	YEAST02755
OG0002633	HELIO_02658	YEAST04206
OG0002636	HELIO_03936	YEAST01664, YEAST06215
OG0002638	HELIO_10591	YEAST00919, YEAST04703
OG0002643	HELIO_01593, HELIO_01594	YEAST01938
OG0002644	HELIO_10604	YEAST00724
OG0002645	HELIO_01123	YEAST01436
OG0002646	HELIO_02697	YEAST01946
OG0002651	HELIO_07721	YEAST02868
OG0002652	HELIO_10370, HELIO_10369	YEAST04937
OG0002656	HELIO_06530	YEAST05701
OG0002659	HELIO_09615	YEAST06290
OG0002666	HELIO_11096	YEAST02507
OG0002668	HELIO_10383	YEAST02324
OG0002677	HELIO_01468	YEAST05210
OG0002683	HELIO_02646	YEAST03676
OG0002705	HELIO_08111	YEAST00553
OG0002713	HELIO_06459	YEAST00413, YEAST06057
OG0002715	HELIO_02942	YEAST01174, YEAST04131
OG0002717	HELIO_07984	YEAST02430
OG0002718	HELIO_09888, HELIO_05744	YEAST03380, YEAST03502
OG0002720	HELIO_07567	YEAST01914
OG0002722	HELIO_03522	YEAST04059
OG0002726	HELIO_03574	YEAST02958
OG0002729	HELIO_02082, HELIO_12148	YEAST01155
OG0002739	HELIO_02376, HELIO_11343	YEAST01877
OG0002742	HELIO_08532	YEAST03713
OG0002743	HELIO_06294, HELIO_10710, HELIO_12091	YEAST01824, YEAST03362
OG0002745	HELIO_03178	YEAST04244
OG0002746	HELIO_04608	YEAST04902, YEAST05332
OG0002747	HELIO_03630	YEAST05617
OG0002749	HELIO_01827	YEAST02810
OG0002750	HELIO_10272	YEAST04952
OG0002752	HELIO_06786	YEAST03686
OG0002753	HELIO_11375	YEAST03742
OG0002754	HELIO_06967	YEAST03620
OG0002756	HELIO_12369, HELIO_08256	YEAST04058
OG0002758	HELIO_09772, HELIO_09771	YEAST04409
OG0002760	HELIO_01910, HELIO_05414	YEAST01927
OG0002761	HELIO_01533	YEAST03261
OG0002763	HELIO_07170	YEAST00260
OG0002764	HELIO_10952	YEAST00423
OG0002765	HELIO_11601	YEAST01667, YEAST05523
OG0002766	HELIO_03644	YEAST05357
OG0002767	HELIO_09009, HELIO_09010	YEAST04591
OG0002771	HELIO_10086	YEAST02043
OG0002772	HELIO_06808	YEAST03384
OG0002773	HELIO_10713	YEAST03677
OG0002774	HELIO_01198	YEAST03575
OG0002781	HELIO_08220	YEAST05450
OG0002782	HELIO_06824	YEAST02121
OG0002785	HELIO_00607	YEAST06106, YEAST01228
OG0002788	HELIO_09264	YEAST02578, YEAST01232
OG0002789	HELIO_06840	YEAST05269
OG0002793	HELIO_09119	YEAST01371
OG0002799	HELIO_09828	YEAST01461
OG0002817	HELIO_12282	YEAST01189, YEAST04922
OG0002824	HELIO_02922	YEAST02137
OG0002827	HELIO_03783, HELIO_03782	YEAST05976
OG0002831	HELIO_05128, HELIO_03570	YEAST03282
OG0002835	HELIO_03801	YEAST02656
OG0002837	HELIO_03273	YEAST01987, YEAST00157
OG0002839	HELIO_09494	YEAST03148
OG0002843	HELIO_06210	YEAST04737
OG0002844	HELIO_07105	YEAST05563
OG0002847	HELIO_10413	YEAST02294
OG0002851	HELIO_03346	YEAST04951
OG0002855	HELIO_10282	YEAST00137
OG0002860	HELIO_08136	YEAST02712
OG0002866	HELIO_03845	YEAST01136
OG0002876	HELIO_11883	YEAST02348
OG0002883	HELIO_09189	YEAST03027
OG0002891	HELIO_09925	YEAST03205
OG0002894	HELIO_09144	YEAST00906
OG0002895	HELIO_08387	YEAST01471, YEAST05353, YEAST05456
OG0002897	HELIO_04251	YEAST06308
OG0002899	HELIO_09658	YEAST00283
OG0002900	HELIO_00632, HELIO_10716	YEAST05306
OG0002907	HELIO_08086	YEAST02061
OG0002910	HELIO_10397, HELIO_10398, HELIO_05618	YEAST00223
OG0002915	HELIO_03014	YEAST02264
OG0002917	HELIO_07208, HELIO_11831, HELIO_12269	YEAST03703
OG0002921	HELIO_00633	YEAST06254
OG0002922	HELIO_01371	YEAST01261
OG0002947	HELIO_05476, HELIO_00496	YEAST00232
OG0002948	HELIO_11632, HELIO_00853	YEAST03584
OG0002949	HELIO_00481	YEAST00419, YEAST06063
OG0002953	HELIO_00856	YEAST03034
OG0002957	HELIO_01334	YEAST03253
OG0002960	HELIO_12408	YEAST05502
OG0002965	HELIO_08079, HELIO_08080	YEAST03804
OG0002966	HELIO_01639	YEAST06059
OG0002969	HELIO_06121	YEAST00655
OG0002982	HELIO_12635	YEAST02471
OG0002984	HELIO_11946	YEAST00961, YEAST01144
OG0002985	HELIO_08571	YEAST02147
OG0002987	HELIO_07528	YEAST02970, YEAST00081, YEAST02488
OG0002991	HELIO_03254	YEAST03345, YEAST01842
OG0002997	HELIO_11017, HELIO_08478	YEAST02374
OG0003001	HELIO_11460	YEAST01497
OG0003004	HELIO_11259	YEAST02183
OG0003006	HELIO_11696	YEAST00899
OG0003010	HELIO_03406	YEAST03035
OG0003012	HELIO_05186	YEAST04512
OG0003016	HELIO_02017	YEAST04810
OG0003017	HELIO_02953	YEAST02213
OG0003018	HELIO_09293	YEAST01635, YEAST01949
OG0003020	HELIO_00457, HELIO_06305	YEAST04851
OG0003027	HELIO_02071	YEAST05498
OG0003028	HELIO_06724	YEAST05822
OG0003029	HELIO_10606	YEAST04523
OG0003033	HELIO_00240	YEAST02457, YEAST02640
OG0003039	HELIO_05426	YEAST00055
OG0003043	HELIO_08514	YEAST02551
OG0003046	HELIO_07002, HELIO_12633	YEAST01632
OG0003054	HELIO_04850	YEAST04909, YEAST05341
OG0003056	HELIO_08287	YEAST02257
OG0003059	HELIO_08106	YEAST02832, YEAST03675
OG0003063	HELIO_05044	YEAST00204
OG0003066	HELIO_02851	YEAST00969
OG0003067	HELIO_06760	YEAST03159
OG0003072	HELIO_06085	YEAST05076
OG0003073	HELIO_04819, HELIO_06482	YEAST00167
OG0003079	HELIO_12034	YEAST01019
OG0003101	HELIO_07909	YEAST01357
OG0003104	HELIO_10296	YEAST00861
OG0003105	HELIO_09603	YEAST04282
OG0003106	HELIO_01110	YEAST03619
OG0003107	HELIO_07326	YEAST00029
OG0003108	HELIO_02749	YEAST00796
OG0003110	HELIO_02879	YEAST02197
OG0003114	HELIO_11712	YEAST00453, YEAST02426
OG0003119	HELIO_00761	YEAST00778
OG0003121	HELIO_08859	YEAST03190
OG0003131	HELIO_00277	YEAST04435, YEAST04350
OG0003135	HELIO_09441	YEAST02069
OG0003138	HELIO_07469	YEAST01790, YEAST00784
OG0003145	HELIO_05596	YEAST06012
OG0003147	HELIO_02388	YEAST03729
OG0003151	HELIO_00768	YEAST03910
OG0003153	HELIO_01955	YEAST05438
OG0003154	HELIO_10327	YEAST00694
OG0003157	HELIO_06700	YEAST01203
OG0003164	HELIO_09851	YEAST05549, YEAST04492
OG0003169	HELIO_08500	YEAST04410
OG0003172	HELIO_04597	YEAST06030
OG0003174	HELIO_00264	YEAST06178
OG0003178	HELIO_01460	YEAST05823
OG0003179	HELIO_10655	YEAST00905
OG0003189	HELIO_12511	YEAST00820
OG0003190	HELIO_04199, HELIO_06545	YEAST02550
OG0003191	HELIO_09939	YEAST01068
OG0003193	HELIO_03842	YEAST02494
OG0003197	HELIO_12323	YEAST06274
OG0003199	HELIO_10732	YEAST04961
OG0003207	HELIO_04788	YEAST04056
OG0003212	HELIO_01310	YEAST05531
OG0003214	HELIO_05250	YEAST03701
OG0003215	HELIO_01923	YEAST04373
OG0003218	HELIO_02702	YEAST04068
OG0003219	HELIO_02834	YEAST01656
OG0003220	HELIO_12154	YEAST03417, YEAST00186
OG0003221	HELIO_05558	YEAST05064
OG0003223	HELIO_00004	YEAST04472
OG0003228	HELIO_02794	YEAST06187
OG0003230	HELIO_01822	YEAST05487
OG0003234	HELIO_00230	YEAST00760
OG0003235	HELIO_02635	YEAST06282
OG0003251	HELIO_02853	YEAST05338, YEAST04904
OG0003254	HELIO_02013	YEAST03911
OG0003263	HELIO_06528	YEAST05333
OG0003264	HELIO_05957	YEAST03398
OG0003266	HELIO_11954	YEAST05585
OG0003267	HELIO_05451	YEAST02516
OG0003270	HELIO_04333	YEAST01372, YEAST05351, YEAST01476
OG0003283	HELIO_04347	YEAST02779
OG0003284	HELIO_03635	YEAST02184
OG0003287	HELIO_02350	YEAST00166
OG0003288	HELIO_08221	YEAST05062
OG0003290	HELIO_11498	YEAST06325
OG0003293	HELIO_08360	YEAST04930
OG0003295	HELIO_04382	YEAST06127
OG0003300	HELIO_08594, HELIO_10525	YEAST03316
OG0003302	HELIO_00429	YEAST04633
OG0003303	HELIO_02870	YEAST05878
OG0003304	HELIO_10378	YEAST01018
OG0003316	HELIO_04955	YEAST04887
OG0003317	HELIO_04704, HELIO_06602	YEAST03051
OG0003318	HELIO_09114	YEAST02158
OG0003332	HELIO_03785	YEAST02945, YEAST00447
OG0003335	HELIO_09042	YEAST01260
OG0003340	HELIO_01544, HELIO_01545	YEAST04972
OG0003341	HELIO_12055	YEAST00990
OG0003343	HELIO_10253	YEAST04356, YEAST06258
OG0003344	HELIO_01718	YEAST04764
OG0003345	HELIO_04658	YEAST02133
OG0003348	HELIO_06884	YEAST02844
OG0003349	HELIO_12164	YEAST00235, YEAST04798
OG0003356	HELIO_03350	YEAST02937
OG0003357	HELIO_00345	YEAST04240, YEAST02522
OG0003364	HELIO_10249	YEAST00730
OG0003366	HELIO_04839	YEAST05276, YEAST03075
OG0003373	HELIO_02331, HELIO_02692, HELIO_01108, HELIO_01107	YEAST03755
OG0003374	HELIO_02124	YEAST03627
OG0003375	HELIO_02027	YEAST03722
OG0003377	HELIO_08558	YEAST03340
OG0003380	HELIO_08129	YEAST00529
OG0003381	HELIO_01980	YEAST03447, YEAST01380
OG0003382	HELIO_00905, HELIO_00906	YEAST01627
OG0003386	HELIO_02832	YEAST02725
OG0003425	HELIO_11455	YEAST05084
OG0003426	HELIO_05969	YEAST05251
OG0003429	HELIO_03900	YEAST05921
OG0003430	HELIO_07216	YEAST04732
OG0003434	HELIO_08552	YEAST02689
OG0003435	HELIO_06428	YEAST05483
OG0003441	HELIO_00883	YEAST05981
OG0003443	HELIO_11420	YEAST06032
OG0003454	HELIO_07210	YEAST04088
OG0003458	HELIO_01103	YEAST00169
OG0003461	HELIO_00074	YEAST05752, YEAST04759
OG0003463	HELIO_02234	YEAST02371
OG0003464	HELIO_08682, HELIO_08683	YEAST05120
OG0003465	HELIO_11762	YEAST02874
OG0003467	HELIO_09150, HELIO_09149	YEAST01278
OG0003477	HELIO_08724	YEAST03665
OG0003483	HELIO_09297	YEAST06074
OG0003487	HELIO_01481	YEAST03066
OG0003491	HELIO_12169	YEAST03514
OG0003493	HELIO_09058	YEAST01076
OG0003497	HELIO_01513	YEAST00758
OG0003498	HELIO_09734	YEAST05680
OG0003500	HELIO_10237	YEAST03303, YEAST02683
OG0003501	HELIO_00872	YEAST01421
OG0003502	HELIO_11773	YEAST02519
OG0003503	HELIO_07145	YEAST00400
OG0003505	HELIO_03524	YEAST00697
OG0003509	HELIO_11968	YEAST02850
OG0003515	HELIO_01150	YEAST00923
OG0003518	HELIO_01357	YEAST04809
OG0003523	HELIO_02927	YEAST05393
OG0003531	HELIO_05168	YEAST00465
OG0003532	HELIO_02994	YEAST05810
OG0003539	HELIO_06853	YEAST03774
OG0003541	HELIO_02897	YEAST01314
OG0003543	HELIO_01891	YEAST01290
OG0003544	HELIO_03400	YEAST00251
OG0003550	HELIO_10135	YEAST06166
OG0003551	HELIO_11131	YEAST01826
OG0003552	HELIO_01828	YEAST04163
OG0003556	HELIO_04836, HELIO_07224	YEAST05216
OG0003560	HELIO_11394	YEAST00307
OG0003560	HELIO_02403	YEAST02357, YEAST05925
OG0003561	HELIO_03510	YEAST06100
OG0003562	HELIO_07501	YEAST00960
OG0003565	HELIO_07480	YEAST03392
OG0003567	HELIO_02904	YEAST04838
OG0003568	HELIO_09743, HELIO_09744	YEAST04328
OG0003570	HELIO_06559	YEAST03562, YEAST04635
OG0003571	HELIO_02351	YEAST05553
OG0003573	HELIO_09111	YEAST00597
OG0003578	HELIO_08279, HELIO_08278	YEAST05031
OG0003579	HELIO_05944	YEAST05446
OG0003582	HELIO_04947	YEAST03174
OG0003598	HELIO_10451	YEAST00803
OG0003599	HELIO_08540	YEAST04133
OG0003603	HELIO_04475	YEAST03529
OG0003610	HELIO_12163	YEAST02573
OG0003611	HELIO_01894	YEAST01054
OG0003612	HELIO_04409	YEAST00808
OG0003613	HELIO_01893	YEAST02366
OG0003615	HELIO_01584	YEAST01638
OG0003617	HELIO_03494	YEAST01843
OG0003619	HELIO_07057	YEAST04756
OG0003624	HELIO_09617	YEAST00147
OG0003630	HELIO_01750	YEAST04845
OG0003638	HELIO_00190	YEAST00956
OG0003641	HELIO_07553	YEAST04061, YEAST01158
OG0003644	HELIO_02002	YEAST01545
OG0003645	HELIO_02632	YEAST05809, YEAST05493
OG0003646	HELIO_10542	YEAST02349
OG0003647	HELIO_08435	YEAST04352, YEAST04433
OG0003649	HELIO_09186	YEAST00203
OG0003650	HELIO_02717, HELIO_11983, HELIO_06323	YEAST00737, YEAST04997
OG0003659	HELIO_01564	YEAST00140
OG0003661	HELIO_00776	YEAST02758
OG0003664	HELIO_10185	YEAST03791
OG0003668	HELIO_12712	YEAST06168
OG0003669	HELIO_09100	YEAST02813
OG0003672	HELIO_03464	YEAST03137
OG0003676	HELIO_07728	YEAST03110
OG0003678	HELIO_06802	YEAST02330
OG0003679	HELIO_01849	YEAST03223
OG0003682	HELIO_01433	YEAST00571
OG0003687	HELIO_06361	YEAST02527, YEAST04246
OG0003688	HELIO_05020	YEAST01333, YEAST05362, YEAST00376
OG0003689	HELIO_02422	YEAST04232
OG0003690	HELIO_12684	YEAST01162
OG0003692	HELIO_09987	YEAST00692
OG0003693	HELIO_12474	YEAST05304
OG0003694	HELIO_05422	YEAST01453
OG0003696	HELIO_11257	YEAST05704
OG0003697	HELIO_12072, HELIO_12071	YEAST04962
OG0003698	HELIO_09605	YEAST03764, YEAST03185
OG0003703	HELIO_02888	YEAST00683
OG0003710	HELIO_06500	YEAST02077
OG0003712	HELIO_03886, HELIO_08547	YEAST02114
OG0003713	HELIO_10395	YEAST01549, YEAST03807
OG0003716	HELIO_05664, HELIO_06645	YEAST02390
OG0003719	HELIO_06363	YEAST06338
OG0003721	HELIO_10032, HELIO_03702	YEAST04960
OG0003724	HELIO_10508	YEAST02365, YEAST06120
OG0003729	HELIO_11354	YEAST01543
OG0003731	HELIO_04511, HELIO_05539	YEAST04486
OG0003733	HELIO_03136	YEAST03492
OG0003734	HELIO_06093	YEAST02809, YEAST03842
OG0003735	HELIO_01294	YEAST06115
OG0003738	HELIO_10176	YEAST05605
OG0003740	HELIO_05574	YEAST01029
OG0003741	HELIO_02790	YEAST01379
OG0003743	HELIO_02787	YEAST06008, YEAST05688
OG0003744	HELIO_04674	YEAST01207
OG0003745	HELIO_09559	YEAST02618
OG0003749	HELIO_02988	YEAST04441
OG0003750	HELIO_02076	YEAST00149
OG0003758	HELIO_04986	YEAST06133
OG0003759	HELIO_08276	YEAST03315
OG0003767	HELIO_03825	YEAST01933, YEAST01650
OG0003769	HELIO_09666	YEAST01999
OG0003770	HELIO_06598	YEAST01234, YEAST03860
OG0003778	HELIO_12734	YEAST05796
OG0003779	HELIO_09039	YEAST04431
OG0003806	HELIO_00384	YEAST02367
OG0003807	HELIO_07147	YEAST04265, YEAST03128
OG0003808	HELIO_04304	YEAST01201
OG0003811	HELIO_07404	YEAST00417
OG0003812	HELIO_07959	YEAST00287
OG0003813	HELIO_02391	YEAST00254
OG0003818	HELIO_04533	YEAST04318
OG0003824	HELIO_02077	YEAST01468
OG0003828	HELIO_03989	YEAST02448
OG0003829	HELIO_04115	YEAST02032, YEAST01031
OG0003831	HELIO_00414	YEAST03010, YEAST05137, YEAST02344
OG0003834	HELIO_10627	YEAST06322
OG0003837	HELIO_01037	YEAST02586
OG0003838	HELIO_09299	YEAST03413
OG0003839	HELIO_00548	YEAST01736
OG0003844	HELIO_00051	YEAST06054
OG0003846	HELIO_07722	YEAST00356
OG0003848	HELIO_02520	YEAST01654
OG0003850	HELIO_01423	YEAST00228
OG0003851	HELIO_06451	YEAST06169
OG0003852	HELIO_11600	YEAST03296
OG0003853	HELIO_12441	YEAST06251
OG0003855	HELIO_07181	YEAST04936
OG0003856	HELIO_05722	YEAST03934, YEAST02710
OG0003858	HELIO_08687	YEAST01401
OG0003860	HELIO_03691	YEAST01412
OG0003866	HELIO_03099	YEAST01895
OG0003867	HELIO_01829	YEAST03558
OG0003868	HELIO_08898	YEAST01448
OG0003869	HELIO_08492	YEAST02771
OG0003875	HELIO_08274, HELIO_08273	YEAST05070
OG0003876	HELIO_02667	YEAST02423
OG0003877	HELIO_08344	YEAST04860, YEAST05867, YEAST03825
OG0003879	HELIO_05565	YEAST00463
OG0003881	HELIO_07709	YEAST03851
OG0003882	HELIO_05979	YEAST03663
OG0003886	HELIO_06325	YEAST06023
OG0003887	HELIO_07770	YEAST00028
OG0003893	HELIO_05290	YEAST05028
OG0003897	HELIO_07895	YEAST01270
OG0003899	HELIO_00617	YEAST04954
OG0003904	HELIO_03811	YEAST01732
OG0003907	HELIO_06149, HELIO_04626	YEAST02999, YEAST02288
OG0003911	HELIO_02034	YEAST00032
OG0003913	HELIO_06151	YEAST03258
OG0003918	HELIO_12096	YEAST00058
OG0003921	HELIO_11518	YEAST06181
OG0003926	HELIO_01471	YEAST04138
OG0003929	HELIO_09096	YEAST04489, YEAST01422
OG0003930	HELIO_03284	YEAST03969
OG0003931	HELIO_04058	YEAST01142
OG0003934	HELIO_00565	YEAST00084
OG0003938	HELIO_03125	YEAST01566, YEAST05133
OG0003939	HELIO_10160	YEAST03211
OG0003944	HELIO_01693	YEAST01186
OG0003946	HELIO_10205	YEAST03220
OG0003947	HELIO_08689	YEAST06266, YEAST05428
OG0003949	HELIO_10884	YEAST01888
OG0003950	HELIO_06986	YEAST01409
OG0003954	HELIO_06270	YEAST02764
OG0003955	HELIO_02651	YEAST03951
OG0003959	HELIO_12450	YEAST02778
OG0003961	HELIO_06293	YEAST01991
OG0003967	HELIO_01824	YEAST05935
OG0003969	HELIO_08398	YEAST02146
OG0003971	HELIO_09511	YEAST00520
OG0003972	HELIO_01757	YEAST06331
OG0003973	HELIO_12484	YEAST06329
OG0003999	HELIO_02420	YEAST05604
OG0004000	HELIO_09085	YEAST06060
OG0004005	HELIO_02225	YEAST06216
OG0004007	HELIO_06360	YEAST01456
OG0004017	HELIO_04459	YEAST03019
OG0004023	HELIO_00840	YEAST04349
OG0004027	HELIO_11552	YEAST03587
OG0004032	HELIO_06753	YEAST02562
OG0004035	HELIO_09748	YEAST02134
OG0004037	HELIO_05087	YEAST03371
OG0004042	HELIO_09649	YEAST05578
OG0004044	HELIO_01126	YEAST05367
OG0004047	HELIO_11567	YEAST02496
OG0004051	HELIO_01563	YEAST01772
OG0004052	HELIO_04471	YEAST03705
OG0004054	HELIO_06113	YEAST05576
OG0004056	HELIO_06474	YEAST05698
OG0004057	HELIO_08994	YEAST05620
OG0004059	HELIO_11889	YEAST00030
OG0004065	HELIO_02317	YEAST00772
OG0004067	HELIO_11851	YEAST02665
OG0004068	HELIO_04572	YEAST03461
OG0004075	HELIO_12102, HELIO_07242	YEAST02332
OG0004079	HELIO_11417	YEAST04385
OG0004080	HELIO_12370	YEAST00812
OG0004082	HELIO_03318, HELIO_03319	YEAST00063, YEAST05409
OG0004090	HELIO_00003	YEAST02301, YEAST02021
OG0004091	HELIO_07817	YEAST04715
OG0004092	HELIO_00826	YEAST03564, YEAST06307
OG0004096	HELIO_09267	YEAST00160
OG0004097	HELIO_00420	YEAST05039
OG0004101	HELIO_10904	YEAST03547, YEAST02901
OG0004102	HELIO_11193	YEAST05787
OG0004103	HELIO_08288, HELIO_12649	YEAST05061
OG0004105	HELIO_07467	YEAST01700, YEAST01565
OG0004113	HELIO_04150, HELIO_08443	YEAST02059
OG0004115	HELIO_08676	YEAST00325
OG0004116	HELIO_11516	YEAST00481
OG0004118	HELIO_03448	YEAST01855
OG0004119	HELIO_04014	YEAST02170
OG0004120	HELIO_04260	YEAST01953
OG0004123	HELIO_10333	YEAST04761
OG0004124	HELIO_09543	YEAST01139
OG0004127	HELIO_08267	YEAST06097
OG0004130	HELIO_11752	YEAST03149
OG0004134	HELIO_03479	YEAST05611
OG0004136	HELIO_06715	YEAST01084
OG0004142	HELIO_03819	YEAST05774
OG0004148	HELIO_00788	YEAST00867
OG0004150	HELIO_10914	YEAST04690
OG0004151	HELIO_03120	YEAST04284
OG0004153	HELIO_03342	YEAST05958, YEAST04386, YEAST00290
OG0004154	HELIO_11120	YEAST05587
OG0004158	HELIO_08947	YEAST03379
OG0004161	HELIO_08593	YEAST04124
OG0004162	HELIO_03885	YEAST04517
OG0004164	HELIO_04076	YEAST05923
OG0004166	HELIO_06402	YEAST00189
OG0004168	HELIO_10439, HELIO_10438	YEAST03028
OG0004169	HELIO_10123	YEAST05813
OG0004170	HELIO_02685	YEAST05906
OG0004171	HELIO_01888	YEAST04501
OG0004179	HELIO_02899	YEAST01050
OG0004181	HELIO_03220	YEAST03406
OG0004182	HELIO_10355, HELIO_10354	YEAST03699
OG0004184	HELIO_02910	YEAST00127
OG0004186	HELIO_03712	YEAST04981
OG0004188	HELIO_05848	YEAST02761
OG0004215	HELIO_12650	YEAST04590
OG0004217	HELIO_12612	YEAST01257
OG0004219	HELIO_03890	YEAST00912
OG0004222	HELIO_01516	YEAST05826
OG0004230	HELIO_03067	YEAST02220
OG0004232	HELIO_08424	YEAST05931
OG0004236	HELIO_09356	YEAST05432
OG0004237	HELIO_00276	YEAST04445, YEAST04344
OG0004239	HELIO_10562	YEAST05144
OG0004243	HELIO_08298	YEAST00306
OG0004245	HELIO_07870	YEAST00859
OG0004248	HELIO_05247, HELIO_06414	YEAST03678
OG0004249	HELIO_00455, HELIO_00454	YEAST02740
OG0004250	HELIO_10569	YEAST05543
OG0004252	HELIO_01174	YEAST05178
OG0004254	HELIO_03429	YEAST03900
OG0004258	HELIO_08732	YEAST00665
OG0004259	HELIO_07775	YEAST03730
OG0004261	HELIO_00002	YEAST02564
OG0004262	HELIO_03447	YEAST02368
OG0004268	HELIO_09066	YEAST00496
OG0004269	HELIO_06762	YEAST04758
OG0004273	HELIO_01145	YEAST02547
OG0004278	HELIO_12691	YEAST00243
OG0004280	HELIO_01147	YEAST05895
OG0004282	HELIO_05309	YEAST02575, YEAST06242
OG0004283	HELIO_02458, HELIO_02459	YEAST04184
OG0004287	HELIO_08219, HELIO_08218	YEAST01708
OG0004289	HELIO_05881	YEAST05719
OG0004291	HELIO_06310	YEAST00852
OG0004292	HELIO_01648	YEAST02537
OG0004295	HELIO_07746	YEAST05946
OG0004300	HELIO_03164, HELIO_05762, HELIO_03166	YEAST05309
OG0004301	HELIO_02301	YEAST03850
OG0004302	HELIO_11348	YEAST05203
OG0004303	HELIO_05977	YEAST02492
OG0004304	HELIO_10121	YEAST02425, YEAST05929
OG0004305	HELIO_02999	YEAST02123
OG0004307	HELIO_06021	YEAST04592
OG0004308	HELIO_02621	YEAST04835
OG0004309	HELIO_02544, HELIO_11686	YEAST05924
OG0004310	HELIO_05755	YEAST05001
OG0004312	HELIO_09858	YEAST03330
OG0004314	HELIO_11288	YEAST00500
OG0004324	HELIO_06380	YEAST04322
OG0004331	HELIO_04862	YEAST06230
OG0004333	HELIO_03394	YEAST01391
OG0004335	HELIO_10063	YEAST01057
OG0004337	HELIO_09677	YEAST05652
OG0004338	HELIO_02735	YEAST05023
OG0004344	HELIO_05104	YEAST02441
OG0004345	HELIO_11483	YEAST04894
OG0004348	HELIO_02969	YEAST03956
OG0004350	HELIO_09167	YEAST04742
OG0004351	HELIO_03403, HELIO_03402	YEAST04167
OG0004353	HELIO_05842	YEAST05143
OG0004356	HELIO_08069	YEAST02877
OG0004357	HELIO_08001	YEAST02304
OG0004359	HELIO_12437	YEAST01873
OG0004364	HELIO_04246	YEAST00647
OG0004366	HELIO_12347	YEAST01097
OG0004369	HELIO_12496	YEAST04013
OG0004370	HELIO_03960	YEAST02378
OG0004374	HELIO_04430	YEAST00556
OG0004377	HELIO_08549	YEAST05181
OG0004378	HELIO_09047	YEAST03291
OG0004379	HELIO_02169	YEAST02180, YEAST04152
OG0004380	HELIO_02081	YEAST04825
OG0004382	HELIO_05962	YEAST03218
OG0004394	HELIO_11388	YEAST00619
OG0004396	HELIO_05800	YEAST01668
OG0004400	HELIO_06143	YEAST03238, YEAST03731
OG0004401	HELIO_00357	YEAST04219
OG0004402	HELIO_12319	YEAST05942
OG0004404	HELIO_00365	YEAST00833, YEAST00883
OG0004417	HELIO_12409	YEAST03358
OG0004460	HELIO_11544	YEAST06162
OG0004462	HELIO_10916	YEAST03397
OG0004468	HELIO_01285	YEAST04439
OG0004472	HELIO_06484	YEAST06199
OG0004479	HELIO_09869	YEAST00474
OG0004486	HELIO_09931	YEAST00968
OG0004489	HELIO_04543	YEAST03700
OG0004490	HELIO_01426	YEAST02887
OG0004494	HELIO_01937	YEAST03738
OG0004495	HELIO_05252	YEAST00946
OG0004498	HELIO_05086	YEAST02716
OG0004500	HELIO_00985	YEAST04651
OG0004503	HELIO_11512	YEAST02385
OG0004505	HELIO_05492	YEAST01701
OG0004506	HELIO_06458	YEAST06061
OG0004507	HELIO_11682	YEAST04994
OG0004512	HELIO_09740, HELIO_09741	YEAST01510
OG0004513	HELIO_06065	YEAST04235
OG0004515	HELIO_07915	YEAST05737
OG0004519	HELIO_02070	YEAST01596
OG0004520	HELIO_02470	YEAST06001, YEAST05696
OG0004525	HELIO_11194	YEAST03937
OG0004526	HELIO_09082	YEAST02603
OG0004529	HELIO_04437	YEAST03981
OG0004538	HELIO_08825	YEAST02750
OG0004541	HELIO_11072, HELIO_07529, HELIO_10987	YEAST02645, YEAST03788, YEAST04781
OG0004542	HELIO_06841	YEAST04816, YEAST04623
OG0004545	HELIO_12540	YEAST02071
OG0004551	HELIO_10162, HELIO_05424	YEAST00426
OG0004554	HELIO_08526	YEAST05640, YEAST04172
OG0004559	HELIO_05624	YEAST04428
OG0004563	HELIO_10963	YEAST04325
OG0004566	HELIO_12744	YEAST02192
OG0004567	HELIO_07623	YEAST05747
OG0004571	HELIO_02695	YEAST02127
OG0004573	HELIO_11161	YEAST00677
OG0004577	HELIO_01659	YEAST02283
OG0004579	HELIO_04280	YEAST00134
OG0004581	HELIO_05498	YEAST03583, YEAST04618
OG0004582	HELIO_08565	YEAST04377
OG0004583	HELIO_00209	YEAST05833
OG0004584	HELIO_11293	YEAST03457
OG0004585	HELIO_05321	YEAST01153
OG0004590	HELIO_05349	YEAST03622, YEAST00886
OG0004593	HELIO_00714	YEAST01231
OG0004606	HELIO_10022	YEAST05926
OG0004609	HELIO_00052	YEAST05326
OG0004610	HELIO_00082	YEAST04487, YEAST01427
OG0004611	HELIO_04196	YEAST04613
OG0004612	HELIO_01397	YEAST02359
OG0004616	HELIO_01195	YEAST00250, YEAST02830
OG0004619	HELIO_09992	YEAST03531
OG0004621	HELIO_04659	YEAST00178
OG0004623	HELIO_06064, HELIO_06434	YEAST04421
OG0004626	HELIO_09727	YEAST00427
OG0004630	HELIO_07827	YEAST01322, YEAST02951
OG0004633	HELIO_01232	YEAST03510
OG0004634	HELIO_03114	YEAST00262, YEAST00249
OG0004639	HELIO_02889	YEAST02924
OG0004648	HELIO_00369	YEAST04721, YEAST05892
OG0004649	HELIO_03519	YEAST02284
OG0004651	HELIO_01360	YEAST01146
OG0004655	HELIO_05420	YEAST01640
OG0004656	HELIO_07103	YEAST04281
OG0004657	HELIO_01936	YEAST00473
OG0004658	HELIO_07890	YEAST04140
OG0004659	HELIO_03428	YEAST02251
OG0004660	HELIO_10181	YEAST06221, YEAST00721
OG0004663	HELIO_11837	YEAST01161
OG0004664	HELIO_11551	YEAST05162
OG0004668	HELIO_08315	YEAST01610
OG0004669	HELIO_09536	YEAST00949
OG0004670	HELIO_02134	YEAST03416
OG0004671	HELIO_07461	YEAST02606
OG0004674	HELIO_03310	YEAST05448
OG0004675	HELIO_01458	YEAST05072, YEAST02983
OG0004676	HELIO_00427	YEAST05785, YEAST00056, YEAST02694
OG0004678	HELIO_04212	YEAST02777, YEAST04846
OG0004682	HELIO_10128	YEAST02876
OG0004683	HELIO_11352	YEAST00676
OG0004684	HELIO_03586	YEAST05643
OG0004685	HELIO_10246, HELIO_10245	YEAST04200
OG0004687	HELIO_08862	YEAST00982
OG0004691	HELIO_08399	YEAST00819
OG0004699	HELIO_08731	YEAST05453
OG0004702	HELIO_04400	YEAST03387
OG0004703	HELIO_04914	YEAST00841
OG0004705	HELIO_04709	YEAST05591
OG0004708	HELIO_11900	YEAST04540
OG0004711	HELIO_02943	YEAST03281
OG0004728	HELIO_00269	YEAST04662, YEAST00882
OG0004733	HELIO_10171	YEAST06337
OG0004735	HELIO_02328, HELIO_02327	YEAST04508
OG0004739	HELIO_02404	YEAST01817
OG0004740	HELIO_09419	YEAST04029
OG0004743	HELIO_00353	YEAST04299
OG0004747	HELIO_00610	YEAST01134
OG0004748	HELIO_03593	YEAST03942
OG0004749	HELIO_03717	YEAST05904
OG0004753	HELIO_01929	YEAST04746
OG0004755	HELIO_02844	YEAST03690
OG0004756	HELIO_08574	YEAST03704
OG0004759	HELIO_02858	YEAST02912
OG0004760	HELIO_03633	YEAST01847
OG0004764	HELIO_05384	YEAST04443, YEAST04345
OG0004765	HELIO_12222	YEAST02487
OG0004766	HELIO_04193	YEAST01053
OG0004769	HELIO_01733	YEAST06228
OG0004770	HELIO_04370	YEAST03432
OG0004774	HELIO_10117	YEAST06062
OG0004786	HELIO_09763	YEAST01015
OG0004787	HELIO_11880	YEAST02164
OG0004792	HELIO_00048	YEAST02299
OG0004795	HELIO_04401	YEAST02163
OG0004797	HELIO_09940	YEAST00371
OG0004805	HELIO_08364	YEAST03570
OG0004808	HELIO_09802	YEAST02354
OG0004811	HELIO_06670	YEAST01683
OG0004814	HELIO_10146	YEAST05710
OG0004816	HELIO_09964	YEAST04664
OG0004819	HELIO_07897	YEAST00279
OG0004820	HELIO_06487	YEAST05404
OG0004822	HELIO_06062	YEAST03199
OG0004836	HELIO_02324	YEAST00658
OG0004840	HELIO_02085	YEAST01399
OG0004841	HELIO_02585	YEAST01375
OG0004842	HELIO_11832	YEAST05083
OG0004843	HELIO_00834	YEAST03163
OG0004844	HELIO_10522	YEAST01571
OG0004848	HELIO_00069	YEAST02387
OG0004849	HELIO_05423	YEAST06335
OG0004850	HELIO_00704	YEAST05082, YEAST02977
OG0004851	HELIO_09616	YEAST02907
OG0004854	HELIO_03818	YEAST00889, YEAST04304
OG0004855	HELIO_02533	YEAST03252
OG0004856	HELIO_07832	YEAST05973
OG0004858	HELIO_00650	YEAST04268
OG0004863	HELIO_03006	YEAST00862
OG0004864	HELIO_00612	YEAST00264
OG0004874	HELIO_08597	YEAST04564
OG0004875	HELIO_06367	YEAST02491
OG0004877	HELIO_07852	YEAST05247
OG0004879	HELIO_00955	YEAST01311
OG0004880	HELIO_05730	YEAST06046
OG0004881	HELIO_09700	YEAST00141
OG0004886	HELIO_12663	YEAST05077
OG0004887	HELIO_07078	YEAST05734
OG0004893	HELIO_09946	YEAST04667
OG0004896	HELIO_06128	YEAST06193
OG0004898	HELIO_03240	YEAST01269
OG0004902	HELIO_00778	YEAST00933
OG0004903	HELIO_11087	YEAST03539
OG0004906	HELIO_11147	YEAST02770
OG0004911	HELIO_07544	YEAST04765
OG0004913	HELIO_03203	YEAST01636
OG0004914	HELIO_01774	YEAST03369
OG0004917	HELIO_12189	YEAST00244
OG0004922	HELIO_01685	YEAST03302
OG0004924	HELIO_01952	YEAST03555, YEAST03277
OG0004928	HELIO_07307	YEAST00311
OG0004932	HELIO_07987	YEAST04654
OG0004935	HELIO_10326	YEAST02167
OG0004940	HELIO_00273	YEAST05107, YEAST05559
OG0004941	HELIO_05073	YEAST03194
OG0004947	HELIO_05661	YEAST05164
OG0004948	HELIO_02547	YEAST02275
OG0004949	HELIO_02589	YEAST04201
OG0004952	HELIO_07510	YEAST02477
OG0004954	HELIO_00661	YEAST06058
OG0004962	HELIO_08746	YEAST04400
OG0004963	HELIO_03790	YEAST04940
OG0004964	HELIO_08341	YEAST04104
OG0004968	HELIO_02336	YEAST03489
OG0004969	HELIO_09351	YEAST02591
OG0004971	HELIO_11333	YEAST05364
OG0004972	HELIO_04464	YEAST03511
OG0004975	HELIO_10270	YEAST00144, YEAST01994
OG0004976	HELIO_01915	YEAST05983
OG0004977	HELIO_09387	YEAST06017
OG0004979	HELIO_00535	YEAST06027
OG0004980	HELIO_11727	YEAST05221
OG0004981	HELIO_00009	YEAST03914, YEAST04639
OG0004982	HELIO_02000	YEAST03625
OG0004985	HELIO_04047	YEAST03498
OG0004988	HELIO_09379	YEAST05990
OG0004989	HELIO_10003	YEAST04576
OG0004990	HELIO_07049	YEAST04419
OG0004992	HELIO_08240	YEAST05627
OG0004996	HELIO_07732	YEAST04793
OG0004997	HELIO_02145	YEAST01342
OG0005002	HELIO_00270	YEAST05414
OG0005003	HELIO_12173	YEAST02467, YEAST00216
OG0005006	HELIO_11768	YEAST06096
OG0005014	HELIO_08846	YEAST02538
OG0005015	HELIO_00171	YEAST01649, YEAST01932
OG0005038	HELIO_08881	YEAST02861
OG0005040	HELIO_03252	YEAST04778
OG0005047	HELIO_00479	YEAST01837
OG0005053	HELIO_06875	YEAST00680
OG0005055	HELIO_10170	YEAST02159
OG0005059	HELIO_07564	YEAST03737
OG0005067	HELIO_09151	YEAST06051
OG0005069	HELIO_00608	YEAST03130
OG0005073	HELIO_01773	YEAST00873
OG0005076	HELIO_03009, HELIO_03970	YEAST04563
OG0005081	HELIO_10431	YEAST03124
OG0005083	HELIO_09753	YEAST00678, YEAST05235
OG0005084	HELIO_04922	YEAST03782
OG0005086	HELIO_12467	YEAST00205
OG0005087	HELIO_03767	YEAST00816
OG0005088	HELIO_03847	YEAST05769, YEAST03125
OG0005089	HELIO_03232	YEAST04644
OG0005090	HELIO_07695	YEAST00338
OG0005093	HELIO_11993	YEAST01810
OG0005095	HELIO_02872	YEAST04437
OG0005096	HELIO_05731	YEAST00667
OG0005097	HELIO_03002	YEAST05071
OG0005099	HELIO_10118	YEAST01396
OG0005100	HELIO_05545	YEAST02389
OG0005104	HELIO_08531	YEAST05248
OG0005106	HELIO_00174	YEAST06065, YEAST00421
OG0005109	HELIO_06364	YEAST05204, YEAST00612
OG0005111	HELIO_00407	YEAST06212, YEAST04032
OG0005114	HELIO_08371	YEAST02131
OG0005121	HELIO_07490	YEAST02052
OG0005124	HELIO_09426	YEAST04099
OG0005130	HELIO_07663	YEAST03863
OG0005139	HELIO_08484, HELIO_08485	YEAST04015
OG0005142	HELIO_08045	YEAST03890
OG0005143	HELIO_09545	YEAST00443
OG0005144	HELIO_08022	YEAST04065
OG0005146	HELIO_10854	YEAST02971
OG0005149	HELIO_11654	YEAST03025, YEAST02738
OG0005151	HELIO_08645	YEAST03382
OG0005152	HELIO_00544	YEAST00847
OG0005157	HELIO_00904	YEAST02981
OG0005160	HELIO_01025	YEAST06113
OG0005164	HELIO_11468	YEAST06283
OG0005168	HELIO_01751	YEAST06272
OG0005169	HELIO_04343	YEAST00459
OG0005175	HELIO_00780	YEAST05445
OG0005176	HELIO_10190	YEAST00218
OG0005178	HELIO_00616	YEAST04497
OG0005179	HELIO_06111	YEAST05659
OG0005183	HELIO_02806	YEAST05308
OG0005184	HELIO_00770	YEAST00492
OG0005187	HELIO_07825	YEAST05234
OG0005188	HELIO_01778	YEAST01554
OG0005191	HELIO_04472, HELIO_12152	YEAST00993
OG0005192	HELIO_00944	YEAST05720
OG0005194	HELIO_07040	YEAST04086
OG0005196	HELIO_04481	YEAST01388
OG0005198	HELIO_04715	YEAST00327
OG0005200	HELIO_05628	YEAST01016
OG0005201	HELIO_00986	YEAST00082
OG0005203	HELIO_10134	YEAST02207
OG0005204	HELIO_02257	YEAST01178
OG0005205	HELIO_09166	YEAST01046
OG0005208	HELIO_08730	YEAST01429
OG0005212	HELIO_11385	YEAST06147
OG0005220	HELIO_11906	YEAST04357
OG0005221	HELIO_12033	YEAST03209
OG0005222	HELIO_11738	YEAST05518
OG0005224	HELIO_12119	YEAST06324
OG0005227	HELIO_04033	YEAST05529
OG0005228	HELIO_05235	YEAST05916
OG0005229	HELIO_05105	YEAST04766
OG0005231	HELIO_08456, HELIO_03312	YEAST02681
OG0005233	HELIO_11325	YEAST00564
OG0005237	HELIO_12667	YEAST05398
OG0005238	HELIO_08810	YEAST00351
OG0005239	HELIO_01800	YEAST04499
OG0005240	HELIO_07718	YEAST03058
OG0005247	HELIO_03585	YEAST06314
OG0005249	HELIO_09091	YEAST03446
OG0005251	HELIO_03357, HELIO_08572	YEAST00934
OG0005254	HELIO_11756	YEAST00814
OG0005259	HELIO_05855	YEAST04276
OG0005261	HELIO_01034	YEAST01831
OG0005262	HELIO_01811	YEAST05458
OG0005264	HELIO_03632	YEAST03506
OG0005267	HELIO_12160	YEAST03513
OG0005269	HELIO_01373	YEAST03314
OG0005273	HELIO_05543	YEAST04916
OG0005275	HELIO_00836	YEAST03695
OG0005277	HELIO_11392	YEAST04186
OG0005279	HELIO_10579	YEAST05219
OG0005280	HELIO_08673	YEAST00305
OG0005281	HELIO_12345	YEAST05694
OG0005285	HELIO_08821	YEAST03115
OG0005289	HELIO_02712	YEAST03438
OG0005292	HELIO_09153	YEAST01718
OG0005293	HELIO_02688	YEAST03033
OG0005294	HELIO_02763	YEAST01981
OG0005298	HELIO_05115	YEAST03696
OG0005299	HELIO_01167	YEAST00788
OG0005300	HELIO_08983	YEAST04941
OG0005304	HELIO_10382	YEAST05397
OG0005309	HELIO_11500	YEAST03670
OG0005312	HELIO_02639, HELIO_04406	YEAST05201, YEAST04689
OG0005314	HELIO_05050	YEAST05231, YEAST01835
OG0005316	HELIO_01782	YEAST02690
OG0005317	HELIO_03663	YEAST03232
OG0005318	HELIO_12485	YEAST02932
OG0005323	HELIO_11320	YEAST01809
OG0005324	HELIO_04253	YEAST02894
OG0005326	HELIO_11652	YEAST02113
OG0005360	HELIO_02653	YEAST05037
OG0005365	HELIO_00310	YEAST00555
OG0005366	HELIO_04540	YEAST05488
OG0005370	HELIO_01028	YEAST06092
OG0005371	HELIO_08495	YEAST06170
OG0005373	HELIO_09089	YEAST05422
OG0005374	HELIO_10087	YEAST05714
OG0005375	HELIO_01790	YEAST03962
OG0005390	HELIO_07360	YEAST03532
OG0005391	HELIO_09908	YEAST02166
OG0005393	HELIO_10078	YEAST04280
OG0005394	HELIO_01932	YEAST00853
OG0005396	HELIO_03256	YEAST05100
OG0005399	HELIO_05950	YEAST03052
OG0005402	HELIO_11168	YEAST00454, YEAST00455
OG0005403	HELIO_09292	YEAST03894
OG0005406	HELIO_10339	YEAST00801
OG0005409	HELIO_00987	YEAST01305
OG0005413	HELIO_09672	YEAST00212
OG0005417	HELIO_02576	YEAST02517
OG0005422	HELIO_04622, HELIO_02941	YEAST00744
OG0005430	HELIO_10193	YEAST02046
OG0005432	HELIO_03463	YEAST00083
OG0005433	HELIO_07260	YEAST00126
OG0005435	HELIO_09064	YEAST02973
OG0005437	HELIO_05520	YEAST04554
OG0005438	HELIO_05940	YEAST03985
OG0005439	HELIO_07098	YEAST00480, YEAST02388
OG0005446	HELIO_07330	YEAST02856
OG0005448	HELIO_11633	YEAST00061
OG0005451	HELIO_06353	YEAST02174
OG0005455	HELIO_12494	YEAST01906
OG0005464	HELIO_12674	YEAST03289
OG0005465	HELIO_07862	YEAST02925
OG0005466	HELIO_09523	YEAST04413
OG0005468	HELIO_08530	YEAST03549
OG0005469	HELIO_04725	YEAST03750
OG0005470	HELIO_10445	YEAST05805
OG0005474	HELIO_10650	YEAST05625
OG0005476	HELIO_11936	YEAST00929
OG0005479	HELIO_12634	YEAST06140
OG0005484	HELIO_01473	YEAST05993
OG0005488	HELIO_02338	YEAST02834
OG0005489	HELIO_00008	YEAST02006
OG0005490	HELIO_09891	YEAST02289
OG0005493	HELIO_04632	YEAST03669
OG0005495	HELIO_03871	YEAST04982
OG0005498	HELIO_05149, HELIO_03772	YEAST02944
OG0005499	HELIO_10102	YEAST00316
OG0005504	HELIO_01863	YEAST02859
OG0005508	HELIO_03029	YEAST05735
OG0005514	HELIO_01597	YEAST00756
OG0005524	HELIO_11281	YEAST04752
OG0005527	HELIO_11676	YEAST05177
OG0005533	HELIO_08785	YEAST05670
OG0005535	HELIO_12073	YEAST03305
OG0005537	HELIO_02860	YEAST00932
OG0005539	HELIO_03565	YEAST01881
OG0005545	HELIO_06185	YEAST06273
OG0005554	HELIO_12200	YEAST01003
OG0005556	HELIO_05299	YEAST01807
OG0005559	HELIO_07651	YEAST02680
OG0005560	HELIO_12588	YEAST01996
OG0005562	HELIO_11203	YEAST02317
OG0005563	HELIO_12594	YEAST03552
OG0005564	HELIO_01761	YEAST02525
OG0005566	HELIO_11917	YEAST02934
OG0005569	HELIO_06580	YEAST01288
OG0005570	HELIO_06433	YEAST05155
OG0005572	HELIO_02918	YEAST04844
OG0005573	HELIO_05439	YEAST00059
OG0005575	HELIO_01578	YEAST02256
OG0005580	HELIO_08762, HELIO_08763	YEAST03612
OG0005582	HELIO_11627, HELIO_11626	YEAST06134
OG0005590	HELIO_05815	YEAST05462
OG0005592	HELIO_01301	YEAST02743, YEAST03026, YEAST00679, YEAST05239
OG0005594	HELIO_02380	YEAST04980
OG0005595	HELIO_05119	YEAST01803
OG0005597	HELIO_05212	YEAST02753
OG0005598	HELIO_03089	YEAST01870
OG0005599	HELIO_03289	YEAST01798
OG0005600	HELIO_04745	YEAST00206
OG0005604	HELIO_08231	YEAST03276
OG0005605	HELIO_00585	YEAST01083
OG0005613	HELIO_01777	YEAST02714
OG0005617	HELIO_03588	YEAST02068
OG0005618	HELIO_03025	YEAST04830
OG0005620	HELIO_09238	YEAST04915
OG0005622	HELIO_07879	YEAST05142
OG0005623	HELIO_02211	YEAST01590
OG0005626	HELIO_02428	YEAST02896
OG0005632	HELIO_12577	YEAST01025
OG0005636	HELIO_12502	YEAST04250, YEAST02533
OG0005641	HELIO_00958	YEAST05413
OG0005645	HELIO_00410	YEAST03386
OG0005649	HELIO_12421	YEAST03683
OG0005652	HELIO_07272	YEAST02748
OG0005656	HELIO_10016	YEAST05558
OG0005660	HELIO_11914	YEAST04813
OG0005694	HELIO_07565	YEAST02311
OG0005701	HELIO_11001	YEAST03349
OG0005702	HELIO_05411	YEAST02337
OG0005703	HELIO_03523	YEAST00484
OG0005707	HELIO_03290	YEAST01682
OG0005715	HELIO_11531	YEAST05111
OG0005719	HELIO_12564	YEAST01866
OG0005723	HELIO_04765	YEAST05629
OG0005724	HELIO_10899	YEAST03029
OG0005728	HELIO_08124	YEAST03877
OG0005729	HELIO_01495	YEAST04879
OG0005731	HELIO_00579, HELIO_01200	YEAST04127
OG0005732	HELIO_01353	YEAST05411, YEAST00067
OG0005734	HELIO_09780	YEAST03845
OG0005749	HELIO_04648	YEAST00550
OG0005750	HELIO_05593	YEAST05318
OG0005758	HELIO_02931	YEAST03970
OG0005764	HELIO_09831	YEAST03256
OG0005769	HELIO_01669	YEAST05614
OG0005774	HELIO_11617	YEAST01218
OG0005775	HELIO_09395	YEAST04199
OG0005779	HELIO_00910	YEAST03322
OG0005784	HELIO_08693	YEAST06131
OG0005789	HELIO_11720	YEAST06245
OG0005790	HELIO_02506	YEAST01022
OG0005793	HELIO_06902	YEAST03437
OG0005794	HELIO_03328	YEAST03999
OG0005796	HELIO_06502	YEAST02169
OG0005797	HELIO_06182	YEAST04949
OG0005799	HELIO_04889	YEAST05573
OG0005800	HELIO_10961	YEAST03278
OG0005803	HELIO_12301	YEAST05968
OG0005805	HELIO_03131, HELIO_08991	YEAST01806
OG0005807	HELIO_03647	YEAST01275
OG0005811	HELIO_00291	YEAST01007
OG0005814	HELIO_01064	YEAST01475
OG0005819	HELIO_07713, HELIO_03081	YEAST04896
OG0005823	HELIO_01957	YEAST01415
OG0005828	HELIO_07094	YEAST00547
OG0005831	HELIO_05610	YEAST05339
OG0005832	HELIO_07710	YEAST00468
OG0005835	HELIO_06665	YEAST01714
OG0005837	HELIO_02604	YEAST02139
OG0005842	HELIO_10018	YEAST02254
OG0005843	HELIO_09916	YEAST02236
OG0005845	HELIO_01881	YEAST00903
OG0005848	HELIO_00072	YEAST01451, YEAST02858
OG0005849	HELIO_05794	YEAST01002
OG0005850	HELIO_12393	YEAST01618
OG0005860	HELIO_01705	YEAST01211
OG0005864	HELIO_00995	YEAST04171
OG0005865	HELIO_12295	YEAST02036
OG0005866	HELIO_11279, HELIO_11280	YEAST02662, YEAST00926, YEAST05389
OG0005869	HELIO_12207	YEAST04361
OG0005872	HELIO_05790	YEAST00119
OG0005874	HELIO_08275	YEAST05241
OG0005880	HELIO_00646	YEAST00456
OG0005886	HELIO_05390	YEAST01320
OG0005887	HELIO_06315	YEAST02429, YEAST01660
OG0005888	HELIO_06386	YEAST01289, YEAST02921
OG0005889	HELIO_01483	YEAST02568
OG0005893	HELIO_05720	YEAST05434
OG0005897	HELIO_01641	YEAST04730
OG0005898	HELIO_02135	YEAST04411
OG0005899	HELIO_09792	YEAST01832
OG0005901	HELIO_08741	YEAST04462
OG0005906	HELIO_02934	YEAST01796
OG0005909	HELIO_02854	YEAST01623
OG0005919	HELIO_03998	YEAST06039
OG0005921	HELIO_02652	YEAST01856
OG0005928	HELIO_05155	YEAST02001
OG0005931	HELIO_09374	YEAST04950
OG0005933	HELIO_09168	YEAST05705
OG0005936	HELIO_01257	YEAST03224
OG0005940	HELIO_09380	YEAST04035
OG0005943	HELIO_12094	YEAST00579
OG0005944	HELIO_00275	YEAST01316
OG0005946	HELIO_03144	YEAST05608
OG0005949	HELIO_07740	YEAST06253
OG0005952	HELIO_03293	YEAST03507
OG0005954	HELIO_10141	YEAST01233
OG0005955	HELIO_01137	YEAST00616
OG0005960	HELIO_08780	YEAST04608
OG0005961	HELIO_01047	YEAST00672
OG0005965	HELIO_01531	YEAST02033
OG0005966	HELIO_10744	YEAST04113
OG0005968	HELIO_12575	YEAST05417
OG0005969	HELIO_02845	YEAST04558, YEAST04559
OG0005970	HELIO_06792	YEAST05328
OG0005974	HELIO_12424	YEAST06068
OG0005976	HELIO_08554	YEAST02136
OG0005978	HELIO_06345	YEAST01891
OG0005980	HELIO_12340	YEAST06132
OG0005985	HELIO_06268	YEAST00726
OG0005986	HELIO_00701	YEAST02056
OG0005987	HELIO_01948	YEAST05748
OG0005989	HELIO_12608	YEAST04850
OG0005991	HELIO_07344	YEAST06034
OG0005993	HELIO_05394	YEAST04496
OG0005995	HELIO_07095	YEAST01813
OG0005996	HELIO_06337	YEAST02670
OG0005998	HELIO_10227	YEAST04034
OG0006001	HELIO_08674	YEAST02335
OG0006003	HELIO_11170	YEAST05889
OG0006005	HELIO_07237	YEAST05024
OG0006059	HELIO_12552	YEAST03490
OG0006063	HELIO_11989	YEAST00475
OG0006064	HELIO_02594	YEAST03138
OG0006065	HELIO_08296	YEAST06018
OG0006069	HELIO_07213	YEAST00670
OG0006071	HELIO_02908	YEAST02732
OG0006072	HELIO_04017, HELIO_01390	YEAST03317
OG0006073	HELIO_02036	YEAST06328
OG0006074	HELIO_00468	YEAST00045
OG0006079	HELIO_05348	YEAST05794
OG0006084	HELIO_04599	YEAST02308
OG0006087	HELIO_02406	YEAST02260
OG0006090	HELIO_02165	YEAST03852
OG0006095	HELIO_05960	YEAST03334
OG0006096	HELIO_00266	YEAST03331
OG0006098	HELIO_12451	YEAST06192
OG0006103	HELIO_10415	YEAST01110
OG0006104	HELIO_11790	YEAST03697
OG0006106	HELIO_01676	YEAST00295
OG0006113	HELIO_01033, HELIO_06282	YEAST06164
OG0006114	HELIO_08232	YEAST05960
OG0006115	HELIO_09653	YEAST01346
OG0006116	HELIO_06321, HELIO_06170	YEAST05770
OG0006117	HELIO_11868	YEAST05899
OG0006127	HELIO_09878	YEAST04711
OG0006134	HELIO_11258	YEAST00416
OG0006135	HELIO_03520	YEAST00161
OG0006136	HELIO_01347	YEAST05740
OG0006140	HELIO_02451	YEAST05182
OG0006144	HELIO_01610	YEAST04770
OG0006145	HELIO_02039	YEAST01394
OG0006149	HELIO_09266	YEAST05979
OG0006152	HELIO_02838, HELIO_02839	YEAST03796
OG0006155	HELIO_09019	YEAST04800
OG0006156	HELIO_01157	YEAST00437
OG0006157	HELIO_10725, HELIO_01579	YEAST02465
OG0006159	HELIO_01135	YEAST06098
OG0006161	HELIO_01021	YEAST04301
OG0006168	HELIO_04374	YEAST01411
OG0006169	HELIO_01683	YEAST02933
OG0006176	HELIO_06130	YEAST03164
OG0006180	HELIO_05100	YEAST00504
OG0006181	HELIO_02483	YEAST02419
OG0006185	HELIO_10309	YEAST05986
OG0006186	HELIO_07896	YEAST01010
OG0006188	HELIO_02600	YEAST05311
OG0006189	HELIO_09819	YEAST00844, YEAST06269
OG0006191	HELIO_05111	YEAST02336
OG0006192	HELIO_02484	YEAST06153
OG0006196	HELIO_07135	YEAST03954
OG0006199	HELIO_07696	YEAST06121
OG0006200	HELIO_01635	YEAST05079
OG0006202	HELIO_07913	YEAST00362
OG0006204	HELIO_06341	YEAST02271
OG0006210	HELIO_09766	YEAST00201
OG0006213	HELIO_06368	YEAST03554
OG0006214	HELIO_05385	YEAST04089
OG0006216	HELIO_01427	YEAST01089
OG0006217	HELIO_08745	YEAST00809
OG0006224	HELIO_11003	YEAST02751, YEAST03048
OG0006225	HELIO_07778	YEAST04875
OG0006227	HELIO_02965	YEAST00128
OG0006229	HELIO_08595	YEAST00143
OG0006230	HELIO_04171	YEAST03869
OG0006233	HELIO_12645	YEAST04247
OG0006237	HELIO_09317	YEAST02126
OG0006240	HELIO_10169	YEAST04649
OG0006245	HELIO_01875	YEAST05732
OG0006247	HELIO_12325	YEAST04977
OG0006249	HELIO_03685	YEAST00821
OG0006250	HELIO_04452	YEAST05424
OG0006251	HELIO_03506	YEAST04963
OG0006255	HELIO_01290	YEAST03350
OG0006258	HELIO_02104	YEAST05637
OG0006259	HELIO_08011	YEAST05672
OG0006260	HELIO_02690	YEAST04100
OG0006263	HELIO_01869	YEAST02521
OG0006269	HELIO_01840	YEAST03069
OG0006271	HELIO_08830	YEAST00375
OG0006275	HELIO_03477	YEAST06102
OG0006279	HELIO_03686	YEAST04402
OG0006280	HELIO_04297	YEAST04541
OG0006282	HELIO_02370	YEAST01445
OG0006283	HELIO_12120	YEAST00229
OG0006284	HELIO_12533	YEAST04213
OG0006289	HELIO_05726	YEAST06209
OG0006293	HELIO_02797	YEAST05380
OG0006294	HELIO_01836	YEAST04000
OG0006295	HELIO_06735	YEAST05360
OG0006302	HELIO_07327	YEAST01852
OG0006306	HELIO_02884	YEAST00230
OG0006311	HELIO_07328	YEAST01145
OG0006315	HELIO_08491	YEAST00489
OG0006317	HELIO_02608	YEAST02082
OG0006319	HELIO_05167	YEAST01135
OG0006320	HELIO_01365	YEAST04478
OG0006322	HELIO_05302	YEAST00815
OG0006329	HELIO_06141	YEAST01245
OG0006332	HELIO_10634	YEAST06042
OG0006334	HELIO_03962	YEAST00864
OG0006335	HELIO_08944	YEAST02588
OG0006339	HELIO_05939	YEAST06286
OG0006340	HELIO_10564	YEAST00922, YEAST05387
OG0006341	HELIO_02596	YEAST01452
OG0006344	HELIO_02682	YEAST01465
OG0006349	HELIO_11196	YEAST05233
OG0006357	HELIO_04461, HELIO_05831	YEAST02650
OG0006360	HELIO_03201	YEAST01556
OG0006362	HELIO_00933	YEAST05722
OG0006370	HELIO_08191	YEAST02350
OG0006372	HELIO_12026	YEAST05423
OG0006375	HELIO_08503	YEAST05198
OG0006377	HELIO_08767	YEAST04974
OG0006378	HELIO_10749	YEAST01924
OG0006381	HELIO_05870	YEAST01058
OG0006382	HELIO_08796	YEAST03313
OG0006385	HELIO_06115	YEAST04806
OG0006387	HELIO_04976	YEAST05324
OG0006389	HELIO_10791	YEAST02409
OG0006390	HELIO_00558	YEAST00339
OG0006392	HELIO_11026	YEAST01246
OG0006395	HELIO_02881	YEAST03605
OG0006396	HELIO_07809, HELIO_01098	YEAST02453
OG0006398	HELIO_10908	YEAST04420, YEAST03553
OG0006407	HELIO_02958, HELIO_02959	YEAST02250
OG0006447	HELIO_02401	YEAST03459
OG0006448	HELIO_04101	YEAST00505, YEAST04285
OG0006456	HELIO_08853	YEAST06224
OG0006459	HELIO_04320	YEAST00972, YEAST00245
OG0006461	HELIO_01776	YEAST05346
OG0006462	HELIO_05402	YEAST01838
OG0006464	HELIO_03458	YEAST05965
OG0006465	HELIO_10993	YEAST01875
OG0006470	HELIO_01090	YEAST01306
OG0006474	HELIO_12383	YEAST03988
OG0006475	HELIO_08214	YEAST06223, YEAST00349
OG0006476	HELIO_04991	YEAST00315
OG0006479	HELIO_06008	YEAST05669
OG0006481	HELIO_00988	YEAST06165
OG0006488	HELIO_02453	YEAST02614
OG0006498	HELIO_05645	YEAST02291
OG0006503	HELIO_12395	YEAST06053
OG0006504	HELIO_04078	YEAST02866
OG0006507	HELIO_12124	YEAST02914
OG0006509	HELIO_08979	YEAST02252
OG0006512	HELIO_00915, HELIO_00916	YEAST04169
OG0006514	HELIO_03646	YEAST05820
OG0006515	HELIO_10337	YEAST03195
OG0006516	HELIO_06603	YEAST02248
OG0006520	HELIO_01054	YEAST05914
OG0006523	HELIO_02795	YEAST04170
OG0006528	HELIO_12157	YEAST02276
OG0006532	HELIO_12414	YEAST05019
OG0006533	HELIO_10267	YEAST00790
OG0006536	HELIO_01245	YEAST05130
OG0006538	HELIO_00835	YEAST02168
OG0006543	HELIO_04460	YEAST03219
OG0006544	HELIO_03354	YEAST06160
OG0006550	HELIO_11646	YEAST05541
OG0006552	HELIO_05537	YEAST02016
OG0006553	HELIO_09294	YEAST05825
OG0006554	HELIO_11137	YEAST04136
OG0006561	HELIO_01583	YEAST00874
OG0006564	HELIO_04895	YEAST05934
OG0006568	HELIO_02321, HELIO_02320	YEAST03560
OG0006569	HELIO_04025	YEAST02940
OG0006571	HELIO_02921	YEAST00795
OG0006574	HELIO_08922	YEAST06163
OG0006577	HELIO_02340	YEAST03945
OG0006578	HELIO_07383, HELIO_06625	YEAST00813
OG0006580	HELIO_00870	YEAST04957
OG0006582	HELIO_10336	YEAST04615
OG0006584	HELIO_01051	YEAST01846
OG0006595	HELIO_09575	YEAST05577
OG0006596	HELIO_09364	YEAST03312
OG0006597	HELIO_00477	YEAST01876
OG0006598	HELIO_08458	YEAST02580
OG0006602	HELIO_02442	YEAST06259
OG0006604	HELIO_08860	YEAST01597
OG0006607	HELIO_00321	YEAST05258
OG0006609	HELIO_08243	YEAST04231
OG0006610	HELIO_11565	YEAST04593
OG0006613	HELIO_01930	YEAST00490
OG0006615	HELIO_05092	YEAST02695
OG0006617	HELIO_10779	YEAST01373
OG0006619	HELIO_09123	YEAST03691
OG0006622	HELIO_02210	YEAST04382
OG0006625	HELIO_08164	YEAST05905
OG0006627	HELIO_11995	YEAST01553
OG0006630	HELIO_10586	YEAST05584
OG0006631	HELIO_00442	YEAST01419, YEAST04493
OG0006633	HELIO_03206	YEAST05580
OG0006636	HELIO_12004	YEAST06190
OG0006651	HELIO_02310	YEAST03308
OG0006662	HELIO_09320	YEAST02707
OG0006663	HELIO_02313	YEAST04538
OG0006664	HELIO_02701	YEAST04769
OG0006668	HELIO_07541	YEAST00040
OG0006669	HELIO_11899	YEAST05379
OG0006678	HELIO_02277	YEAST03428
OG0006681	HELIO_12263	YEAST02774
OG0006688	HELIO_03127	YEAST02298
OG0006690	HELIO_02191	YEAST00986
OG0006691	HELIO_03575	YEAST06141
OG0006692	HELIO_11578	YEAST04243
OG0006694	HELIO_03880	YEAST04074
OG0006703	HELIO_06495	YEAST04919
OG0006704	HELIO_06847	YEAST02241
OG0006706	HELIO_11342	YEAST01312
OG0006707	HELIO_00394	YEAST04448
OG0006712	HELIO_03348	YEAST01297
OG0006716	HELIO_06298	YEAST01688
OG0006717	HELIO_09109	YEAST03273, YEAST00511
OG0006722	HELIO_08515	YEAST05928
OG0006725	HELIO_03001	YEAST05141
OG0006726	HELIO_09973	YEAST01310
OG0006728	HELIO_02827	YEAST01819
OG0006730	HELIO_09404	YEAST06066
OG0006732	HELIO_09714	YEAST05092
OG0006738	HELIO_04208	YEAST03786
OG0006741	HELIO_09739	YEAST00908
OG0006752	HELIO_01665	YEAST01605
OG0006753	HELIO_09521	YEAST06210
OG0006755	HELIO_08486	YEAST03743
OG0006757	HELIO_11315	YEAST02585
OG0006758	HELIO_10590	YEAST00132
OG0006769	HELIO_11443	YEAST04955
OG0006772	HELIO_05481	YEAST05602
OG0006775	HELIO_01233	YEAST01095
OG0006776	HELIO_12504	YEAST02455
OG0006777	HELIO_07723	YEAST05242
OG0006826	HELIO_00390	YEAST03748
OG0006830	HELIO_02103	YEAST02320
OG0006838	HELIO_12316	YEAST01244
OG0006843	HELIO_07672	YEAST03855
OG0006846	HELIO_02303	YEAST04146
OG0006853	HELIO_02737	YEAST03500
OG0006860	HELIO_05728	YEAST03798
OG0006867	HELIO_00909	YEAST03341
OG0006869	HELIO_10982	YEAST01706
OG0006874	HELIO_08686	YEAST03449
OG0006876	HELIO_12562	YEAST00384
OG0006880	HELIO_05383	YEAST04631
OG0006881	HELIO_09282, HELIO_09283	YEAST01049
OG0006887	HELIO_00170	YEAST01983
OG0006888	HELIO_11291	YEAST00485
OG0006890	HELIO_01755	YEAST02034
OG0006891	HELIO_06848	YEAST00187
OG0006892	HELIO_10025	YEAST04820
OG0006894	HELIO_01525	YEAST01360
OG0006897	HELIO_06557	YEAST00856
OG0006901	HELIO_03815	YEAST05480
OG0006906	HELIO_04811	YEAST00746
OG0006918	HELIO_00387	YEAST05610
OG0006924	HELIO_10197	YEAST04308
OG0006927	HELIO_01236	YEAST00921
OG0006934	HELIO_02300	YEAST02053
OG0006935	HELIO_02305	YEAST02014
OG0006936	HELIO_01325	YEAST06114
OG0006937	HELIO_10195	YEAST05537
OG0006939	HELIO_09910	YEAST01033
OG0006940	HELIO_02426	YEAST05163
OG0006943	HELIO_00593	YEAST02583
OG0006949	HELIO_00053	YEAST00975, YEAST00256
OG0006959	HELIO_03367	YEAST01865
OG0006964	HELIO_05324	YEAST05995
OG0006966	HELIO_00843	YEAST02544
OG0006967	HELIO_03858	YEAST06235
OG0006968	HELIO_10124	YEAST03972
OG0006969	HELIO_04692	YEAST01604
OG0006971	HELIO_04205	YEAST00044
OG0006973	HELIO_05811	YEAST03793
OG0006975	HELIO_00766	YEAST02322
OG0006977	HELIO_03745	YEAST06248
OG0006980	HELIO_06927	YEAST02173
OG0006985	HELIO_08249	YEAST03215
OG0006989	HELIO_01925	YEAST04914
OG0006991	HELIO_08801	YEAST05066
OG0006992	HELIO_03687	YEAST04657
OG0006994	HELIO_10742	YEAST05554
OG0006995	HELIO_00974	YEAST06048
OG0006997	HELIO_04050	YEAST00664
OG0006998	HELIO_01286	YEAST02509
OG0006999	HELIO_01742	YEAST03874
OG0007003	HELIO_03021	YEAST01840
OG0007009	HELIO_10006	YEAST05645
OG0007010	HELIO_01679	YEAST01652
OG0007012	HELIO_04259	YEAST05361
OG0007013	HELIO_10913	YEAST05971
OG0007015	HELIO_01841	YEAST03053
OG0007016	HELIO_09219	YEAST05307
OG0007020	HELIO_10783	YEAST00663
OG0007024	HELIO_03505	YEAST01864
OG0007028	HELIO_09657	YEAST06312
OG0007030	HELIO_05278	YEAST05712
OG0007033	HELIO_06756	YEAST04002
OG0007036	HELIO_08854	YEAST04799
OG0007043	HELIO_10787	YEAST02072, YEAST01064
OG0007045	HELIO_03028	YEAST01113
OG0007046	HELIO_06285	YEAST04826
OG0007049	HELIO_01113	YEAST05930
OG0007050	HELIO_10158	YEAST05668
OG0007053	HELIO_01740	YEAST05898
OG0007055	HELIO_05430	YEAST02593
OG0007061	HELIO_03172	YEAST03247
OG0007063	HELIO_02537	YEAST04650
OG0007071	HELIO_10140	YEAST02162
OG0007073	HELIO_12235	YEAST03946
OG0007075	HELIO_12580	YEAST00811
OG0007084	HELIO_06919	YEAST05527
OG0007089	HELIO_01728	YEAST04132
OG0007093	HELIO_04228	YEAST01923
OG0007095	HELIO_05715	YEAST02581
OG0007098	HELIO_07500	YEAST03783
OG0007106	HELIO_08071	YEAST00202
OG0007112	HELIO_05754	YEAST05597
OG0007114	HELIO_02430	YEAST03493
OG0007118	HELIO_00216	YEAST01120
OG0007119	HELIO_03351	YEAST05459
OG0007120	HELIO_08636	YEAST04248
OG0007121	HELIO_08982	YEAST05746
OG0007124	HELIO_03243	YEAST04818
OG0007127	HELIO_02372	YEAST04415
OG0007130	HELIO_08635, HELIO_08634	YEAST05158
OG0007131	HELIO_04431	YEAST05874
OG0007132	HELIO_12686	YEAST06078
OG0007137	HELIO_01264	YEAST00797
OG0007138	HELIO_11268	YEAST04319
OG0007139	HELIO_03311	YEAST05259
OG0007143	HELIO_02069	YEAST02636
OG0007144	HELIO_02773	YEAST04135
OG0007154	HELIO_05052	YEAST01439
OG0007164	HELIO_04104	YEAST05557
OG0007165	HELIO_07174	YEAST04228, YEAST02514
OG0007168	HELIO_01974	YEAST02929
OG0007182	HELIO_05171	YEAST00042
OG0007192	HELIO_11714	YEAST00860
OG0007254	HELIO_04453	YEAST00328
OG0007258	HELIO_08742	YEAST02867
OG0007264	HELIO_05781	YEAST04093
OG0007269	HELIO_06147	YEAST04522
OG0007276	HELIO_06599	YEAST02007
OG0007279	HELIO_03749	YEAST02363
OG0007282	HELIO_12150	YEAST04912
OG0007288	HELIO_09454	YEAST02949
OG0007292	HELIO_01083	YEAST05159
OG0007307	HELIO_05717	YEAST05606
OG0007313	HELIO_04919	YEAST02047
OG0007317	HELIO_09791	YEAST04084
OG0007321	HELIO_04170	YEAST05016
OG0007322	HELIO_07072	YEAST01090
OG0007325	HELIO_09200	YEAST03249
OG0007330	HELIO_04133	YEAST00633
OG0007332	HELIO_04769	YEAST02451
OG0007335	HELIO_11949	YEAST06084
OG0007336	HELIO_06667	YEAST03606
OG0007341	HELIO_11684	YEAST00183
OG0007343	HELIO_03412	YEAST00383
OG0007347	HELIO_09177	YEAST02066
OG0007349	HELIO_06468	YEAST01492
OG0007354	HELIO_02659	YEAST03378
OG0007355	HELIO_04351	YEAST02682
OG0007361	HELIO_01627	YEAST02394
OG0007363	HELIO_01853	YEAST05519
OG0007364	HELIO_03012	YEAST01959
OG0007367	HELIO_11916	YEAST01013
OG0007371	HELIO_02928	YEAST04970
OG0007379	HELIO_03559	YEAST00967
OG0007380	HELIO_02244, HELIO_04235	YEAST00785, YEAST00666
OG0007387	HELIO_09254	YEAST06326
OG0007393	HELIO_09515	YEAST01116
OG0007395	HELIO_10203	YEAST00603
OG0007397	HELIO_06855	YEAST03512
OG0007399	HELIO_10834	YEAST02279
OG0007408	HELIO_09431	YEAST03401
OG0007409	HELIO_06116	YEAST05329
OG0007411	HELIO_05076	YEAST04399
OG0007412	HELIO_02238	YEAST04822
OG0007414	HELIO_08640	YEAST01970
OG0007415	HELIO_02421	YEAST01948
OG0007417	HELIO_08832	YEAST04175
OG0007419	HELIO_03480	YEAST02667
OG0007421	HELIO_09011	YEAST00762
OG0007424	HELIO_07951	YEAST05463
OG0007425	HELIO_11448	YEAST06135
OG0007427	HELIO_07421	YEAST00763
OG0007428	HELIO_08646	YEAST01536
OG0007439	HELIO_07267	YEAST01063
OG0007442	HELIO_05360	YEAST03687
OG0007446	HELIO_07395	YEAST04647
OG0007451	HELIO_04606	YEAST02017
OG0007454	HELIO_11972	YEAST01359
OG0007456	HELIO_09549	YEAST00931
OG0007458	HELIO_09868	YEAST02196
OG0007460	HELIO_08692	YEAST04891
OG0007463	HELIO_00691	YEAST00394
OG0007466	HELIO_11051	YEAST00806
OG0007478	HELIO_04114	YEAST02470
OG0007482	HELIO_12170	YEAST05783
OG0007483	HELIO_09027	YEAST01187
OG0007484	HELIO_06327	YEAST00517
OG0007488	HELIO_09301	YEAST04193
OG0007491	HELIO_08829	YEAST05032
OG0007495	HELIO_09614	YEAST04536
OG0007498	HELIO_11706	YEAST00593
OG0007499	HELIO_04404	YEAST03994
OG0007504	HELIO_07294	YEAST02642
OG0007508	HELIO_01803	YEAST05759
OG0007509	HELIO_08680	YEAST03229
OG0007519	HELIO_05000	YEAST04589
OG0007528	HELIO_01539	YEAST02438
OG0007531	HELIO_12240	YEAST05725
OG0007591	HELIO_10985	YEAST02623
OG0007597	HELIO_09185	YEAST05244
OG0007605	HELIO_08599	YEAST04509
OG0007618	HELIO_11433	YEAST02486
OG0007619	HELIO_00818	YEAST04342
OG0007622	HELIO_08743	YEAST01282
OG0007624	HELIO_03334	YEAST03901
OG0007645	HELIO_08180	YEAST05586
OG0007646	HELIO_09428	YEAST05572
OG0007648	HELIO_11122	YEAST03775
OG0007656	HELIO_03326	YEAST02935
OG0007657	HELIO_09924	YEAST01213
OG0007663	HELIO_09052	YEAST01133
OG0007673	HELIO_12156	YEAST04892
OG0007676	HELIO_07836	YEAST01965
OG0007690	HELIO_01667	YEAST00054
OG0007692	HELIO_12083	YEAST05386
OG0007698	HELIO_02873	YEAST04526
OG0007703	HELIO_00511	YEAST03290
OG0007704	HELIO_10965	YEAST01687
OG0007712	HELIO_06849	YEAST02916
OG0007722	HELIO_05263	YEAST06130
OG0007727	HELIO_07106	YEAST01129
OG0007739	HELIO_03035	YEAST04408
OG0007749	HELIO_03431	YEAST02144
OG0007751	HELIO_06655	YEAST03046
OG0007754	HELIO_02629	YEAST03550
OG0007767	HELIO_03760	YEAST03177
OG0007769	HELIO_12480	YEAST02589
OG0007772	HELIO_01680	YEAST05211
OG0007773	HELIO_07954	YEAST05609
OG0007783	HELIO_03457	YEAST03579
OG0007784	HELIO_06523	YEAST01170
OG0007786	HELIO_09437	YEAST01347
OG0007787	HELIO_04230	YEAST03458
OG0007801	HELIO_01655	YEAST02556, YEAST00332
OG0007803	HELIO_00912	YEAST00818
OG0007810	HELIO_09745	YEAST06278
OG0007811	HELIO_00921	YEAST05686
OG0007816	HELIO_07334	YEAST00605
OG0007823	HELIO_08358	YEAST03887
OG0007827	HELIO_06096	YEAST01279
OG0007829	HELIO_01759	YEAST02649
OG0007830	HELIO_08878	YEAST03594
OG0007831	HELIO_12772	YEAST03693
OG0007840	HELIO_04802	YEAST02829
OG0007843	HELIO_04963	YEAST04794
OG0007848	HELIO_04240	YEAST03711
OG0007850	HELIO_05804	YEAST01418
OG0007854	HELIO_05486	YEAST01377
OG0007858	HELIO_05719	YEAST03196
OG0007912	HELIO_01267	YEAST04725
OG0007918	HELIO_04419	YEAST04092
OG0007941	HELIO_04750	YEAST03892
OG0007943	HELIO_05542	YEAST03288
OG0007947	HELIO_01214	YEAST02420
OG0007958	HELIO_03422	YEAST01011
OG0007975	HELIO_02337	YEAST01243
OG0007978	HELIO_02240	YEAST01491
OG0007982	HELIO_09407	YEAST03186
OG0007991	HELIO_02057	YEAST02341
OG0007993	HELIO_01029	YEAST00089
OG0007996	HELIO_00492	YEAST04079
OG0007998	HELIO_07332	YEAST00688
OG0008008	HELIO_05467	YEAST02355
OG0008020	HELIO_00997	YEAST05433
OG0008030	HELIO_08520	YEAST00039
OG0008031	HELIO_10799	YEAST04719
OG0008038	HELIO_02850	YEAST05601
OG0008042	HELIO_03968	YEAST04557, YEAST00839
OG0008053	HELIO_03591	YEAST05804
OG0008055	HELIO_01274	YEAST05224
OG0008056	HELIO_00846	YEAST04542
OG0008072	HELIO_01026	YEAST00552
OG0008074	HELIO_03004	YEAST05664
OG0008079	HELIO_00746	YEAST03108
OG0008085	HELIO_04248	YEAST04107
OG0008091	HELIO_09088	YEAST06200
OG0008100	HELIO_11850	YEAST03959
OG0008103	HELIO_02960	YEAST05352
OG0008104	HELIO_09386	YEAST06240
OG0008105	HELIO_10149	YEAST03324
OG0008110	HELIO_05692	YEAST00121
OG0008111	HELIO_09107	YEAST06004, YEAST05693
OG0008115	HELIO_12049	YEAST05684, YEAST06009
OG0008122	HELIO_07016	YEAST01663
OG0008136	HELIO_04953	YEAST02756
OG0008196	HELIO_04754	YEAST03623
OG0008201	HELIO_08285	YEAST01163
OG0008208	HELIO_04865	YEAST04341
OG0008219	HELIO_07426	YEAST05754
OG0008244	HELIO_05442	YEAST04999
OG0008251	HELIO_02762	YEAST01472
OG0008254	HELIO_03446	YEAST04740
OG0008267	HELIO_02344	YEAST02722
OG0008275	HELIO_01566	YEAST05358
OG0008281	HELIO_07104	YEAST01387
OG0008307	HELIO_06378	YEAST01285
OG0008323	HELIO_04361	YEAST05718
OG0008332	HELIO_04129	YEAST03366
OG0008346	HELIO_08226	YEAST01382
OG0008348	HELIO_02649	YEAST03383
OG0008351	HELIO_01614	YEAST01276
OG0008401	HELIO_06030	YEAST02115
OG0008403	HELIO_10617	YEAST01318
OG0008432	HELIO_11182	YEAST01317
OG0008524	HELIO_02339	YEAST02216
OG0008533	HELIO_03659	YEAST00770
OG0008542	HELIO_02038	YEAST00506
OG0008546	HELIO_01418	YEAST03499
OG0008582	HELIO_11502	YEAST04883
OG0008602	HELIO_12291	YEAST04166
OG0008645	HELIO_02532	YEAST05803
OG0008654	HELIO_05189	YEAST03590
OG0008664	HELIO_07966	YEAST05851
OG0008677	HELIO_07128	YEAST03567
OG0008680	HELIO_07201	YEAST02511
OG0008681	HELIO_01222	YEAST04884
OG0008789	HELIO_09721	YEAST05903
OG0008794	HELIO_06723	YEAST01976, YEAST00168, YEAST00957
OG0008799	HELIO_04045	YEAST03377
OG0008818	HELIO_04950	YEAST00271
OG0008823	HELIO_07320	YEAST03936
OG0008861	HELIO_07867	YEAST04983
OG0008879	HELIO_12641	YEAST05579
OG0008887	HELIO_09152	YEAST00387
OG0008923	HELIO_06923	YEAST01739
OG0008946	HELIO_05136	YEAST00403
OG0009066	HELIO_11209	YEAST04511
OG0009099	HELIO_01302	YEAST05709
OG0009105	HELIO_03709	YEAST02501
OG0009118	HELIO_12118, HELIO_12117	YEAST03618
OG0009165	HELIO_10133	YEAST05085, YEAST01742
OG0009166	HELIO_09927	YEAST03055
OG0009172	HELIO_02171	YEAST02854
OG0009315	HELIO_05387	YEAST04722
OG0009361	HELIO_08406	YEAST02727
OG0009394	HELIO_05975	YEAST04927
OG0009396	HELIO_10852	YEAST03896
OG0009451	HELIO_12517	YEAST05755, YEAST04763
OG0009472	HELIO_01253	YEAST01737
OG0009497	HELIO_02474	YEAST03830
OG0009555	HELIO_09214	YEAST03831
OG0009582	HELIO_12074	YEAST04984
OG0009590	HELIO_01605	YEAST02138
OG0009649	HELIO_09220	YEAST01825
OG0009892	HELIO_02663	YEAST01082
OG0009920	HELIO_01466	YEAST05355
OG0010229	HELIO_10010	YEAST00880, YEAST04666, YEAST04383
OG0010481	HELIO_07807	YEAST01854
OG0010491	HELIO_12675	YEAST04603
OG0010841	HELIO_09720	YEAST05695
OG0010858	HELIO_00513	YEAST04030, YEAST05272
OG0010930	HELIO_00198, HELIO_02080	YEAST02641
OG0010980	HELIO_04970	YEAST00370
OG0011272	HELIO_06780	YEAST04075
OG0011734	HELIO_12475	YEAST04911
OG0011737	HELIO_12297	YEAST00219
OG0012188	HELIO_10490	YEAST02442
OG0012364	HELIO_08512	YEAST01364
OG0012922	HELIO_10215	YEAST02277
OG0013796	HELIO_04469	YEAST05401
OG0015999	HELIO_09632, HELIO_09633	YEAST05348, YEAST04920
OG0017286	HELIO_08999	YEAST01130
OG0030884	HELIO_07689	YEAST01229
